symbol,symbol,sector,industry,price,shares_outstanding,market_cap,eps_ttm,eps_growth_pct,book_value_per_share,dividend_per_share,ebitda,ebit,enterprise_value,revenue,net_income,total_assets,total_assets_prior,total_liabilities,total_equity,total_debt,interest_expense,retained_earnings,current_assets,current_assets_prior,current_liabilities,current_liabilities_prior,long_term_debt,long_term_debt_prior,gross_profit,gross_profit_prior,revenue_prior,shares_outstanding_prior,net_income_prior,cfo,capex,promoter_holding_pct,promoter_holding_pct_prior,promoter_pledge_pct,fii_holding_pct,fii_holding_pct_prior,dii_holding_pct,dii_holding_pct_prior,related_party_transactions_flag,auditor_changed_flag,actual_eps,analyst_eps_estimate,analyst_eps_estimate_30d_ago
360ONE,360ONE,Financial Services,Asset Management,1183.0,406889174.0,481720000000.0,29.94,12.8,242.0,11.9483,28220000000.0,26670000000.0,616508686336.0,43620000000.0,12160000000.0,272010000000.0,197680000000.0,173650000000.0,98360000000.0,159310000000.0,10900000000.0,97950000000.0,,,,,159310000000.0,111600000000.0,34760998912.0,,36840000000.0,,10150000000.0,-29210000000.0,16130000000.0,6.2,6.24,,58.55,63.33,18.7,12.75,,,30.07,40.95851,
3MINDIA,3MINDIA,Industrials,Conglomerates,36165.0,11265070.0,408220000000.0,517.9,200.4,1906.0,159.126,8370000000.0,7840000000.0,400977362944.0,41890000000.0,5830000000.0,32480000000.0,27140000000.0,11010000000.0,21470000000.0,180000000.0,30000000.0,21360000000.0,,,,,180000000.0,270000000.0,21306699776.0,,39590000000.0,,4510000000.0,6430000000.0,2690000000.0,75.0,75.0,,3.5,3.52,8.16,8.34,,,463.56,753.4,
AADHARHFC,AADHARHFC,Financial Services,Mortgage Finance,503.0,437337117.0,220020000000.0,25.15,18.4,173.0,0.0,28020000000.0,27700000000.0,403539263488.0,36830000000.0,10960000000.0,273990000000.0,232240000000.0,198580000000.0,75410000000.0,192725499904.0,13640000000.0,71050000000.0,,,,,,,23333699584.0,,31090000000.0,,9120000000.0,-28080000000.0,0.0,64.66,64.9,,5.8,6.13,9.92,9.15,,,25.75,36.94358,
AARTIIND,AARTIIND,Basic Materials,Specialty Chemicals,538.0,362726695.0,195270000000.0,11.56,258.0,164.0,1.0222,11790000000.0,7050000000.0,236285460480.0,82860000000.0,4190000000.0,132990000000.0,111140000000.0,73440000000.0,59550000000.0,49660000000.0,3400000000.0,57740000000.0,,,,,49660000000.0,38480000000.0,32390000640.0,,72710000000.0,,3310000000.0,7750000000.0,11410000000.0,41.82,42.09,,7.0,7.38,21.11,20.12,,,14.6,20.07827,
AAVAS,AAVAS,Financial Services,Mortgage Finance,1432.0,79290026.0,113500000000.0,62.0,23.3,477.0,0.0,14860000000.0,14530000000.0,250714324992.0,20180000000.0,4910000000.0,165190000000.0,134100000000.0,127460000000.0,37730000000.0,156855713792.0,8280000000.0,36940000000.0,,,,,,,16039942144.0,,16090000000.0,,4300000000.0,-19870000000.0,6480000000.0,48.88,48.88,,16.28,16.74,22.15,22.14,,,86.25,114.9494,
ABB,ABB,Industrials,Specialty Industrial Machinery,7710.0,211908375.0,1635940000000.0,78.73,3.0,441.0,39.321000000000005,23950000000.0,22490000000.0,1562573930496.0,132030000000.0,16680000000.0,157360000000.0,136380000000.0,63970000000.0,93390000000.0,1450000000.0,200000000.0,92970000000.0,,,,,1450000000.0,850000000.0,52175200256.0,,121880000000.0,,18720000000.0,12200000000.0,0.0,75.0,75.0,,7.67,8.19,9.89,9.28,,,74.79,104.88056,
ABBOTINDIA,ABBOTINDIA,Healthcare,Drug Manufacturers - Specialty & Generic,27620.0,21249302.0,586905747456.0,731.64,7.6,2246.751,525.0,18476099584.0,18476099584.0,577351974912.0,69290500096.0,15520199680.0,,,,,1719900032.0,,,,,,,,,32230600704.0,,,,,13192399872.0,,74.99,74.99,,0.38,0.27,8.77,8.93,,,731.64,903.84314,
ABCAPITAL,ABCAPITAL,Financial Services,Financial Conglomerates,408.0,2736160882.0,1129260000000.0,14.75,39.1,131.0,0.0,172000000000.0,168930000000.0,2752194543616.0,455130000000.0,38640000000.0,3349660000000.0,2786430000000.0,3005420000000.0,344240000000.0,1823427919872.0,116220000000.0,318040000000.0,,,,,,,96483401728.0,,406320000000.0,,33820000000.0,-365440000000.0,35440000000.0,68.81,68.51,,7.94,7.01,13.36,13.71,,,15.45,25.36531,
ABDL,ABDL,Consumer Defensive,Beverages - Wineries & Distilleries,628.0,279710151.0,175520000000.0,8.16,-12.9,59.4,5.4008,5650000000.0,4860000000.0,182173384704.0,39230000000.0,2200000000.0,41630000000.0,35340000000.0,25000000000.0,16630000000.0,11510000000.0,1350000000.0,16070000000.0,,,,,11510000000.0,9050000000.0,18142590976.0,,35200000000.0,,1950000000.0,3620000000.0,3310000000.0,80.91,80.91,,3.24,3.23,5.07,4.82,,,7.92,15.52727,
ABFRL,ABFRL,Consumer Cyclical,Apparel Manufacturing,56.7,1216777241.0,69280000000.0,-6.36,,47.8,0.0,9720000000.0,-3670000000.0,131881713664.0,81760000000.0,-8300000000.0,173950000000.0,163940000000.0,115550000000.0,58400000000.0,61890000000.0,5610000000.0,46190000000.0,,,,,61890000000.0,50170000000.0,44913000448.0,,73510000000.0,,-4560000000.0,1610000000.0,2670000000.0,46.61,46.61,,12.87,15.53,5.69,6.62,,,-6.41,-5.70589,
ABLBL,ABLBL,Consumer Cyclical,Apparel Retail,90.0,1214638186.0,109810000000.0,1.4,20.0,11.6,0.5040000000000001,14070000000.0,6120000000.0,139303403520.0,83960000000.0,1710000000.0,87200000000.0,82790000000.0,73070000000.0,14130000000.0,30180000000.0,3920000000.0,1920000000.0,,,,,30180000000.0,29320000000.0,49194901504.0,,78300000000.0,,600000000.0,12190000000.0,1980000000.0,46.6,46.6,,12.7,12.78,20.8,20.24,,,1.45,3.1,
ABREL,ABREL,Real Estate,Real Estate Services,1394.0,110577844.0,155640000000.0,-9.24,,331.0,2.5092,-1220000000.0,-1900000000.0,184755486720.0,4070000000.0,-1150000000.0,202330000000.0,164830000000.0,165320000000.0,37010000000.0,56360000000.0,640000000.0,35890000000.0,,,,,56360000000.0,49970000000.0,2355599872.0,,12190000000.0,,-1570000000.0,7470000000.0,5880000000.0,50.21,50.21,,9.26,9.04,16.63,16.4,,,-29.57,53.249,
ABSLAMC,ABSLAMC,Financial Services,Asset Management,1026.0,289263746.0,296870000000.0,33.76,11.3,140.0,25.4448,13170000000.0,12710000000.0,262471417856.0,20560000000.0,9750000000.0,44150000000.0,41140000000.0,3740000000.0,40410000000.0,640000000.0,50000000.0,38970000000.0,,,,,640000000.0,680000000.0,16195900416.0,,19820000000.0,,9310000000.0,8120000000.0,950000000.0,74.72,74.82,,4.41,5.75,14.26,11.55,,,34.79,43.60359,
ACC,ACC,Basic Materials,Building Materials,1325.0,187787263.0,248720000000.0,113.8,-60.6,1094.0,7.552499999999999,33870000000.0,22690000000.0,249232457728.0,259620000000.0,21370000000.0,275250000000.0,254130000000.0,69740000000.0,205510000000.0,4290000000.0,1120000000.0,203630000000.0,,,,,4290000000.0,4300000000.0,102503702528.0,,217620000000.0,,24020000000.0,-13640000000.0,0.0,56.69,56.69,,5.83,5.93,21.12,21.62,,,101.43,98.20571,
ACE,ACE,Industrials,Farm & Heavy Construction Machinery,1078.0,119027888.0,128430000000.0,34.86,22.3,169.0,2.0482,6140000000.0,5790000000.0,122037837824.0,32800000000.0,4150000000.0,32520000000.0,27100000000.0,12410000000.0,20110000000.0,80000000.0,220000000.0,19870000000.0,,,,,80000000.0,160000000.0,11003199488.0,,33270000000.0,,4090000000.0,4170000000.0,3500000000.0,65.42,65.42,,7.82,9.58,2.59,1.84,,,36.72,47.1,
ACMESOLAR,ACMESOLAR,Utilities,Utilities - Renewable,374.0,706291446.0,265080000000.0,8.23,71.5,83.5,0.187,22680000000.0,18000000000.0,374918971392.0,20230000000.0,4980000000.0,285400000000.0,181400000000.0,234790000000.0,50610000000.0,198960000000.0,11230000000.0,49400000000.0,,,,,198960000000.0,109760000000.0,28146450432.0,,14050000000.0,,2510000000.0,12490000000.0,73170000000.0,71.4,83.29,,4.39,3.6,19.1,7.05,,,9.69,24.89404,
ACUTAAS,ACUTAAS,Basic Materials,Specialty Chemicals,3111.0,81871122.0,254850000000.0,43.51,67.10000000000001,202.0,1.5555,5220000000.0,4860000000.0,256862306304.0,13390000000.0,3560000000.0,19840000000.0,15490000000.0,3300000000.0,16540000000.0,360000000.0,30000000.0,16130000000.0,,,,,360000000.0,130000000.0,8539808768.0,,10070000000.0,,1600000000.0,2920000000.0,2660000000.0,32.66,32.66,,21.61,19.48,19.55,19.6,,,35.0,71.09877,
ADANIENSOL,ADANIENSOL,Utilities,Utilities - Independent Power Producers,1583.0,1222954468.0,1932310000000.0,19.0,124.10000000000001,212.0,0.0,87260000000.0,67480000000.0,2398929813504.0,275880000000.0,23930000000.0,927570000000.0,739020000000.0,673300000000.0,254270000000.0,491760000000.0,36330000000.0,242260000000.0,,,,,491760000000.0,399260000000.0,133078802432.0,,237670000000.0,,9220000000.0,109970000000.0,140830000000.0,73.39,74.71,,10.31,10.14,13.05,11.77,,,24.3,36.15487,
ADANIENT,ADANIENT,Energy,Thermal Coal,2965.0,1352949234.0,4020460000000.0,72.31,,627.0,1.1860000000000002,256790000000.0,195440000000.0,4910218739712.0,1004690000000.0,99510000000.0,2608680000000.0,1978430000000.0,1799420000000.0,809260000000.0,1066220000000.0,60190000000.0,807970000000.0,,,,,1066220000000.0,914730000000.0,482564800512.0,,978950000000.0,,80050000000.0,23570000000.0,276800000000.0,71.97,74.84,,10.51,8.77,10.75,9.34,,,57.62,67.38667,
ADANIGREEN,ADANIGREEN,Utilities,Utilities - Renewable,1319.0,1647176155.0,2169860000000.0,10.03,18.5,121.0,0.0,118570000000.0,84850000000.0,3288392794112.0,129280000000.0,19870000000.0,1429880000000.0,1107640000000.0,1230230000000.0,199650000000.0,1035450000000.0,64840000000.0,183180000000.0,,,,,1035450000000.0,800400000000.0,129009999872.0,,112120000000.0,,20010000000.0,101350000000.0,262270000000.0,62.43,62.44,,11.84,11.1,4.82,4.56,,,10.39,31.39407,
ADANIPORTS,ADANIPORTS,Industrials,Marine Shipping,1658.0,2303959098.0,3819960000000.0,55.58,2.4,416.0,7.461000000000001,250200000000.0,195030000000.0,4427461689344.0,387360000000.0,127820000000.0,1830990000000.0,1334430000000.0,871400000000.0,959590000000.0,635660000000.0,46540000000.0,954980000000.0,,,,,635660000000.0,516210000000.0,260379099136.0,,304750000000.0,,110610000000.0,203560000000.0,131910000000.0,66.03,68.02,,15.58,13.25,13.6,13.86,,,58.61,78.15906,
ADANIPOWER,ADANIPOWER,Utilities,Utilities - Independent Power Producers,206.0,19284694705.0,3990770000000.0,6.66,44.4,33.7,0.0,234320000000.0,188670000000.0,4528730537984.0,542410000000.0,129710000000.0,1414690000000.0,1129180000000.0,765320000000.0,649370000000.0,546700000000.0,33670000000.0,610800000000.0,,,,,546700000000.0,394950000000.0,256659095552.0,,562030000000.0,,127500000000.0,205140000000.0,264610000000.0,74.96,74.96,,11.76,11.73,4.07,3.69,,,7.39,7.94143,
AEGISLOG,AEGISLOG,Energy,Oil & Gas Refining & Marketing,1247.0,351000000.0,437710000000.0,25.59,269.0,173.0,8.729,17780000000.0,15790000000.0,468493271040.0,83330000000.0,11070000000.0,142690000000.0,110800000000.0,82140000000.0,60550000000.0,41500000000.0,1460000000.0,60200000000.0,,,,,41500000000.0,46060000000.0,23753871360.0,,67640000000.0,,7870000000.0,20280000000.0,25330000000.0,58.1,58.1,,19.54,19.56,3.6,3.67,,,35.66,37.47581,
AEGISVOPAK,AEGISVOPAK,Energy,Oil & Gas Equipment & Services,272.0,1107991489.0,300980000000.0,2.8,30.4,38.7,0.1904,7240000000.0,5160000000.0,338656493568.0,9230000000.0,3420000000.0,84210000000.0,67470000000.0,41300000000.0,42910000000.0,37310000000.0,1100000000.0,31830000000.0,,,,,37310000000.0,40180000000.0,9390275584.0,,7890000000.0,,2250000000.0,7020000000.0,30770000000.0,86.94,86.94,,5.35,5.89,5.3,4.89,,,2.76,7.43333,
AFCONS,AFCONS,Industrials,Engineering & Construction,272.0,367784631.0,100020000000.0,6.84,-78.10000000000001,148.0,2.0128,15150000000.0,10610000000.0,,119480000000.0,2510000000.0,191310000000.0,171190000000.0,136810000000.0,54500000000.0,36270000000.0,6740000000.0,50820000000.0,,,,,36270000000.0,23430000000.0,36314300416.0,,125480000000.0,,4870000000.0,-1270000000.0,4000000000.0,50.17,50.17,,12.15,12.19,20.07,20.96,,,3.91,15.36889,
AFFLE,AFFLE,Communication Services,Advertising Agencies,1643.0,140705487.0,231510000000.0,32.31,15.7,259.0,0.0,6880000000.0,5640000000.0,216968298496.0,27090000000.0,4550000000.0,44210000000.0,36120000000.0,7690000000.0,36520000000.0,150000000.0,50000000.0,36240000000.0,,,,,150000000.0,820000000.0,7782709760.0,,22660000000.0,,3820000000.0,5020000000.0,3740000000.0,54.91,54.92,,15.37,16.66,18.77,17.9,,,33.79,49.4889,
AIAENG,AIAENG,Industrials,Specialty Industrial Machinery,4435.0,93320370.0,413850000000.0,136.11,38.0,860.0,15.966,17420000000.0,16290000000.0,378365050880.0,44200000000.0,12690000000.0,85380000000.0,78330000000.0,5120000000.0,80260000000.0,100000000.0,370000000.0,80070000000.0,,,,,100000000.0,4910000000.0,24233998336.0,,42870000000.0,,10600000000.0,5920000000.0,1240000000.0,58.5,58.5,,16.87,16.79,22.1,22.03,,,135.69,150.96455,
AIIL,AIIL,Financial Services,Capital Markets,579.0,849225500.0,491210000000.0,22.74,17.5,173.0,0.1158,23440000000.0,23140000000.0,503942316032.0,26090000000.0,19290000000.0,192110000000.0,160870000000.0,44830000000.0,147280000000.0,36309700608.0,1990000000.0,146430000000.0,,,,,,,25028700160.0,,45800000000.0,,42410000000.0,15240000000.0,39580000000.0,68.81,68.81,,14.28,14.23,0.2,0.19,,,19.14,,
AJANTPHARM,AJANTPHARM,Healthcare,Drug Manufacturers - Specialty & Generic,3615.0,124935624.0,451460000000.0,84.52,30.8,362.0,32.1735,15670000000.0,13940000000.0,438375317504.0,54530000000.0,10560000000.0,60370000000.0,49040000000.0,15100000000.0,45270000000.0,2600000000.0,160000000.0,45020000000.0,,,,,2600000000.0,470000000.0,45404401664.0,,46480000000.0,,9200000000.0,5290000000.0,4290000000.0,63.49,66.25,,7.68,8.26,21.8,18.36,,,90.65,116.58786,
ALKEM,ALKEM,Healthcare,Drug Manufacturers - Specialty & Generic,5450.0,119565000.0,652760000000.0,192.51,-22.7,1156.0,52.865,34140000000.0,30320000000.0,640361627648.0,147120000000.0,23510000000.0,208580000000.0,176910000000.0,70380000000.0,138200000000.0,20470000000.0,1610000000.0,137960000000.0,,,,,20470000000.0,13810000000.0,94342496256.0,,129650000000.0,,22150000000.0,19630000000.0,16820000000.0,49.7,51.2,,10.42,10.15,22.64,21.39,,,192.35,226.20425,
AMBER,AMBER,Consumer Cyclical,"Furnishings, Fixtures & Appliances",7175.0,35267767.0,251750000000.0,50.48,11.0,1242.0,0.0,9430000000.0,6200000000.0,282483261440.0,121860000000.0,2260000000.0,137670000000.0,84260000000.0,93950000000.0,43720000000.0,27020000000.0,2840000000.0,43370000000.0,,,,,27020000000.0,20590000000.0,22386733056.0,,99730000000.0,,2510000000.0,2400000000.0,30740000000.0,38.09,38.17,,20.47,23.96,30.54,27.92,,,50.29,196.58038,
AMBUJACEM,AMBUJACEM,Basic Materials,Building Materials,419.0,2484817186.0,1038800000000.0,19.13,-27.500000000000004,240.0,2.0111999999999997,70930000000.0,35230000000.0,1165196656640.0,406560000000.0,56370000000.0,895740000000.0,811020000000.0,302270000000.0,593470000000.0,8660000000.0,2240000000.0,588530000000.0,,,,,8660000000.0,7880000000.0,226522791936.0,,353360000000.0,,52940000000.0,53620000000.0,79350000000.0,67.33,67.68,,5.63,5.87,19.44,19.86,,,17.85,14.53411,
ANANDRATHI,ANANDRATHI,Financial Services,Asset Management,2199.0,166041268.0,365120000000.0,23.83,71.0,60.1,6.597,5860000000.0,5520000000.0,359888093184.0,12530000000.0,3970000000.0,13290000000.0,9610000000.0,3300000000.0,9990000000.0,830000000.0,160000000.0,9570000000.0,,,,,830000000.0,790000000.0,8100050944.0,,9800000000.0,,3010000000.0,2810000000.0,0.0,41.37,43.11,,6.37,5.78,10.4,9.1,,,27.58,33.655,
ANANTRAJ,ANANTRAJ,Real Estate,Real Estate - Development,627.0,359876930.0,225730000000.0,15.42,22.0,161.0,1.0032,7230000000.0,6740000000.0,219747549184.0,25120000000.0,5590000000.0,68690000000.0,52350000000.0,10800000000.0,57890000000.0,6810000000.0,120000000.0,57170000000.0,,,,,6810000000.0,4820000000.0,7490919936.0,,20600000000.0,,4260000000.0,-4350000000.0,2310000000.0,57.43,57.41,,10.74,10.88,4.6,4.83,,,16.29,29.19333,
ANGELONE,ANGELONE,Financial Services,Capital Markets,292.0,913687448.0,268320000000.0,10.05,100.0,67.2,4.0588,18350000000.0,17100000000.0,341086044160.0,51380000000.0,9150000000.0,239040000000.0,168890000000.0,177860000000.0,61180000000.0,79510000000.0,4380000000.0,60270000000.0,,,,,79510000000.0,34140000000.0,42294571008.0,,52390000000.0,,11720000000.0,-41420000000.0,1110000000.0,28.59,28.8,,13.76,12.81,20.34,18.88,,,11.09,17.80078,
ANTHEM,ANTHEM,Healthcare,Biotechnology,875.0,561713851.0,493010000000.0,10.54,-12.8,54.2,2.0125,9650000000.0,8310000000.0,482597732352.0,21240000000.0,5920000000.0,34290000000.0,28080000000.0,3870000000.0,30420000000.0,540000000.0,70000000.0,29300000000.0,,,,,540000000.0,1130000000.0,12376980480.0,,18450000000.0,,4510000000.0,8440000000.0,7020000000.0,71.42,74.67,,2.57,1.28,13.48,11.55,,,10.1,15.26794,
ANURAS,ANURAS,Basic Materials,Specialty Chemicals,1208.0,113848310.0,137540000000.0,14.94,-7.6,293.0,0.7247999999999999,5430000000.0,4030000000.0,164965810176.0,23650000000.0,2220000000.0,80130000000.0,52690000000.0,46790000000.0,33340000000.0,18670000000.0,1490000000.0,31880000000.0,,,,,18670000000.0,13730000000.0,10421990400.0,,14370000000.0,,1600000000.0,3340000000.0,8200000000.0,59.07,59.07,,7.72,6.91,0.38,0.35,,,15.42,32.7,
APARINDS,APARINDS,Industrials,Electrical Equipment & Parts,17225.0,40183719.0,691590000000.0,243.21,77.4,1343.0,51.675000000000004,19080000000.0,17470000000.0,724840349696.0,229020000000.0,9770000000.0,137110000000.0,112640000000.0,83180000000.0,53930000000.0,9560000000.0,4370000000.0,53530000000.0,,,,,9560000000.0,5850000000.0,52651098112.0,,185810000000.0,,8210000000.0,9680000000.0,5580000000.0,57.76,57.77,,10.76,9.38,23.02,24.15,,,293.4,376.06,
APLAPOLLO,APLAPOLLO,Basic Materials,Steel,2064.0,277658405.0,574750000000.0,43.33,11.0,191.0,5.779200000000001,19130000000.0,16820000000.0,569044566016.0,230790000000.0,12030000000.0,88330000000.0,75960000000.0,35360000000.0,52970000000.0,4980000000.0,1250000000.0,52410000000.0,,,,,4980000000.0,6340000000.0,36704198656.0,,206900000000.0,,7570000000.0,21030000000.0,13940000000.0,28.25,28.25,,35.12,37.52,18.58,16.05,,,44.34,63.55037,
APOLLOHOSP,APOLLOHOSP,Healthcare,Medical Care Facilities,8600.0,143784657.0,1241170000000.0,135.04,35.6,659.0,19.78,39870000000.0,31110000000.0,1307430748160.0,252280000000.0,20030000000.0,221830000000.0,206440000000.0,127030000000.0,94800000000.0,84930000000.0,4500000000.0,94080000000.0,,,,,84930000000.0,78640000000.0,87361003520.0,,217940000000.0,,15050000000.0,28560000000.0,21450000000.0,28.02,28.02,,41.49,42.62,23.72,22.76,,,145.29,214.41563,
APOLLOTYRE,APOLLOTYRE,Consumer Cyclical,Auto Parts,443.0,632581334.0,281380000000.0,21.61,2660.0,263.0,5.980500000000001,32710000000.0,17280000000.0,307294666752.0,284710000000.0,13720000000.0,290340000000.0,272270000000.0,123180000000.0,167160000000.0,36750000000.0,4190000000.0,166520000000.0,,,,,36750000000.0,44100000000.0,126497988608.0,,261230000000.0,,11210000000.0,36670000000.0,13440000000.0,36.93,36.93,,10.09,12.15,29.05,27.56,,,26.98,33.46048,
APTUS,APTUS,Financial Services,Mortgage Finance,254.0,500817736.0,127330000000.0,18.83,19.0,101.0,4.4958,18740000000.0,18610000000.0,199302610944.0,21920000000.0,9430000000.0,130480000000.0,112430000000.0,79880000000.0,50600000000.0,79037685760.0,6500000000.0,49600000000.0,,,,,,,15913679872.0,,17500000000.0,,7510000000.0,-4890000000.0,720000000.0,23.86,23.86,,29.96,30.34,29.9,29.43,,,19.67,26.0803,
ARE&M,ARE&M,Industrials,Electrical Equipment & Parts,949.0,183025364.0,173850000000.0,48.94,15.9,442.0,10.628800000000002,18590000000.0,12520000000.0,177850482688.0,138140000000.0,8960000000.0,114190000000.0,101610000000.0,33200000000.0,80990000000.0,4060000000.0,450000000.0,80810000000.0,,,,,4060000000.0,2610000000.0,46105899008.0,,128460000000.0,,9450000000.0,11180000000.0,9240000000.0,32.86,32.86,,17.34,17.31,15.31,16.95,,,50.41,58.52318,
ASAHIINDIA,ASAHIINDIA,Consumer Cyclical,Auto Parts,901.0,254927192.0,229590000000.0,13.52,153.2,154.0,1.9822000000000002,9480000000.0,6630000000.0,246735028224.0,49900000000.0,3450000000.0,77720000000.0,67900000000.0,38400000000.0,39320000000.0,21980000000.0,2040000000.0,39070000000.0,,,,,21980000000.0,26960000000.0,29696399360.0,,45940000000.0,,3670000000.0,5020000000.0,6650000000.0,51.58,51.58,,4.85,4.85,5.26,5.35,,,17.38,23.2,
ASHOKLEY,ASHOKLEY,Industrials,Farm & Heavy Construction Machinery,176.0,5873854552.0,1039270000000.0,5.91,24.5,24.2,3.5024,109980000000.0,98600000000.0,1550254735360.0,483140000000.0,37210000000.0,1007040000000.0,815460000000.0,864630000000.0,142410000000.0,639360000000.0,47050000000.0,136540000000.0,,,,,639360000000.0,499620000000.0,225061306368.0,,423330000000.0,,33830000000.0,-48950000000.0,69860000000.0,51.51,51.51,,20.67,24.57,15.75,13.06,,,5.9,8.10088,
ASIANPAINT,ASIANPAINT,Basic Materials,Specialty Chemicals,2756.0,958644295.0,2656740000000.0,45.09,39.900000000000006,223.0,27.560000000000002,74270000000.0,61980000000.0,2587908636672.0,355840000000.0,43950000000.0,345190000000.0,303550000000.0,131470000000.0,213720000000.0,39290000000.0,1950000000.0,212760000000.0,,,,,39290000000.0,22900000000.0,161885503488.0,,339060000000.0,,37100000000.0,70880000000.0,13280000000.0,52.63,52.63,,13.32,12.11,20.7,21.74,,,49.59,60.58682,
ASTERDM,ASTERDM,Healthcare,Medical Care Facilities,824.0,871672439.0,717090000000.0,7.49,-81.39999999999999,88.3,2.9663999999999997,9570000000.0,6930000000.0,438547873792.0,46430000000.0,4270000000.0,81120000000.0,66000000000.0,35360000000.0,45760000000.0,22200000000.0,1230000000.0,40580000000.0,,,,,22200000000.0,23920000000.0,28581500928.0,,41380000000.0,,54080000000.0,6560000000.0,2880000000.0,53.72,40.39,,10.32,10.53,16.48,27.65,,,6.13,19.47008,
ASTRAL,ASTRAL,Industrials,Building Products & Equipment,1592.0,268650163.0,429170000000.0,19.97,18.8,151.0,3.98,10870000000.0,7950000000.0,386360836096.0,65690000000.0,5350000000.0,57890000000.0,50480000000.0,17310000000.0,40580000000.0,2500000000.0,640000000.0,40310000000.0,,,,,2500000000.0,2330000000.0,25852999680.0,,58320000000.0,,5190000000.0,11170000000.0,5060000000.0,54.22,54.22,,13.89,14.5,20.93,20.92,,,19.91,33.67491,
ATGL,ATGL,Utilities,Utilities - Regulated Gas,655.0,1099810083.0,719990000000.0,5.96,-14.000000000000002,44.2,0.262,12540000000.0,10110000000.0,749342687232.0,58940000000.0,6560000000.0,95490000000.0,76650000000.0,46840000000.0,48650000000.0,22550000000.0,1290000000.0,47550000000.0,,,,,22550000000.0,18340000000.0,17707900928.0,,50000000000.0,,6540000000.0,11490000000.0,12360000000.0,74.8,74.8,,12.77,12.75,6.34,6.26,,,5.75,,
ATHERENERG,ATHERENERG,Consumer Cyclical,Auto Manufacturers,1526.0,399959479.0,602540000000.0,-13.51,,67.228,0.0,-2620000000.0,-4350000000.0,582319276032.0,36720000000.0,-5170000000.0,,,,,6642200064.0,820000000.0,,,,,,,,8871400448.0,,,,,,,39.58,40.72,,16.77,16.23,29.82,29.28,,,-10.04,2.61267,
ATUL,ATUL,Basic Materials,Specialty Chemicals,6903.0,29441755.0,203360000000.0,230.25,92.0,2113.0,29.6829,12390000000.0,9170000000.0,188221865984.0,62740000000.0,6890000000.0,78700000000.0,69800000000.0,16490000000.0,62210000000.0,1830000000.0,170000000.0,61920000000.0,,,,,1830000000.0,2020000000.0,23283599360.0,,55830000000.0,,4990000000.0,10230000000.0,8910000000.0,45.33,45.22,,7.44,7.5,25.93,25.89,,,270.34,308.86588,
AUBANK,AUBANK,Financial Services,Banks - Regional,1098.0,749004181.0,825850000000.0,13.4,35.099999999999994,267.236,0.9882,16190000000.0,16130000000.0,870699565056.0,14290000000.0,7620000000.0,98120000000.0,79330000000.0,78250000000.0,19870000000.0,138715447296.0,5310000000.0,17030000000.0,,,,,,,10517665792.0,,12060000000.0,,2470000000.0,8840000000.0,18000000000.0,22.74,22.76,,35.98,37.27,32.81,31.3,,,37.76,60.72248,
AUROPHARMA,AUROPHARMA,Healthcare,Drug Manufacturers - Specialty & Generic,1663.0,575377895.0,967290000000.0,60.34,25.8,652.0,3.9911999999999996,72740000000.0,54960000000.0,942993899520.0,336530000000.0,35030000000.0,581960000000.0,494820000000.0,203050000000.0,378910000000.0,80730000000.0,3840000000.0,378330000000.0,,,,,80730000000.0,82630000000.0,205600505856.0,,317240000000.0,,34840000000.0,55260000000.0,26300000000.0,51.88,51.82,,16.38,15.24,25.05,25.82,,,64.01,92.57637,
AWL,AWL,Consumer Defensive,Packaged Foods,192.0,1291817635.0,249600000000.0,8.04,47.3,80.3,0.9984,25230000000.0,20740000000.0,239011463168.0,747310000000.0,10450000000.0,247360000000.0,224120000000.0,142960000000.0,104400000000.0,11090000000.0,7070000000.0,103110000000.0,,,,,11090000000.0,19370000000.0,83354001408.0,,636720000000.0,,12260000000.0,39280000000.0,10960000000.0,56.94,56.94,,21.1,21.86,8.46,8.37,,,8.94,10.6232,
AXISBANK,AXISBANK,Financial Services,Banks - Regional,1222.0,3112782243.0,3815610000000.0,84.89,21.8,712.0,0.9776,1082570000000.0,1063680000000.0,5328896786432.0,1325380000000.0,265480000000.0,19460500000000.0,16569630000000.0,17310140000000.0,2150360000000.0,2852579704832.0,740750000000.0,2144140000000.0,,,,,,,770813591552.0,,1273740000000.0,,281910000000.0,-86370000000.0,450680000000.0,7.87,8.14,,39.91,42.04,42.69,43.35,,,88.81,126.5,
BAJAJ-AUTO,BAJAJ-AUTO,Consumer Cyclical,Auto Manufacturers,11661.0,274803838.0,3202570000000.0,384.41,45.800000000000004,1389.0,150.4269,157660000000.0,151210000000.0,3402627547136.0,629050000000.0,105740000000.0,769140000000.0,541100000000.0,380820000000.0,388320000000.0,227130000000.0,11690000000.0,385520000000.0,,,,,227130000000.0,93640000000.0,247379902464.0,,509950000000.0,,73250000000.0,25970000000.0,70180000000.0,55.01,55.01,,9.01,8.82,13.42,14.35,,,420.03,472.41357,
BAJAJFINSV,BAJAJFINSV,Financial Services,Financial Conglomerates,2025.0,1600244726.0,3262740000000.0,61.24,12.7,487.0,1.4175000000000002,567150000000.0,554240000000.0,7384358453248.0,1505300000000.0,196690000000.0,7584950000000.0,6515190000000.0,6805800000000.0,779150000000.0,4299140000000.0,285410000000.0,777550000000.0,,,,,4299140000000.0,3558550000000.0,806980419584.0,,1329440000000.0,,175580000000.0,-553010000000.0,126350000000.0,58.72,58.72,,6.9,7.23,12.11,11.76,,,63.24,94.27008,
BAJAJHFL,BAJAJHFL,Financial Services,Mortgage Finance,84.37,8328662006.0,702689247232.0,3.23,22.900000000000002,27.043,,,,1740745736192.0,42615701504.0,26923200512.0,,,,,1037715505152.0,,,,,,,,,42314100736.0,,,,,,,86.7,86.7,,0.9,0.99,1.0,1.18,,,3.23,4.35518,
BAJAJHLDNG,BAJAJHLDNG,Financial Services,Asset Management,11500.0,111293510.0,1294020000000.0,865.89,-22.400000000000002,6573.0,144.9,100900000000.0,100580000000.0,1380437327872.0,11210000000.0,97890000000.0,851870000000.0,752660000000.0,120370000000.0,731500000000.0,100000000.0,10000000.0,730390000000.0,,,,,100000000.0,310000000.0,11933200384.0,,7390000000.0,,66260000000.0,47800000000.0,36950000000.0,51.46,51.46,,9.47,9.62,8.26,8.08,,,795.48,,
BAJFINANCE,BAJFINANCE,Financial Services,Credit Services,1091.0,6220913102.0,6867850000000.0,30.56,27.200000000000003,183.0,5.455,557250000000.0,547160000000.0,10448006021120.0,819850000000.0,193320000000.0,5599520000000.0,4661270000000.0,4459530000000.0,1139990000000.0,3683091742720.0,288990000000.0,1133770000000.0,,,,,,,427360288768.0,,688320000000.0,,167790000000.0,-657900000000.0,33890000000.0,54.68,54.71,,20.2,21.33,16.3,15.1,,,32.61,50.3861,
BALKRISIND,BALKRISIND,Consumer Cyclical,Auto Parts,2410.0,193317190.0,465460000000.0,64.3,-15.0,567.0,15.906,25530000000.0,17780000000.0,433821974528.0,108230000000.0,12430000000.0,177660000000.0,156350000000.0,68100000000.0,109560000000.0,41110000000.0,1340000000.0,109170000000.0,,,,,41110000000.0,32670000000.0,53394698240.0,,104470000000.0,,16550000000.0,22490000000.0,25230000000.0,58.3,58.3,,10.33,11.13,24.6,24.25,,,72.66,100.5711,
BALRAMCHIN,BALRAMCHIN,Consumer Defensive,Confectioners,620.0,211467114.0,130840000000.0,18.74,-15.4,205.0,3.4720000000000004,8140000000.0,6370000000.0,,62710000000.0,3780000000.0,84060000000.0,71290000000.0,42680000000.0,41380000000.0,31700000000.0,770000000.0,41180000000.0,,,,,31700000000.0,26270000000.0,16802530304.0,,54150000000.0,,4370000000.0,5990000000.0,9470000000.0,42.86,42.86,,9.33,10.43,29.09,27.67,,,18.2,37.2,
BANDHANBNK,BANDHANBNK,Financial Services,Banks - Regional,175.9,1611111580.0,283394506752.0,8.4,34.599999999999994,158.964,1.5,,,295663763456.0,99382173696.0,13532693504.0,,,,,143028125696.0,,,,,,,,,99382173696.0,,,,,,,37.54,38.98,,18.64,22.07,27.47,22.33,,,8.4,20.58521,
BANKBARODA,BANKBARODA,Financial Services,Banks - Regional,248.0,5171362179.0,1289170000000.0,38.38,-48.6,326.0,8.506400000000001,1087680000000.0,1068050000000.0,2539164794880.0,1342980000000.0,200700000000.0,21014850000000.0,18617660000000.0,19356160000000.0,1658690000000.0,1732858085376.0,818600000000.0,1648330000000.0,,,,,,,662978953216.0,,1279450000000.0,,208650000000.0,334260000000.0,32750000000.0,63.97,63.97,,10.14,9.69,18.33,18.92,,,35.11,42.60026,
BANKINDIA,BANKINDIA,Financial Services,Banks - Regional,145.0,4552667866.0,660000000000.0,22.64,80.30000000000001,200.0,4.6545,646430000000.0,639120000000.0,795783135232.0,756130000000.0,103090000000.0,11795380000000.0,10564250000000.0,10895800000000.0,899580000000.0,1153757478912.0,501390000000.0,854050000000.0,,,,,,,336627073024.0,,713080000000.0,,95520000000.0,47530000000.0,3290000000.0,73.38,73.38,,6.87,7.26,13.96,13.96,,,27.0,25.97,
BATAINDIA,BATAINDIA,Consumer Cyclical,Footwear & Accessories,728.0,128527540.0,93580000000.0,10.44,-95.3,124.0,25.0432,7490000000.0,3290000000.0,98551635968.0,35160000000.0,1340000000.0,37780000000.0,38230000000.0,21830000000.0,15950000000.0,13870000000.0,1470000000.0,15310000000.0,,,,,13870000000.0,14460000000.0,19252500480.0,,34890000000.0,,3310000000.0,5950000000.0,2570000000.0,50.16,50.16,,6.38,6.43,27.22,28.39,,,11.37,21.30571,
BAYERCROP,BAYERCROP,Basic Materials,Agricultural Inputs,4085.0,44942092.0,183790000000.0,14.03,15.4,84.5,149.9195,1190000000.0,960000000.0,171016732672.0,7270000000.0,550000000.0,9140000000.0,8460000000.0,5800000000.0,3340000000.0,1120000000.0,90000000.0,2940000000.0,,,,,1120000000.0,1200000000.0,23367999488.0,,6670000000.0,,380000000.0,380000000.0,160000000.0,71.44,71.44,,3.97,3.89,11.64,11.89,,,162.94,189.78233,
BBTC,BBTC,Consumer Defensive,Packaged Foods,1472.0,69771900.0,102660000000.0,178.1,43.8,1009.0,17.0752,38410000000.0,34890000000.0,121112625152.0,195390000000.0,24990000000.0,145360000000.0,127210000000.0,74940000000.0,70420000000.0,15900000000.0,1380000000.0,70280000000.0,,,,,15900000000.0,15740000000.0,84157800448.0,,182980000000.0,,21990000000.0,24190000000.0,9240000000.0,74.04,74.04,,9.46,9.48,1.04,1.46,,,178.16,373.5,
BDL,BDL,Industrials,Aerospace & Defense,1375.5,366562500.0,504206721024.0,11.52,-58.4,115.783,5.15,2233665024.0,2233665024.0,443732066304.0,24417918976.0,4203376128.0,,,,,3152000.0,,,,,,,,,12192978944.0,,,,,6040016896.0,,74.93,74.93,,1.69,2.02,11.53,10.97,,,11.52,30.81917,
BEL,BEL,Industrials,Aerospace & Defense,410.0,7309778829.0,3013290000000.0,8.29,8.3,32.8,2.501,86190000000.0,80630000000.0,2880708542464.0,276100000000.0,60620000000.0,445270000000.0,408240000000.0,205390000000.0,239880000000.0,650000000.0,100000000.0,232570000000.0,,,,,650000000.0,610000000.0,137393102848.0,,237690000000.0,,53230000000.0,15410000000.0,0.0,51.14,51.14,,18.02,19.51,21.02,20.0,,,8.4,11.28499,
BELRISE,BELRISE,Consumer Cyclical,Auto Parts,254.0,967151919.0,245970000000.0,5.58,-9.4,58.7,0.5588000000000001,12590000000.0,8980000000.0,229241307136.0,95090000000.0,4970000000.0,85500000000.0,72250000000.0,33240000000.0,52260000000.0,15210000000.0,2320000000.0,47810000000.0,,,,,15210000000.0,29640000000.0,18292170752.0,,82910000000.0,,3550000000.0,8760000000.0,4750000000.0,61.14,66.46,,12.09,9.4,13.12,10.0,,,5.83,9.51021,
BEML,BEML,Industrials,Conglomerates,1911.0,83289000.0,159220000000.0,16.97,,352.0,4.7775,3280000000.0,2450000000.0,160524894208.0,43510000000.0,1410000000.0,70110000000.0,60440000000.0,40770000000.0,29340000000.0,3090000000.0,450000000.0,28920000000.0,,,,,3090000000.0,2290000000.0,21252599808.0,,40220000000.0,,2930000000.0,1180000000.0,3540000000.0,54.03,54.03,,5.48,5.59,19.4,18.71,,,21.48,71.0,
BERGEPAINT,BERGEPAINT,Basic Materials,Specialty Chemicals,546.0,1166002812.0,636930000000.0,9.66,28.499999999999996,59.3,3.9858000000000002,19380000000.0,15460000000.0,646417678336.0,118800000000.0,11280000000.0,100350000000.0,91250000000.0,31180000000.0,69170000000.0,6350000000.0,580000000.0,68000000000.0,,,,,6350000000.0,6700000000.0,50143498240.0,,115450000000.0,,11830000000.0,15400000000.0,9740000000.0,74.98,74.98,,4.82,4.68,11.78,11.71,,,10.41,12.96005,
BHARATFORG,BHARATFORG,Consumer Cyclical,Auto Parts,2088.0,478088632.0,1000290000000.0,22.58,,200.0,8.560799999999999,29610000000.0,19900000000.0,1044142620672.0,168120000000.0,10890000000.0,222380000000.0,199680000000.0,126580000000.0,95800000000.0,73090000000.0,3230000000.0,94840000000.0,,,,,73090000000.0,66980000000.0,93434757120.0,,151230000000.0,,9130000000.0,14870000000.0,10380000000.0,44.07,44.07,,15.04,14.15,32.18,32.62,,,14.78,48.1835,
BHARTIARTL,BHARTIARTL,Communication Services,Telecom Services,1939.0,6238008259.0,12123750000000.0,43.81,35.099999999999994,245.0,24.043599999999998,1194390000000.0,667280000000.0,13948360327168.0,2109730000000.0,338230000000.0,5453730000000.0,5050060000000.0,3963160000000.0,1490570000000.0,1954120000000.0,215550000000.0,1460100000000.0,,,,,1954120000000.0,2136420000000.0,1493162000384.0,,1729850000000.0,,374810000000.0,1222300000000.0,562050000000.0,50.07,48.87,,26.48,27.79,20.64,20.53,,,47.85,82.4221,
BHARTIHEXA,BHARTIHEXA,Communication Services,Telecom Services,1565.5,500000000.0,782749990912.0,36.41,23.200000000000003,143.304,18.0,46255251456.0,46255251456.0,797730996224.0,96006995968.0,18240000000.0,,,,,61373001728.0,,,,,,,,,57534001152.0,,,,,,,70.0,70.0,,3.58,3.69,10.64,10.6,,,36.41,63.65293,
BHEL,BHEL,Industrials,Specialty Industrial Machinery,420.0,3482063355.0,1462470000000.0,4.6,,75.1,1.386,34410000000.0,31250000000.0,1432319557632.0,337820000000.0,16000000000.0,768880000000.0,688490000000.0,507420000000.0,261460000000.0,81870000000.0,9860000000.0,254500000000.0,,,,,81870000000.0,90150000000.0,113267998720.0,,283390000000.0,,5340000000.0,58370000000.0,30350000000.0,58.17,58.17,,9.52,7.23,22.35,23.93,,,6.97,13.76,
BIKAJI,BIKAJI,Consumer Defensive,Packaged Foods,617.0,250736400.0,154510000000.0,10.3,0.4,64.1,1.234,4580000000.0,3630000000.0,154423099392.0,29940000000.0,2540000000.0,22310000000.0,19280000000.0,6240000000.0,16070000000.0,2990000000.0,180000000.0,15820000000.0,,,,,2990000000.0,2310000000.0,10707121152.0,,26170000000.0,,1940000000.0,3040000000.0,2890000000.0,73.88,73.88,,4.61,4.68,17.51,17.28,,,10.3,13.96364,
BIOCON,BIOCON,Healthcare,Biotechnology,420.0,1628293737.0,682400000000.0,2.38,234.60000000000002,210.0,0.504,33950000000.0,14380000000.0,833584431104.0,169270000000.0,3690000000.0,634090000000.0,585400000000.0,293780000000.0,340310000000.0,154340000000.0,9900000000.0,332210000000.0,,,,,154340000000.0,183620000000.0,105980002304.0,,152620000000.0,,14290000000.0,19940000000.0,18830000000.0,44.68,44.91,,8.14,7.52,23.33,24.01,,,3.42,11.00527,
BLS,BLS,Industrials,Specialty Business Services,271.0,411522253.0,111400000000.0,16.68,10.8,59.8,2.0054000000000003,9140000000.0,8200000000.0,,29980000000.0,7240000000.0,37700000000.0,28040000000.0,13070000000.0,24630000000.0,4310000000.0,230000000.0,24220000000.0,,,,,4310000000.0,3590000000.0,12423185408.0,,21930000000.0,,5400000000.0,9030000000.0,4460000000.0,70.39,70.39,,4.14,6.14,3.1,2.99,,,17.09,21.5,
BLUEDART,BLUEDART,Industrials,Integrated Freight & Logistics,5101.0,23727934.0,121110000000.0,104.26,189.1,749.0,24.994899999999998,9490000000.0,4130000000.0,,61410000000.0,2470000000.0,41270000000.0,36630000000.0,23500000000.0,17770000000.0,11420000000.0,860000000.0,17530000000.0,,,,,11420000000.0,10070000000.0,15991100416.0,,57200000000.0,,2520000000.0,8100000000.0,3150000000.0,75.0,75.0,,3.35,3.42,14.47,14.54,,,121.21,184.36667,
BLUEJET,BLUEJET,Healthcare,Biotechnology,595.0,173465425.0,112570000000.0,1396.49,-14.299999999999999,78.411,1.19,2100000000.0,1900000000.0,99029180416.0,4990000000.0,1360000000.0,5360000000.0,3750000000.0,1960000000.0,3400000000.0,530000000.0,50000000.0,3300000000.0,,,,,530000000.0,790000000.0,4862289920.0,,5380000000.0,,1450000000.0,1290000000.0,510000000.0,73.15,79.81,,0.63,0.4,9.11,4.65,,,13.56,19.49459,
BLUESTARCO,BLUESTARCO,Industrials,Building Products & Equipment,1514.0,205592636.0,311510000000.0,25.66,-15.1,167.0,8.4784,9540000000.0,7750000000.0,306123735040.0,124020000000.0,5270000000.0,85670000000.0,82490000000.0,51360000000.0,34310000000.0,8100000000.0,720000000.0,33900000000.0,,,,,8100000000.0,3810000000.0,28069900288.0,,119680000000.0,,5910000000.0,1540000000.0,3540000000.0,36.49,36.48,,12.75,13.8,28.24,27.78,,,24.73,38.87012,
BOSCHLTD,BOSCHLTD,Consumer Cyclical,Auto Parts,46750.0,29496100.0,1385800000000.0,940.27,-36.7,5033.0,271.15,40610000000.0,36690000000.0,1316856659968.0,200350000000.0,27730000000.0,216800000000.0,202410000000.0,68340000000.0,148460000000.0,1190000000.0,270000000.0,148160000000.0,,,,,1190000000.0,1180000000.0,69989998592.0,,180870000000.0,,20150000000.0,21750000000.0,5820000000.0,70.54,70.54,,7.1,7.22,15.17,15.05,,,799.46,1067.325,
BPCL,BPCL,Energy,Oil & Gas Refining & Marketing,315.0,4272584874.0,1375310000000.0,59.57,,231.0,17.514,456000000000.0,377440000000.0,1697914028032.0,4552280000000.0,258430000000.0,2486160000000.0,2183820000000.0,1484450000000.0,1001710000000.0,544240000000.0,29530000000.0,958980000000.0,,,,,544240000000.0,611010000000.0,630040887296.0,,4402720000000.0,,133370000000.0,507690000000.0,260670000000.0,52.98,52.98,,16.84,19.57,21.07,18.52,,,40.1,39.91668,
BRIGADE,BRIGADE,Real Estate,Real Estate - Development,590.0,326162379.0,192350000000.0,19.76,-42.3,209.0,2.0060000000000002,16250000000.0,13130000000.0,1976880332800.0,56970000000.0,7250000000.0,262040000000.0,220760000000.0,193830000000.0,68210000000.0,63440000000.0,4090000000.0,65760000000.0,,,,,63440000000.0,54640000000.0,28217600000.0,,50740000000.0,,6800000000.0,-1370000000.0,14360000000.0,41.1,41.11,,15.63,16.75,25.46,24.74,,,19.75,36.42187,
BRITANNIA,BRITANNIA,Consumer Defensive,Packaged Foods,5615.0,240868296.0,1357400000000.0,105.18,13.600000000000001,212.0,90.4015,37390000000.0,34020000000.0,1355332714496.0,191520000000.0,25370000000.0,97300000000.0,88370000000.0,46240000000.0,51060000000.0,13800000000.0,1130000000.0,50820000000.0,,,,,13800000000.0,12470000000.0,80644300800.0,,179430000000.0,,21780000000.0,26120000000.0,7410000000.0,50.55,50.55,,13.4,15.63,20.88,18.82,,,107.83,130.12453,
BSE,BSE,Financial Services,Financial Data & Stock Exchanges,3503.0,406129077.0,1426690000000.0,61.31,62.1,164.0,10.1587,35040000000.0,33450000000.0,1384798486528.0,51240000000.0,24870000000.0,134460000000.0,103420000000.0,67730000000.0,66730000000.0,0.0,340000000.0,65910000000.0,,,,,0.0,0.0,57650098176.0,,32120000000.0,,13220000000.0,31040000000.0,26780000000.0,,,,21.32,19.42,24.15,25.09,,,68.78,92.86294,
BSOFT,BSOFT,Technology,Information Technology Services,314.0,279579589.0,87670000000.0,18.55,50.8,147.0,6.4998,8900000000.0,8100000000.0,64549289984.0,53100000000.0,5180000000.0,52660000000.0,44620000000.0,11530000000.0,41130000000.0,1410000000.0,200000000.0,40570000000.0,,,,,1410000000.0,1510000000.0,21353590784.0,,53750000000.0,,5170000000.0,4810000000.0,1490000000.0,40.38,40.39,,12.78,13.64,21.98,23.35,,,20.43,24.23583,
CAMS,CAMS,Technology,Information Technology Services,773.0,248297551.0,191790000000.0,19.2,17.0,53.3,12.522600000000002,7350000000.0,6360000000.0,184903450624.0,15160000000.0,4720000000.0,18090000000.0,15960000000.0,4880000000.0,13210000000.0,640000000.0,70000000.0,12710000000.0,,,,,640000000.0,890000000.0,10347608064.0,,14220000000.0,,4650000000.0,5840000000.0,2700000000.0,0.0,0.0,,44.88,44.44,23.54,22.06,,,19.9,26.12832,
CANBK,CANBK,Financial Services,Banks - Regional,132.0,9070651260.0,1197330000000.0,19.7,62.2,136.0,4.2108,1147440000000.0,1138190000000.0,1195251990528.0,1263710000000.0,197120000000.0,18873250000000.0,17325270000000.0,17696200000000.0,1177050000000.0,1552876830720.0,891380000000.0,1158910000000.0,,,,,,,460479299584.0,,1216010000000.0,,176920000000.0,79420000000.0,27070000000.0,62.93,62.93,,12.68,14.24,11.91,10.91,,,21.9,23.28203,
CANFINHOME,CANFINHOME,Financial Services,Mortgage Finance,821.85,133154591.0,109433094144.0,84.83,19.6,449.134,16.0,,,490135945216.0,16928704512.0,11296999424.0,,,,,380703506432.0,,,,,,,,,16748090368.0,,,,,,,29.99,29.99,,13.23,13.37,24.53,24.61,,,84.83,94.92071,
CANHLIFE,CANHLIFE,Financial Services,Insurance - Life,150.23,947484925.0,142340653056.0,1.39,21.7,17.416,0.4,,,138642292736.0,124589301760.0,1313299968.0,,,,,2500000000.0,,,,,,,,,15791800320.0,,,,,,,62.0,62.0,,5.42,5.67,29.67,29.79,,,1.39,1.9,
CAPLIPOINT,CAPLIPOINT,Healthcare,Drug Manufacturers - Specialty & Generic,2500.0,76011696.0,189790000000.0,84.36,19.400000000000002,472.0,4.0,8770000000.0,8040000000.0,179094896640.0,21870000000.0,6500000000.0,40450000000.0,32080000000.0,4590000000.0,35860000000.0,50000000.0,10000000.0,35710000000.0,,,,,50000000.0,2220000000.0,13215099904.0,,19370000000.0,,5410000000.0,5230000000.0,5820000000.0,70.57,70.57,,5.76,6.15,2.49,2.14,,,87.28,106.95,
CARBORUNIV,CARBORUNIV,Industrials,Conglomerates,1185.0,190505384.0,225740000000.0,10.22,23.5,205.0,4.029,5480000000.0,3010000000.0,223867731968.0,52060000000.0,1680000000.0,52710000000.0,45800000000.0,13710000000.0,39000000000.0,4130000000.0,190000000.0,38810000000.0,,,,,4130000000.0,2160000000.0,30722770944.0,,48940000000.0,,2990000000.0,3670000000.0,1670000000.0,38.9,38.89,,11.13,10.73,29.05,29.45,,,11.08,30.19333,
CARTRADE,CARTRADE,Consumer Cyclical,Auto & Truck Dealerships,2757.0,48512035.0,133750000000.0,46.58,22.400000000000002,519.0,0.0,3410000000.0,3020000000.0,125464600576.0,7790000000.0,2440000000.0,30090000000.0,27050000000.0,5250000000.0,24840000000.0,1400000000.0,120000000.0,24360000000.0,,,,,1400000000.0,1310000000.0,4920567808.0,,6410000000.0,,1450000000.0,2570000000.0,2310000000.0,,,,54.37,60.15,15.63,12.07,,,46.42,79.35569,
CASTROLIND,CASTROLIND,Energy,Oil & Gas Refining & Marketing,187.42,989122384.0,185381306368.0,10.74,42.1,19.27,12.5,15086499840.0,15086499840.0,178511609856.0,62250000384.0,10623500288.0,,,,,531500000.0,,,,,,,,,30713399296.0,,,,,9854600192.0,,51.0,51.0,,8.17,8.48,13.63,14.2,,,10.74,11.81896,
CCL,CCL,Consumer Defensive,Packaged Foods,1143.0,133335339.0,152760000000.0,29.07,61.0,176.0,5.715,7420000000.0,5900000000.0,163392258048.0,44570000000.0,3880000000.0,43260000000.0,42410000000.0,19810000000.0,23450000000.0,13240000000.0,1290000000.0,23180000000.0,,,,,13240000000.0,18150000000.0,16401038336.0,,31060000000.0,,3100000000.0,8580000000.0,700000000.0,46.14,46.11,,12.07,11.24,21.1,21.43,,,32.48,47.48182,
CDSL,CDSL,Financial Services,Capital Markets,1350.0,209000000.0,282150000000.0,21.82,-19.900000000000002,93.8,12.689999999999998,6750000000.0,6090000000.0,272205987840.0,11450000000.0,4550000000.0,24190000000.0,21620000000.0,4590000000.0,19600000000.0,20000000.0,0.0,17510000000.0,,,,,20000000.0,30000000.0,12353566720.0,,10820000000.0,,5260000000.0,4670000000.0,1850000000.0,15.0,15.0,,8.24,11.36,15.19,14.42,,,22.5,29.74374,
CEATLTD,CEATLTD,Consumer Cyclical,Auto Parts,3696.0,40450092.0,149580000000.0,172.56,-96.2,1247.0,35.112,20320000000.0,13350000000.0,171549409280.0,156780000000.0,6970000000.0,139020000000.0,112120000000.0,88560000000.0,50460000000.0,32720000000.0,3590000000.0,50060000000.0,,,,,32720000000.0,21360000000.0,63416500224.0,,132180000000.0,,4710000000.0,17860000000.0,22710000000.0,47.29,47.29,,13.82,16.55,22.19,20.9,,,145.95,237.63333,
CEMPRO,CEMPRO,Industrials,Engineering & Construction,1237.0,171787584.0,212550000000.0,34.79,2.6,140.0,2.9688,11990000000.0,10330000000.0,219455700992.0,100610000000.0,5980000000.0,70860000000.0,58520000000.0,46870000000.0,23990000000.0,10010000000.0,2150000000.0,23820000000.0,,,,,10010000000.0,9930000000.0,27318599680.0,,92460000000.0,,3730000000.0,5000000000.0,1470000000.0,67.46,67.46,,7.26,7.31,2.86,1.94,,,34.95,57.96667,
CENTRALBK,CENTRALBK,Financial Services,Banks - Regional,31.4,9051401274.0,283850000000.0,5.0,2.8000000000000003,45.2,1.20262,290530000000.0,285230000000.0,202257481728.0,361680000000.0,45310000000.0,5510790000000.0,4804570000000.0,5120780000000.0,390010000000.0,288185712640.0,219260000000.0,299500000000.0,,,,,,,163976839168.0,,337970000000.0,,39430000000.0,28040000000.0,4540000000.0,81.19,89.27,,0.93,0.75,10.95,4.82,,,5.04,,
CESC,CESC,Utilities,Utilities - Regulated Electric,165.0,1325570430.0,218470000000.0,11.63,17.8,94.5,6.006,47070000000.0,34790000000.0,382018322432.0,185700000000.0,16180000000.0,464700000000.0,409810000000.0,339400000000.0,125300000000.0,216710000000.0,13600000000.0,123970000000.0,,,,,216710000000.0,179780000000.0,71099998208.0,,170010000000.0,,14280000000.0,40570000000.0,32350000000.0,52.11,52.11,,11.46,11.61,26.14,26.24,,,11.63,14.35932,
CGCL,CGCL,Financial Services,Credit Services,231.0,962153962.0,222520000000.0,9.86,79.4,74.9,0.2079,30970000000.0,29870000000.0,439269392384.0,47310000000.0,9490000000.0,326760000000.0,208310000000.0,254730000000.0,72030000000.0,241120985088.0,17300000000.0,71070000000.0,,,,,,,30567489536.0,,32480000000.0,,4790000000.0,-87280000000.0,10880000000.0,59.92,59.92,,8.21,5.62,18.42,20.09,,,11.73,19.35,
CGPOWER,CGPOWER,Industrials,Electrical Equipment & Parts,887.0,1575450059.0,1401970000000.0,7.66,13.100000000000001,50.6,1.3305,18490000000.0,16530000000.0,1372154232832.0,124180000000.0,11990000000.0,126440000000.0,74130000000.0,46740000000.0,79700000000.0,1180000000.0,250000000.0,76550000000.0,,,,,1180000000.0,410000000.0,39388200960.0,,99090000000.0,,9730000000.0,7020000000.0,36050000000.0,56.36,56.36,,11.97,12.03,18.23,18.01,,,7.9,13.92649,
CHALET,CHALET,Consumer Cyclical,Lodging,824.0,218994127.0,180420000000.0,29.46,-57.699999999999996,169.0,0.9887999999999999,12290000000.0,9990000000.0,200672673792.0,27700000000.0,6450000000.0,73090000000.0,70770000000.0,36110000000.0,36980000000.0,23680000000.0,1800000000.0,34790000000.0,,,,,23680000000.0,26040000000.0,16509859840.0,,17180000000.0,,1420000000.0,10670000000.0,5750000000.0,67.29,67.29,,4.26,4.71,24.99,24.57,,,24.09,31.56527,
CHAMBLFERT,CHAMBLFERT,Basic Materials,Agricultural Inputs,443.0,400652297.0,177570000000.0,48.76,-4.6,260.0,10.9864,29340000000.0,25850000000.0,177081909248.0,207940000000.0,19530000000.0,144020000000.0,114070000000.0,39940000000.0,104080000000.0,10680000000.0,70000000.0,100070000000.0,,,,,10680000000.0,990000000.0,75493597184.0,,166460000000.0,,16490000000.0,1380000000.0,4810000000.0,61.34,61.25,,14.92,15.1,5.34,5.4,,,48.12,48.83333,
CHENNPETRO,CHENNPETRO,Energy,Oil & Gas Refining & Marketing,1342.0,148911400.0,199820000000.0,208.36,,746.0,62.0004,48920000000.0,42820000000.0,211641008128.0,631480000000.0,31030000000.0,200850000000.0,171090000000.0,89760000000.0,111090000000.0,19640000000.0,1200000000.0,109600000000.0,,,,,19640000000.0,31170000000.0,88772501504.0,,589830000000.0,,2140000000.0,29450000000.0,9300000000.0,67.29,67.29,,14.98,12.59,1.01,2.11,,,280.31,401.0,
CHOICEIN,CHOICEIN,Financial Services,Capital Markets,810.0,222776500.0,180560000000.0,9.77,15.4,75.0,0.0,4250000000.0,4050000000.0,,11190000000.0,2380000000.0,35660000000.0,26150000000.0,18940000000.0,16720000000.0,9080000000.0,890000000.0,14490000000.0,,,,,9080000000.0,6790000000.0,7367107072.0,,9210000000.0,,1630000000.0,-2670000000.0,2770000000.0,53.66,53.66,,10.1,11.41,0.28,0.35,,,11.57,15.03,
CHOLAFIN,CHOLAFIN,Financial Services,Credit Services,1928.0,854013036.0,1658280000000.0,61.41,43.7,357.0,1.928,216410000000.0,213570000000.0,3651429466112.0,311200000000.0,52330000000.0,2454480000000.0,2018870000000.0,2149900000000.0,304580000000.0,2117722046464.0,143840000000.0,302880000000.0,,,,,,,141732806656.0,,258900000000.0,,42630000000.0,-300210000000.0,25540000000.0,49.23,49.25,,24.46,24.87,20.62,19.91,,,67.69,98.18349,
CHOLAHLDNG,CHOLAHLDNG,Financial Services,Credit Services,1585.0,187777462.0,288810000000.0,130.01,12.0,823.0,1.268,220470000000.0,217140000000.0,2491317485568.0,391560000000.0,54850000000.0,2683310000000.0,2246140000000.0,2528770000000.0,154540000000.0,2111249186816.0,143880000000.0,154350000000.0,,,,,,,159219204096.0,,331960000000.0,,47400000000.0,-300330000000.0,25280000000.0,46.44,46.38,,13.0,13.81,26.89,26.09,,,129.95,191.0,
CIEINDIA,CIEINDIA,Consumer Cyclical,Auto Parts,409.0,379362377.0,155050000000.0,21.83,15.9,204.0,6.9939,14720000000.0,11140000000.0,150707470336.0,94060000000.0,8280000000.0,113130000000.0,107360000000.0,35700000000.0,77430000000.0,5130000000.0,270000000.0,73640000000.0,,,,,5130000000.0,4260000000.0,35459600384.0,,89640000000.0,,8280000000.0,12580000000.0,8020000000.0,65.7,65.7,,4.95,4.73,20.65,21.32,,,23.63,28.5,
CIPLA,CIPLA,Healthcare,Drug Manufacturers - Specialty & Generic,1459.0,807853166.0,1179650000000.0,48.02,-39.2,426.0,12.9851,64890000000.0,52780000000.0,1088623935488.0,281630000000.0,38620000000.0,423430000000.0,373340000000.0,79110000000.0,344320000000.0,6140000000.0,540000000.0,342700000000.0,,,,,6140000000.0,4380000000.0,177612505088.0,,275480000000.0,,52690000000.0,39400000000.0,22340000000.0,29.22,29.22,,20.2,22.55,34.35,31.71,,,41.7,63.47209,
CLEAN,CLEAN,Basic Materials,Specialty Chemicals,836.0,106282520.0,88870000000.0,21.61,4.7,149.0,6.0192,3880000000.0,3100000000.0,81832075264.0,9570000000.0,2300000000.0,17830000000.0,16000000000.0,1990000000.0,15840000000.0,20000000.0,0.0,15730000000.0,,,,,20000000.0,20000000.0,6038179840.0,,9670000000.0,,2640000000.0,2750000000.0,2030000000.0,51.29,51.29,,13.37,13.38,16.23,17.14,,,21.89,32.25767,
COALINDIA,COALINDIA,Energy,Thermal Coal,410.0,6162728327.0,2530730000000.0,50.46,1.2,193.0,26.486,532760000000.0,431390000000.0,2122628726784.0,1684000000000.0,310710000000.0,2839560000000.0,2581770000000.0,1648540000000.0,1191020000000.0,140720000000.0,12160000000.0,1129390000000.0,,,,,140720000000.0,91460000000.0,1283853254656.0,,1691770000000.0,,354500000000.0,432150000000.0,339550000000.0,61.13,63.13,,10.37,8.38,22.2,22.76,,,50.55,56.63878,
COCHINSHIP,COCHINSHIP,Industrials,Aerospace & Defense,1507.0,263080780.0,395500000000.0,27.24,-3.8,223.0,7.535,12210000000.0,10910000000.0,388838424576.0,50220000000.0,7170000000.0,145310000000.0,133930000000.0,86580000000.0,58730000000.0,16720000000.0,920000000.0,57410000000.0,,,,,16720000000.0,5600000000.0,17555965952.0,,48200000000.0,,8270000000.0,-12340000000.0,0.0,67.91,67.91,,2.83,3.1,6.96,6.05,,,27.26,44.2,
COFORGE,COFORGE,Technology,Information Technology Services,1829.0,442690811.0,811860000000.0,46.33,30.9,284.0,12.0714,28540000000.0,21720000000.0,754813173760.0,164030000000.0,17450000000.0,148460000000.0,122720000000.0,53090000000.0,95370000000.0,7280000000.0,1690000000.0,94700000000.0,,,,,7280000000.0,10700000000.0,67887001600.0,,120730000000.0,,9360000000.0,17920000000.0,4000000000.0,,,,24.31,30.66,42.62,56.18,,,48.82,71.72036,
COHANCE,COHANCE,Healthcare,Drug Manufacturers - Specialty & Generic,444.0,382597330.0,169880000000.0,4.68,-96.8,102.0,0.0,4310000000.0,2440000000.0,172093063168.0,22690000000.0,1500000000.0,57300000000.0,30310000000.0,18190000000.0,39110000000.0,4000000000.0,370000000.0,38730000000.0,,,,,4000000000.0,2790000000.0,15067299840.0,,11980000000.0,,2650000000.0,3680000000.0,2550000000.0,57.49,57.49,,6.5,5.59,20.09,21.79,,,2.75,9.83691,
COLPAL,COLPAL,Consumer Defensive,Household & Personal Products,1996.0,271985634.0,544430000000.0,15.96,7.000000000000001,12.1,48.1036,5330000000.0,5020000000.0,531544899584.0,19600000000.0,4360000000.0,8850000000.0,7990000000.0,5540000000.0,3310000000.0,50000000.0,20000000.0,3170000000.0,,,,,50000000.0,50000000.0,42767400960.0,,16980000000.0,,2880000000.0,4040000000.0,0.0,51.0,51.0,,13.6,13.6,15.54,15.25,,,49.52,58.86044,
CONCOR,CONCOR,Industrials,Railroads,534.0,761617935.0,406480000000.0,16.3,0.6,170.0,7.5828,23150000000.0,16990000000.0,362796843008.0,90790000000.0,12460000000.0,151760000000.0,144760000000.0,22330000000.0,129430000000.0,9650000000.0,780000000.0,125620000000.0,,,,,9650000000.0,8610000000.0,35860299776.0,,88870000000.0,,12920000000.0,14820000000.0,2360000000.0,54.8,54.8,,7.85,8.32,29.85,29.77,,,16.39,23.33,
CONCORDBIO,CONCORDBIO,Healthcare,Biotechnology,1454.0,104616204.0,152150000000.0,24.94,31.1,193.0,7.5607999999999995,4200000000.0,3460000000.0,146824134656.0,10550000000.0,2590000000.0,22320000000.0,20340000000.0,2150000000.0,20170000000.0,20000000.0,10000000.0,20070000000.0,,,,,20000000.0,30000000.0,7156387840.0,,12000000000.0,,3720000000.0,2670000000.0,1430000000.0,44.08,44.08,,7.53,7.79,9.37,9.22,,,29.04,42.53941,
COROMANDEL,COROMANDEL,Basic Materials,Agricultural Inputs,2089.0,294496639.0,616500000000.0,66.31,-24.5,426.0,11.0717,34940000000.0,29600000000.0,608447037440.0,314800000000.0,18980000000.0,244610000000.0,189170000000.0,119030000000.0,125580000000.0,15060000000.0,3430000000.0,125280000000.0,,,,,15060000000.0,7800000000.0,78207901696.0,,240850000000.0,,20550000000.0,15580000000.0,5590000000.0,56.35,56.35,,11.5,13.02,19.92,18.19,,,62.2,96.63333,
CPPLUS,CPPLUS,Industrials,Building Products & Equipment,3704.0,118300435.0,438160000000.0,31.24,187.0,159.0,1.4816,5790000000.0,5230000000.0,458431135744.0,42210000000.0,3680000000.0,39910000000.0,31750000000.0,21140000000.0,18770000000.0,2560000000.0,300000000.0,18650000000.0,,,,,2560000000.0,5090000000.0,12105679872.0,,31120000000.0,,3510000000.0,130000000.0,1410000000.0,74.71,74.75,,6.35,5.72,13.61,14.75,,,40.55,69.48,
CRAFTSMAN,CRAFTSMAN,Consumer Cyclical,Auto Parts,10380.0,26154433.0,271700000000.0,160.96,113.3,1368.0,11.418000000000001,12870000000.0,8430000000.0,285399121920.0,80690000000.0,3840000000.0,89780000000.0,71160000000.0,57140000000.0,32640000000.0,36230000000.0,3090000000.0,32520000000.0,,,,,36230000000.0,23580000000.0,37302099968.0,,56900000000.0,,2010000000.0,5220000000.0,13020000000.0,42.41,48.7,,17.28,15.19,32.9,28.29,,,194.45,353.83,
CREDITACC,CREDITACC,Financial Services,Credit Services,1542.0,160259533.0,247380000000.0,48.54,715.2,490.0,0.0,30010000000.0,29380000000.0,463645802496.0,60590000000.0,7780000000.0,319300000000.0,278020000000.0,240880000000.0,78420000000.0,237519896576.0,19050000000.0,76820000000.0,,,,,,,29803599872.0,,57520000000.0,,5310000000.0,-27700000000.0,1010000000.0,66.21,66.24,,13.48,12.94,12.67,12.59,,,75.26,129.33449,
CRISIL,CRISIL,Financial Services,Financial Data & Stock Exchanges,4466.0,73130017.0,327680000000.0,104.75,26.200000000000003,447.0,25.009600000000002,11920000000.0,10630000000.0,323780411392.0,36490000000.0,7660000000.0,50240000000.0,45820000000.0,17530000000.0,32710000000.0,3350000000.0,220000000.0,32640000000.0,,,,,3350000000.0,2970000000.0,19393200128.0,,32600000000.0,,6840000000.0,7560000000.0,2670000000.0,66.64,66.64,,6.38,7.18,12.95,12.61,,,120.79,147.47495,
CROMPTON,CROMPTON,Consumer Cyclical,"Furnishings, Fixtures & Appliances",248.0,643914875.0,160010000000.0,-3.76,14.7,46.1,3.0008,1370000000.0,-350000000.0,154787397632.0,80960000000.0,-2310000000.0,60780000000.0,63410000000.0,31110000000.0,29670000000.0,1990000000.0,440000000.0,28380000000.0,,,,,1990000000.0,4790000000.0,26283300864.0,,78640000000.0,,5640000000.0,7230000000.0,1750000000.0,,,,19.89,20.49,66.46,66.11,,,-3.47,11.20702,
CUB,CUB,Financial Services,Banks - Regional,210.52,990787237.0,208580542464.0,14.14,25.2,106.637,2.0,,,230636240896.0,37122211840.0,14028846080.0,,,,,53267980288.0,,,,,,,,,37122211840.0,,,,,,,,,,18.65,23.37,44.84,40.73,,,14.14,19.35358,
CUMMINSIND,CUMMINSIND,Industrials,Specialty Industrial Machinery,5315.0,277200000.0,1476630000000.0,85.2,0.8999999999999999,306.0,65.90599999999999,32970000000.0,30980000000.0,1448472346624.0,121430000000.0,23620000000.0,113040000000.0,101680000000.0,28290000000.0,84750000000.0,370000000.0,120000000.0,84200000000.0,,,,,370000000.0,300000000.0,44897001472.0,,103910000000.0,,20000000000.0,17340000000.0,0.0,51.0,51.0,,21.19,20.77,19.06,19.43,,,85.3,118.04417,
CYIENT,CYIENT,Industrials,Conglomerates,880.0,104090454.0,97810000000.0,38.51,-32.4,511.0,16.016000000000002,9830000000.0,7050000000.0,85629100032.0,72680000000.0,4630000000.0,82500000000.0,76210000000.0,25680000000.0,56820000000.0,4310000000.0,610000000.0,56260000000.0,,,,,4310000000.0,5130000000.0,22780999680.0,,73600000000.0,,6480000000.0,7870000000.0,0.0,24.7,23.28,,14.53,14.52,37.49,38.99,,,34.04,70.70953,
DABUR,DABUR,Consumer Defensive,Household & Personal Products,410.0,1773957026.0,729540000000.0,10.68,15.299999999999999,64.4,8.240999999999998,30340000000.0,25650000000.0,692439875584.0,131930000000.0,18690000000.0,174800000000.0,162300000000.0,60610000000.0,114190000000.0,12870000000.0,1450000000.0,112420000000.0,,,,,12870000000.0,9500000000.0,64699899904.0,,125630000000.0,,17400000000.0,25790000000.0,12790000000.0,66.24,66.25,,9.66,9.98,18.6,18.46,,,11.1,13.1779,
DALBHARAT,DALBHARAT,Basic Materials,Building Materials,1835.0,187565953.0,344650000000.0,60.73,-52.1,959.0,8.9915,32780000000.0,19290000000.0,367893938176.0,148040000000.0,11570000000.0,332590000000.0,301710000000.0,152800000000.0,179790000000.0,74060000000.0,4800000000.0,179410000000.0,,,,,74060000000.0,57020000000.0,92589998080.0,,139800000000.0,,6990000000.0,22780000000.0,30230000000.0,55.84,55.84,,6.81,7.15,19.95,20.25,,,49.9,73.15665,
DATAPATTNS,DATAPATTNS,Industrials,Aerospace & Defense,4529.3,55983969.0,253568172032.0,48.05,-13.4,310.083,10.0,3735824896.0,3735824896.0,247250206720.0,9414700032.0,2679300096.0,,,,,52700000.0,,,,,,,,,5860499968.0,,,,,,,42.41,42.41,,12.5,12.47,11.98,11.68,,,48.05,80.955,
DCMSHRIRAM,DCMSHRIRAM,Industrials,Conglomerates,1010.0,154854814.0,157640000000.0,54.73,511.00000000000006,495.0,11.211,16700000000.0,11680000000.0,179328794624.0,135380000000.0,8560000000.0,141150000000.0,127310000000.0,64030000000.0,77120000000.0,29230000000.0,1760000000.0,76810000000.0,,,,,29230000000.0,25290000000.0,45811998720.0,,120770000000.0,,6040000000.0,12340000000.0,12410000000.0,66.53,66.53,,3.89,3.97,8.45,8.55,,,91.92,42.85,
DEEPAKFERT,DEEPAKFERT,Basic Materials,Chemicals,1456.0,126237825.0,184010000000.0,58.4,101.6,542.0,10.0464,17870000000.0,13630000000.0,240031891456.0,115060000000.0,7390000000.0,162810000000.0,129050000000.0,94370000000.0,68440000000.0,56700000000.0,3530000000.0,67180000000.0,,,,,56700000000.0,41520000000.0,39479799808.0,,102740000000.0,,9450000000.0,2060000000.0,15590000000.0,45.63,45.63,,10.02,10.31,14.69,13.24,,,78.03,111.5,
DEEPAKNTR,DEEPAKNTR,Basic Materials,Chemicals,1702.0,136393041.0,232160000000.0,40.36,207.39999999999998,428.0,7.4888,10310000000.0,8060000000.0,246458499072.0,78870000000.0,5510000000.0,86540000000.0,77080000000.0,28170000000.0,58370000000.0,16380000000.0,490000000.0,58100000000.0,,,,,16380000000.0,12670000000.0,22335899648.0,,82820000000.0,,6970000000.0,5390000000.0,6690000000.0,49.34,49.33,,6.24,6.19,23.76,23.46,,,57.39,62.04191,
DELHIVERY,DELHIVERY,Industrials,Integrated Freight & Logistics,467.0,749166930.0,349160000000.0,2.04,-65.0,129.0,0.0,9790000000.0,2840000000.0,343726292992.0,105080000000.0,1530000000.0,127770000000.0,120630000000.0,30900000000.0,96870000000.0,14630000000.0,1440000000.0,96120000000.0,,,,,14630000000.0,14220000000.0,94641733632.0,,89320000000.0,,1620000000.0,9110000000.0,4790000000.0,,,,41.93,48.23,43.07,36.27,,,1.22,11.01483,
DEVYANI,DEVYANI,Consumer Cyclical,Restaurants,139.0,1232939791.0,170850000000.0,-0.31,300.0,12.5,0.0,8910000000.0,2210000000.0,209686806528.0,56110000000.0,-430000000.0,67500000000.0,53390000000.0,52080000000.0,15420000000.0,38330000000.0,2780000000.0,14190000000.0,,,,,38330000000.0,31880000000.0,29628010496.0,,49510000000.0,,-70000000.0,9270000000.0,4190000000.0,61.37,61.37,,6.81,6.13,18.84,19.33,,,-0.22,1.02151,
DIVISLAB,DIVISLAB,Healthcare,Drug Manufacturers - Specialty & Generic,8500.0,265468580.0,2271010000000.0,96.73,65.7,631.0,29.749999999999996,38750000000.0,34120000000.0,2250769694720.0,105600000000.0,25680000000.0,200190000000.0,169210000000.0,32580000000.0,167610000000.0,70000000.0,240000000.0,167080000000.0,,,,,70000000.0,40000000.0,68769996800.0,,93600000000.0,,21910000000.0,27380000000.0,22190000000.0,51.88,51.88,,20.19,20.29,19.29,19.13,,,97.18,150.33113,
DIXON,DIXON,Technology,Consumer Electronics,14035.0,60801893.0,860620000000.0,236.61,154.6,769.0,8.421,26010000000.0,22080000000.0,780492537856.0,488730000000.0,16440000000.0,191620000000.0,167580000000.0,144850000000.0,46770000000.0,9940000000.0,1370000000.0,46650000000.0,,,,,9940000000.0,6710000000.0,35415900160.0,,388600000000.0,,12330000000.0,17820000000.0,12510000000.0,28.55,28.69,,17.87,18.3,28.38,28.14,,,340.86,281.38788,
DLF,DLF,Real Estate,Real Estate - Development,664.0,2475311706.0,1660040000000.0,17.83,4.2,184.0,7.968,32730000000.0,31310000000.0,1545235988480.0,81940000000.0,44150000000.0,734650000000.0,684720000000.0,279920000000.0,454730000000.0,3060000000.0,1990000000.0,449780000000.0,,,,,3060000000.0,41030000000.0,31430825984.0,,79940000000.0,,43670000000.0,63470000000.0,0.0,74.08,74.08,,12.31,13.54,8.03,6.94,,,17.93,25.56087,
DMART,DMART,Consumer Defensive,Discount Stores,4070.0,652245977.0,2658360000000.0,45.56,11.4,375.0,0.0,52610000000.0,42240000000.0,2674722865152.0,688210000000.0,29700000000.0,295180000000.0,243130000000.0,50540000000.0,244640000000.0,24250000000.0,1420000000.0,238120000000.0,,,,,24250000000.0,8200000000.0,108249899008.0,,593580000000.0,,27070000000.0,34670000000.0,42070000000.0,74.48,74.51,,9.22,9.0,8.67,8.77,,,46.86,68.90903,
DOMS,DOMS,Industrials,Business Equipment & Supplies,2235.0,60688336.0,135720000000.0,37.93,-22.5,201.0,3.1290000000000004,4210000000.0,3330000000.0,137695641600.0,23260000000.0,2400000000.0,17120000000.0,15110000000.0,4920000000.0,12200000000.0,1410000000.0,110000000.0,11590000000.0,,,,,1410000000.0,2120000000.0,10340074496.0,,19130000000.0,,2140000000.0,2540000000.0,1490000000.0,63.38,70.38,,7.5,7.62,25.91,19.14,,,35.65,52.50083,
DRREDDY,DRREDDY,Healthcare,Drug Manufacturers - Specialty & Generic,1206.0,833000073.0,1007500000000.0,50.27,-68.7,454.0,7.9596,78260000000.0,57670000000.0,993412972544.0,337000000000.0,41580000000.0,565770000000.0,480230000000.0,186850000000.0,378920000000.0,77340000000.0,3740000000.0,378080000000.0,,,,,77340000000.0,46770000000.0,166176997376.0,,326440000000.0,,57250000000.0,56740000000.0,64250000000.0,26.63,26.63,,20.67,21.14,31.75,30.72,,,39.72,59.39241,
ECLERX,ECLERX,Technology,Information Technology Services,1869.0,92025272.0,176010000000.0,75.09,18.8,272.0,0.9345,11520000000.0,9770000000.0,160065519616.0,41170000000.0,7060000000.0,36970000000.0,31390000000.0,11360000000.0,25610000000.0,3850000000.0,420000000.0,24690000000.0,,,,,3850000000.0,3580000000.0,15637279744.0,,33660000000.0,,5410000000.0,8730000000.0,1410000000.0,54.53,54.53,,11.01,11.82,23.84,23.95,,,77.3,98.11295,
EICHERMOT,EICHERMOT,Consumer Cyclical,Auto Manufacturers,8100.0,274521706.0,2232220000000.0,201.06,21.3,915.0,81.81,80140000000.0,71740000000.0,2152312209408.0,234080000000.0,55150000000.0,321640000000.0,271740000000.0,70640000000.0,251000000000.0,5140000000.0,720000000.0,250730000000.0,,,,,5140000000.0,4580000000.0,105217499136.0,,188700000000.0,,47340000000.0,48050000000.0,28340000000.0,49.03,49.06,,25.52,26.77,15.97,14.73,,,210.08,271.6405,
EIDPARRY,EIDPARRY,Basic Materials,Agricultural Inputs,780.0,177955692.0,138920000000.0,32.02,,493.0,0.0,33200000000.0,25570000000.0,203566874624.0,385340000000.0,13800000000.0,292120000000.0,243710000000.0,204460000000.0,87660000000.0,35280000000.0,4540000000.0,87480000000.0,,,,,35280000000.0,27040000000.0,86636699648.0,,316090000000.0,,17730000000.0,15420000000.0,1730000000.0,41.28,41.45,,11.21,12.2,16.67,16.75,,,26.03,84.1,
EIHOTEL,EIHOTEL,Consumer Cyclical,Lodging,301.0,625364182.0,187980000000.0,10.05,246.3,84.2,1.5050000000000001,11150000000.0,9720000000.0,180145061888.0,29400000000.0,6570000000.0,65480000000.0,58310000000.0,12860000000.0,52620000000.0,2520000000.0,230000000.0,51370000000.0,,,,,2520000000.0,2650000000.0,20189310976.0,,27430000000.0,,7700000000.0,9930000000.0,10570000000.0,32.85,32.85,,6.65,6.62,13.78,13.88,,,11.37,14.64,
ELECON,ELECON,Industrials,Specialty Industrial Machinery,443.0,224399930.0,99530000000.0,15.2,-59.8,103.0,1.9935000000000003,5830000000.0,4790000000.0,93387448320.0,23660000000.0,3410000000.0,32340000000.0,27290000000.0,9290000000.0,23050000000.0,2730000000.0,250000000.0,22830000000.0,,,,,2730000000.0,1810000000.0,10003699712.0,,22270000000.0,,4150000000.0,3140000000.0,1820000000.0,59.28,59.28,,6.99,7.13,7.18,5.67,,,10.51,23.5,
ELGIEQUIP,ELGIEQUIP,Industrials,Specialty Industrial Machinery,577.0,315241478.0,182700000000.0,13.57,25.3,70.4,2.7118999999999995,6930000000.0,6070000000.0,177903239168.0,39510000000.0,4300000000.0,35380000000.0,30370000000.0,13060000000.0,22320000000.0,5330000000.0,300000000.0,22000000000.0,,,,,5330000000.0,5770000000.0,19840000000.0,,35100000000.0,,3500000000.0,4540000000.0,980000000.0,31.19,31.19,,21.9,22.2,10.12,9.08,,,13.58,18.23333,
EMAMILTD,EMAMILTD,Consumer Defensive,Household & Personal Products,402.0,436500000.0,175780000000.0,17.76,-16.2,67.0,10.0098,10340000000.0,8570000000.0,168218476544.0,37800000000.0,7750000000.0,38310000000.0,35250000000.0,9070000000.0,29240000000.0,1620000000.0,110000000.0,28800000000.0,,,,,1620000000.0,900000000.0,26590867456.0,,38090000000.0,,8030000000.0,8010000000.0,1740000000.0,54.84,54.84,,7.87,8.57,27.0,26.91,,,17.16,20.13,
EMCURE,EMCURE,Healthcare,Drug Manufacturers - Specialty & Generic,2010.0,189680147.0,381810000000.0,48.76,41.9,261.0,3.618,18460000000.0,14310000000.0,395153408000.0,92040000000.0,9410000000.0,96120000000.0,81220000000.0,46620000000.0,49500000000.0,15580000000.0,1440000000.0,47600000000.0,,,,,15580000000.0,10230000000.0,57552478208.0,,78960000000.0,,7070000000.0,9440000000.0,11930000000.0,77.83,77.87,,4.87,3.35,8.46,6.1,,,53.25,77.72374,
EMMVEE,EMMVEE,Technology,Solar,324.0,692345033.0,224080000000.0,15.62,73.7,53.4,0.0,17890000000.0,14930000000.0,219484618752.0,50500000000.0,10820000000.0,57720000000.0,39140000000.0,20780000000.0,36940000000.0,3600000000.0,1550000000.0,35560000000.0,,,,,3600000000.0,20650000000.0,24832794624.0,,23360000000.0,,3690000000.0,2000000000.0,3040000000.0,80.03,80.03,,2.92,2.45,9.8,12.28,,,18.4,28.26864,
ENDURANCE,ENDURANCE,Consumer Cyclical,Auto Parts,2975.0,140662848.0,418760000000.0,67.66,12.7,486.0,11.602500000000001,20680000000.0,13340000000.0,419132506112.0,145960000000.0,9520000000.0,116110000000.0,91260000000.0,47700000000.0,68410000000.0,13270000000.0,570000000.0,67000000000.0,,,,,13270000000.0,9440000000.0,61781798912.0,,115610000000.0,,8360000000.0,18510000000.0,17810000000.0,75.0,75.0,,12.69,13.14,10.06,9.77,,,67.64,100.21155,
ENGINERSIN,ENGINERSIN,Industrials,Engineering & Construction,241.0,562042373.0,135240000000.0,12.3,-30.3,56.0,2.5063999999999997,9380000000.0,8960000000.0,120483209216.0,39280000000.0,6920000000.0,58690000000.0,52650000000.0,27230000000.0,31460000000.0,170000000.0,20000000.0,28650000000.0,,,,,170000000.0,220000000.0,10528404480.0,,30880000000.0,,5800000000.0,3190000000.0,1010000000.0,51.32,51.32,,9.17,9.66,14.22,12.19,,,12.29,15.4,
ENRIN,ENRIN,Utilities,Utilities - Renewable,3561.2,356120505.0,1268216365056.0,41.68,67.80000000000001,135.117,4.0,19981875200.0,19981875200.0,1237743828992.0,94363000832.0,14880000000.0,,,,,2156999936.0,,,,,,,,,38416998400.0,,,,,,,75.0,75.0,,7.72,7.59,6.44,6.62,,,41.68,56.50612,
ERIS,ERIS,Healthcare,Drug Manufacturers - Specialty & Generic,1380.0,138583305.0,191550000000.0,44.72,18.8,282.0,7.175999999999999,11120000000.0,8320000000.0,210069323776.0,31290000000.0,6480000000.0,73660000000.0,67440000000.0,34630000000.0,39030000000.0,23590000000.0,1930000000.0,38890000000.0,,,,,23590000000.0,24780000000.0,23621500928.0,,28940000000.0,,3750000000.0,5380000000.0,3690000000.0,54.14,53.92,,5.76,6.39,20.71,20.35,,,46.9,57.85556,
ESCORTS,ESCORTS,Industrials,Farm & Heavy Construction Machinery,3093.0,110027390.0,346450000000.0,213.99,-72.39999999999999,1106.0,33.0951,31130000000.0,28580000000.0,284016345088.0,115400000000.0,23940000000.0,157920000000.0,130950000000.0,34190000000.0,123730000000.0,1620000000.0,200000000.0,122610000000.0,,,,,1620000000.0,1050000000.0,35292598272.0,,102440000000.0,,12650000000.0,13810000000.0,11270000000.0,68.04,68.04,,6.36,5.71,10.65,11.66,,,125.67,138.96745,
ETERNAL,ETERNAL,Consumer Cyclical,Internet Retail,318.0,9205393097.0,3079110000000.0,0.38,233.3,32.1,0.0,26040000000.0,10070000000.0,2868969996288.0,543640000000.0,3660000000.0,407220000000.0,356230000000.0,97420000000.0,309800000000.0,45920000000.0,3920000000.0,300610000000.0,,,,,45920000000.0,20450000000.0,237199998976.0,,202430000000.0,,5270000000.0,6320000000.0,0.0,,,,29.09,32.61,39.21,35.88,,,0.47,3.82768,
EXIDEIND,EXIDEIND,Consumer Cyclical,Auto Parts,486.0,850000000.0,412680000000.0,10.05,28.299999999999997,164.0,1.9925999999999997,19670000000.0,13780000000.0,422249988096.0,179950000000.0,8600000000.0,212180000000.0,213900000000.0,73130000000.0,139050000000.0,15750000000.0,1290000000.0,138200000000.0,,,,,15750000000.0,20170000000.0,59141300224.0,,172380000000.0,,8000000000.0,24130000000.0,15510000000.0,45.99,45.99,,10.62,10.3,19.3,19.12,,,10.94,18.51564,
FACT,FACT,Basic Materials,Agricultural Inputs,819.0,647071974.0,529310000000.0,0.64,-95.39999999999999,21.2,0.1638,3370000000.0,3000000000.0,553453813760.0,40510000000.0,410000000.0,66770000000.0,60360000000.0,53020000000.0,13750000000.0,38370000000.0,2460000000.0,7280000000.0,,,,,38370000000.0,18050000000.0,11072324608.0,,50510000000.0,,1280000000.0,1400000000.0,2820000000.0,90.0,90.0,,0.16,0.21,0.07,0.06,,,-0.57,,
FEDERALBNK,FEDERALBNK,Financial Services,Banks - Regional,352.0,2469345780.0,875680000000.0,17.63,32.7,162.0,1.1968,239410000000.0,236350000000.0,954272776192.0,296740000000.0,44910000000.0,4020810000000.0,3601520000000.0,3620380000000.0,400430000000.0,331932499968.0,177720000000.0,395500000000.0,,,,,,,152438603776.0,,281060000000.0,,42340000000.0,43490000000.0,111180000000.0,,,,27.71,26.05,49.27,50.39,,,18.7,26.99,
FINCABLES,FINCABLES,Industrials,Electrical Equipment & Parts,1249.0,152939345.0,191240000000.0,46.67,53.2,398.0,7.993600000000001,9900000000.0,9310000000.0,,63210000000.0,7140000000.0,69900000000.0,62870000000.0,9040000000.0,60860000000.0,190000000.0,20000000.0,60550000000.0,,,,,190000000.0,200000000.0,12942300160.0,,53190000000.0,,7010000000.0,490000000.0,0.0,35.86,35.86,,9.65,9.62,16.71,16.44,,,52.35,67.6,
FIRSTCRY,FIRSTCRY,Consumer Cyclical,Internet Retail,214.0,485359263.0,111810000000.0,-2.69,,92.5,0.0,3970000000.0,-100000000.0,110378098688.0,85480000000.0,-2040000000.0,90280000000.0,86700000000.0,42010000000.0,48270000000.0,15940000000.0,1560000000.0,47300000000.0,,,,,15940000000.0,15700000000.0,23018889216.0,,76600000000.0,,-2650000000.0,3650000000.0,1080000000.0,,,,3.61,3.52,22.71,23.67,,,-2.9,4.3439,
FIVESTAR,FIVESTAR,Financial Services,Credit Services,545.0,295187968.0,160940000000.0,65.55,1.7999999999999998,250.026,2.0165,2980000000.0,2940000000.0,224144703488.0,4090000000.0,1570000000.0,23500000000.0,11520000000.0,9850000000.0,13650000000.0,82605637632.0,760000000.0,13410000000.0,,,,,,,23004792832.0,,2010000000.0,,530000000.0,-9510000000.0,0.0,18.61,18.61,,43.97,48.48,22.35,17.58,,,37.98,49.41444,
FLUOROCHEM,FLUOROCHEM,Basic Materials,Specialty Chemicals,4715.0,109850000.0,517480000000.0,51.07,-43.0,716.0,2.8289999999999997,13120000000.0,9450000000.0,532943536128.0,49960000000.0,5560000000.0,118830000000.0,106020000000.0,40170000000.0,78660000000.0,22900000000.0,1380000000.0,78550000000.0,,,,,22900000000.0,20800000000.0,25649999872.0,,47370000000.0,,5460000000.0,9610000000.0,11680000000.0,61.39,61.39,,4.41,4.28,13.33,13.48,,,55.7,106.8674,
FORCEMOT,FORCEMOT,Consumer Cyclical,Auto Manufacturers,18525.0,13176262.0,245480000000.0,919.55,22.8,3183.0,40.755,18050000000.0,15190000000.0,245596176384.0,90570000000.0,12120000000.0,65380000000.0,51340000000.0,23440000000.0,41940000000.0,0.0,30000000.0,41810000000.0,,,,,0.0,170000000.0,28605900800.0,,80720000000.0,,8010000000.0,12970000000.0,9000000000.0,61.63,61.63,,9.51,10.93,1.46,1.75,,,949.96,,
FORTIS,FORTIS,Healthcare,Medical Care Facilities,906.0,754958148.0,694920000000.0,13.8,2.3,131.0,0.9966,21290000000.0,16800000000.0,711331020800.0,91280000000.0,10640000000.0,158330000000.0,133770000000.0,59370000000.0,98960000000.0,34730000000.0,3140000000.0,91410000000.0,,,,,34730000000.0,24750000000.0,56454152192.0,,77830000000.0,,8090000000.0,16010000000.0,15370000000.0,31.17,31.17,,25.2,25.98,32.23,31.35,,,13.86,22.75011,
FSL,FSL,Technology,Information Technology Services,272.0,690535266.0,192490000000.0,9.54,-1.7000000000000002,62.0,5.4944,15140000000.0,10800000000.0,215858200576.0,95560000000.0,6740000000.0,91310000000.0,77580000000.0,47460000000.0,43850000000.0,29220000000.0,2300000000.0,36880000000.0,,,,,29220000000.0,25690000000.0,41333841920.0,,79800000000.0,,5940000000.0,12140000000.0,4430000000.0,53.66,53.66,,8.38,8.85,25.41,25.49,,,9.53,15.80376,
GABRIEL,GABRIEL,Consumer Cyclical,Auto Parts,1448.0,177230023.0,256750000000.0,17.56,40.6,95.3,5.068,4500000000.0,3500000000.0,259935862784.0,46670000000.0,2520000000.0,24280000000.0,20220000000.0,10600000000.0,13680000000.0,1480000000.0,140000000.0,13540000000.0,,,,,1480000000.0,690000000.0,12500719616.0,,40630000000.0,,2450000000.0,3450000000.0,2480000000.0,63.55,55.02,,6.35,6.58,12.92,16.28,,,17.72,40.08571,
GAIL,GAIL,Utilities,Utilities - Regulated Gas,176.0,6575079643.0,1185200000000.0,11.53,97.2,135.0,5.5088,145240000000.0,106890000000.0,1398765780992.0,1415980000000.0,75820000000.0,1405690000000.0,1331760000000.0,515200000000.0,890490000000.0,248310000000.0,9640000000.0,824740000000.0,,,,,248310000000.0,215950000000.0,276568113152.0,,1419020000000.0,,124630000000.0,112490000000.0,88560000000.0,51.79,51.88,,15.0,13.04,19.09,20.5,,,15.04,18.29196,
GALLANTT,GALLANTT,Basic Materials,Steel,573.0,241280945.0,138210000000.0,20.07,,137.0,1.2606000000000002,7760000000.0,6460000000.0,,44190000000.0,4840000000.0,42700000000.0,35480000000.0,9540000000.0,33160000000.0,5480000000.0,420000000.0,30750000000.0,,,,,5480000000.0,3780000000.0,11814368256.0,,42930000000.0,,4010000000.0,6020000000.0,6270000000.0,70.03,70.0,,0.02,0.09,0.08,0.08,,,20.08,,
GESHIP,GESHIP,Industrials,Marine Shipping,1299.0,142767161.0,185520000000.0,206.11,159.4,1188.0,35.07300000000001,40510000000.0,31620000000.0,110832320512.0,54090000000.0,29430000000.0,194600000000.0,176560000000.0,24970000000.0,169630000000.0,10870000000.0,1360000000.0,168200000000.0,,,,,10870000000.0,21630000000.0,41423298560.0,,53230000000.0,,23440000000.0,28540000000.0,8600000000.0,30.08,30.08,,31.03,28.44,12.81,15.25,,,261.89,191.45,
GICRE,GICRE,Financial Services,Insurance - Reinsurance,348.0,1754400000.0,611480000000.0,55.08,1.4000000000000001,422.0,13.2588,114840000000.0,114470000000.0,339226263552.0,529860000000.0,96620000000.0,2057330000000.0,1947680000000.0,1352520000000.0,704810000000.0,0.0,0.0,696040000000.0,,,,,0.0,0.0,115054403584.0,,496170000000.0,,74320000000.0,4660000000.0,20750000000.0,77.4,82.4,,2.43,2.05,17.73,13.55,,,55.09,64.71882,
GILLETTE,GILLETTE,Consumer Defensive,Household & Personal Products,7595.5,32585217.0,247501012992.0,163.93,9.4,290.453,180.0,9613150208.0,9613150208.0,244629438464.0,31758299136.0,6680699904.0,,,,,200000.0,,,,,,,,,19641499648.0,,,,,,,75.0,75.0,,4.33,4.36,8.76,9.25,,,163.93,,
GLAND,GLAND,Healthcare,Drug Manufacturers - Specialty & Generic,2968.0,164966661.0,488970000000.0,62.35,96.39999999999999,629.0,19.8856,19220000000.0,14980000000.0,408699633664.0,64310000000.0,10270000000.0,124490000000.0,111730000000.0,20920000000.0,103570000000.0,2840000000.0,330000000.0,103410000000.0,,,,,2840000000.0,3140000000.0,37972361216.0,,56160000000.0,,6990000000.0,10310000000.0,0.0,51.77,51.83,,8.74,7.29,30.44,33.36,,,68.52,96.55759,
GLAXO,GLAXO,Healthcare,Drug Manufacturers - General,2668.0,169406034.0,452020000000.0,61.15,15.7,134.0,57.095200000000006,14750000000.0,14090000000.0,416642400256.0,38220000000.0,10360000000.0,43240000000.0,41080000000.0,20570000000.0,22670000000.0,330000000.0,30000000.0,20980000000.0,,,,,330000000.0,100000000.0,25390905344.0,,37490000000.0,,9280000000.0,9030000000.0,0.0,75.0,75.0,,4.79,4.62,7.81,7.68,,,63.15,78.875,
GLENMARK,GLENMARK,Healthcare,Drug Manufacturers - Specialty & Generic,2320.0,282224672.0,659900000000.0,48.26,930.7,372.0,5.104,27670000000.0,21940000000.0,640514326528.0,169830000000.0,13620000000.0,199080000000.0,159910000000.0,93960000000.0,105120000000.0,5940000000.0,2090000000.0,104840000000.0,,,,,5940000000.0,24730000000.0,127588679680.0,,133220000000.0,,10470000000.0,34450000000.0,12830000000.0,46.65,46.65,,20.89,20.35,18.6,19.28,,,63.66,97.66697,
GMDCLTD,GMDCLTD,Energy,Thermal Coal,593.0,318000000.0,188670000000.0,30.08,-0.2,222.0,10.081000000000001,13900000000.0,12750000000.0,186392002560.0,26530000000.0,9570000000.0,89830000000.0,77520000000.0,19100000000.0,70730000000.0,3170000000.0,70000000.0,70090000000.0,,,,,3170000000.0,1260000000.0,25102800896.0,,28510000000.0,,6860000000.0,7440000000.0,6130000000.0,74.0,74.0,,3.66,3.76,0.81,0.94,,,30.1,34.3,
GMRAIRPORT,GMRAIRPORT,Industrials,Airports & Air Services,103.0,10558975952.0,1091230000000.0,0.17,,-2.35,0.0,62820000000.0,44450000000.0,1479319879680.0,148070000000.0,4720000000.0,547640000000.0,485590000000.0,572440000000.0,-24800000000.0,432830000000.0,38590000000.0,-35360000000.0,,,,,432830000000.0,382180000000.0,85675098112.0,,104140000000.0,,-8170000000.0,48840000000.0,35770000000.0,67.16,66.33,,21.74,20.17,5.14,4.93,,,0.4,1.45817,
GODFRYPHLP,GODFRYPHLP,Consumer Defensive,Tobacco,2160.0,155981760.0,337570000000.0,97.84,-44.3,398.0,49.896,20740000000.0,19530000000.0,339390791680.0,63910000000.0,15260000000.0,83100000000.0,69690000000.0,20980000000.0,62120000000.0,2340000000.0,120000000.0,61810000000.0,,,,,2340000000.0,1790000000.0,26644899840.0,,56110000000.0,,10720000000.0,5180000000.0,0.0,72.58,72.58,,7.8,7.91,3.66,3.28,,,87.74,112.1,
GODIGIT,GODIGIT,Financial Services,Insurance - Property & Casualty,260.05,924499031.0,240415948800.0,5.31,-37.6,50.686,,6885550080.0,6885550080.0,243517652992.0,101988696064.0,4924100096.0,,,,,3500000000.0,,,,,,,,,15180199936.0,,,,,,,73.0,73.01,,8.23,8.01,15.01,14.62,,,5.31,8.99222,
GODREJCP,GODREJCP,Consumer Defensive,Household & Personal Products,937.0,1023304953.0,958100000000.0,18.19,11.5,124.0,19.958099999999998,32020000000.0,29340000000.0,947030786048.0,151780000000.0,18610000000.0,209420000000.0,192980000000.0,82940000000.0,126480000000.0,44210000000.0,3440000000.0,125460000000.0,,,,,44210000000.0,40090000000.0,78713602048.0,,139970000000.0,,18520000000.0,24880000000.0,0.0,53.06,53.06,,12.33,13.94,19.58,18.0,,,18.66,27.31807,
GODREJIND,GODREJIND,Industrials,Conglomerates,1256.0,336851055.0,422760000000.0,36.83,142.6,332.0,0.0,63640000000.0,58630000000.0,939463933952.0,222370000000.0,24120000000.0,1259010000000.0,877280000000.0,1147240000000.0,111770000000.0,515640000000.0,24700000000.0,111430000000.0,,,,,515640000000.0,380880000000.0,95672696832.0,,196570000000.0,,18580000000.0,-88550000000.0,0.0,74.64,74.63,,4.56,4.47,3.47,3.47,,,36.81,,
GODREJPROP,GODREJPROP,Real Estate,Real Estate - Development,2028.0,301226497.0,613260000000.0,61.43,-41.699999999999996,636.0,9.937199999999999,28040000000.0,26880000000.0,683691016192.0,51310000000.0,18410000000.0,815900000000.0,554500000000.0,624340000000.0,191560000000.0,158940000000.0,1370000000.0,190050000000.0,,,,,158940000000.0,126410000000.0,22298300416.0,,49230000000.0,,13890000000.0,-20030000000.0,0.0,51.66,51.66,,25.32,26.17,9.03,8.19,,,53.2,111.57225,
GPIL,GPIL,Basic Materials,Steel,243.0,650597430.0,163660000000.0,11.93,-0.6,86.5,0.9962999999999999,13340000000.0,11560000000.0,,53810000000.0,8020000000.0,72960000000.0,61570000000.0,14870000000.0,58090000000.0,4430000000.0,580000000.0,57470000000.0,,,,,4430000000.0,3090000000.0,27712299008.0,,53700000000.0,,8130000000.0,11570000000.0,13360000000.0,63.18,63.34,,6.0,5.94,3.1,2.63,,,12.55,22.5,
GRANULES,GRANULES,Healthcare,Drug Manufacturers - Specialty & Generic,858.0,247796921.0,212420000000.0,24.01,53.400000000000006,205.0,1.716,11950000000.0,8990000000.0,220071231488.0,53660000000.0,5950000000.0,76830000000.0,62210000000.0,25980000000.0,50850000000.0,15120000000.0,1140000000.0,50600000000.0,,,,,15120000000.0,14550000000.0,34922541056.0,,44820000000.0,,5020000000.0,7930000000.0,7580000000.0,38.01,38.02,,17.5,15.31,16.11,17.01,,,26.98,39.71429,
GRAPHITE,GRAPHITE,Industrials,Electrical Equipment & Parts,735.0,195375594.0,143670000000.0,8.97,28.4,300.0,6.9825,3640000000.0,2690000000.0,116415823872.0,28520000000.0,1710000000.0,75770000000.0,72270000000.0,17180000000.0,58590000000.0,3680000000.0,250000000.0,58200000000.0,,,,,3680000000.0,1730000000.0,15680499712.0,,25600000000.0,,4580000000.0,830000000.0,1230000000.0,65.34,65.34,,6.04,6.7,10.23,10.49,,,10.89,51.21,
GRASIM,GRASIM,Basic Materials,Building Materials,3257.0,678196497.0,2219050000000.0,72.98,60.8,1520.0,10.0967,373430000000.0,296170000000.0,4971701993472.0,1754310000000.0,103000000000.0,5691340000000.0,5000400000000.0,4656640000000.0,1034700000000.0,2278530000000.0,151440000000.0,1033340000000.0,,,,,2278530000000.0,1863260000000.0,978939412480.0,,1484780000000.0,,77560000000.0,-178100000000.0,177980000000.0,43.73,43.73,,14.63,14.91,16.13,16.28,,,83.69,150.64958,
GRAVITA,GRAVITA,Industrials,Metal Fabrication,1820.0,72832753.0,134380000000.0,51.32,14.000000000000002,332.0,6.369999999999999,5120000000.0,4730000000.0,133784911872.0,42650000000.0,3780000000.0,34170000000.0,25150000000.0,9650000000.0,24520000000.0,7360000000.0,250000000.0,24370000000.0,,,,,7360000000.0,2860000000.0,9020999680.0,,38690000000.0,,3130000000.0,1690000000.0,3640000000.0,55.88,55.88,,12.86,13.94,5.52,5.15,,,53.73,76.39582,
GROWW,GROWW,Financial Services,Capital Markets,198.0,6191576922.0,1242300000000.0,3.32,85.7,15.4,0.0,29150000000.0,28670000000.0,1138094243840.0,46450000000.0,20830000000.0,185110000000.0,100760000000.0,88590000000.0,96520000000.0,2920000000.0,460000000.0,84040000000.0,,,,,2920000000.0,6100000000.0,53792428032.0,,40610000000.0,,18240000000.0,-210000000.0,13510000000.0,27.14,27.38,,6.89,2.51,10.08,5.92,,,3.95,6.38121,
GRSE,GRSE,Industrials,Aerospace & Defense,2632.3,114552000.0,301535232000.0,69.82,43.9,229.266,26.75,8333623296.0,8333623296.0,261588336640.0,75069046784.0,8005967872.0,,,,,373977984.0,,,,,,,,,13884986368.0,,,,,,,74.5,74.5,,3.21,3.51,1.93,1.69,,,69.82,89.58333,
GVT&D,GVT&D,Industrials,Specialty Industrial Machinery,4305.0,256046535.0,1108890000000.0,7.81,24.7,41.9,9.9015,4910000000.0,3970000000.0,1112970887168.0,40200000000.0,1870000000.0,44680000000.0,,34650000000.0,10030000000.0,8960000000.0,1150000000.0,9550000000.0,,,,,8960000000.0,,29243609088.0,,,,,1080000000.0,1130000000.0,51.0,51.0,,22.89,20.39,18.46,21.39,,,51.12,77.76006,
HAL,HAL,Industrials,Aerospace & Defense,4945.0,668775000.0,3330430000000.0,136.3,5.5,614.0,44.999500000000005,135310000000.0,121760000000.0,2879266226176.0,330890000000.0,91160000000.0,1343950000000.0,1086980000000.0,933540000000.0,410410000000.0,660000000.0,240000000.0,407070000000.0,,,,,660000000.0,510000000.0,171582701568.0,,309810000000.0,,83640000000.0,109060000000.0,83370000000.0,71.64,71.64,,9.34,10.21,11.9,10.43,,,139.36,171.47682,
HAVELLS,HAVELLS,Industrials,Electrical Equipment & Parts,1270.0,627561652.0,799850000000.0,26.95,-16.6,151.0,10.033000000000001,27210000000.0,22890000000.0,775981957120.0,225280000000.0,16890000000.0,147460000000.0,138090000000.0,52900000000.0,94560000000.0,2650000000.0,790000000.0,93930000000.0,,,,,2650000000.0,3190000000.0,75556601856.0,,217780000000.0,,14700000000.0,15720000000.0,8950000000.0,59.35,59.38,,15.91,16.93,18.04,17.5,,,26.06,32.71452,
HBLENGINE,HBLENGINE,Industrials,Electrical Equipment & Parts,693.0,277194946.0,192260000000.0,29.4,-23.5,79.9,2.9799,11410000000.0,10900000000.0,184695832576.0,33030000000.0,8140000000.0,29420000000.0,19800000000.0,7270000000.0,22150000000.0,670000000.0,150000000.0,21870000000.0,,,,,670000000.0,740000000.0,19083900928.0,,19670000000.0,,2760000000.0,7380000000.0,2140000000.0,59.11,59.11,,5.62,5.94,0.97,0.79,,,28.14,,
HCLTECH,HCLTECH,Technology,Information Technology Services,1370.0,2705766714.0,3733030000000.0,61.33,8.4,277.0,53.977999999999994,273260000000.0,229710000000.0,3692516605952.0,1301440000000.0,166520000000.0,1151120000000.0,1044800000000.0,399470000000.0,751650000000.0,52150000000.0,8690000000.0,746220000000.0,,,,,52150000000.0,62760000000.0,5022000128.0,,1170550000000.0,,173990000000.0,199750000000.0,6560000000.0,60.88,60.86,,14.9,15.51,18.75,18.95,,,64.31,80.10137,
HDBFS,HDBFS,Financial Services,Credit Services,685.0,828454614.0,568910000000.0,27.34,32.6,248.866,3.973,95550000000.0,93610000000.0,1546819207168.0,163000000000.0,21760000000.0,1086630000000.0,925570000000.0,928430000000.0,158200000000.0,1000786690048.0,64330000000.0,150240000000.0,,,,,,,92510199808.0,,141730000000.0,,24610000000.0,-136260000000.0,0.0,74.12,74.12,,3.55,3.01,12.1,12.29,,,33.47,47.07294,
HDFCAMC,HDFCAMC,Financial Services,Asset Management,2500.0,428786782.0,1067890000000.0,66.71,11.799999999999999,215.0,54.0,37950000000.0,37220000000.0,981277671424.0,46160000000.0,28580000000.0,99910000000.0,87510000000.0,7620000000.0,92290000000.0,0.0,130000000.0,90150000000.0,,,,,0.0,0.0,42497200128.0,,40510000000.0,,24600000000.0,25280000000.0,6430000000.0,52.34,52.37,,24.1,24.45,14.76,14.42,,,68.48,87.94,
HDFCBANK,HDFCBANK,Financial Services,Banks - Regional,725.0,15409271350.0,11171810000000.0,49.39,18.099999999999998,390.0,12.9775,2918270000000.0,2876320000000.0,14735357509632.0,3486150000000.0,792190000000.0,49077010000000.0,43921100000000.0,43216420000000.0,5860590000000.0,5658713784320.0,1854910000000.0,5845200000000.0,,,,,,,2949644288000.0,,3363670000000.0,,734400000000.0,1135060000000.0,0.0,,,,41.82,44.05,41.75,40.14,,,45.78,62.6,
HDFCLIFE,HDFCLIFE,Financial Services,Insurance - Life,538.0,2171935147.0,1171080000000.0,8.86,11.899999999999999,90.0,2.0982000000000003,22180000000.0,20570000000.0,1182995578880.0,994320000000.0,19120000000.0,3905020000000.0,3494120000000.0,3727520000000.0,177500000000.0,30990000000.0,0.0,155920000000.0,,,,,30990000000.0,29500000000.0,106282303488.0,,969220000000.0,,18110000000.0,226250000000.0,238490000000.0,50.54,50.21,,19.27,22.52,20.19,17.25,,,9.13,11.9757,
HEG,HEG,Industrials,Electrical Equipment & Parts,687.0,192977530.0,132650000000.0,17.69,16.8,247.0,3.3663,6580000000.0,4450000000.0,131729612800.0,25680000000.0,3410000000.0,61660000000.0,56480000000.0,14080000000.0,47580000000.0,7960000000.0,370000000.0,47190000000.0,,,,,7960000000.0,5880000000.0,15740342272.0,,21510000000.0,,1150000000.0,2130000000.0,3200000000.0,56.27,56.27,,8.47,10.23,9.27,8.63,,,18.68,30.13333,
HEROMOTOCO,HEROMOTOCO,Consumer Cyclical,Auto Manufacturers,5850.0,200141207.0,1184290000000.0,286.96,-17.2,1080.0,184.86,83690000000.0,75140000000.0,1050896891904.0,474110000000.0,57760000000.0,334530000000.0,283900000000.0,118420000000.0,216110000000.0,7790000000.0,780000000.0,215710000000.0,,,,,7790000000.0,7000000000.0,160828293120.0,,409230000000.0,,43760000000.0,83150000000.0,44780000000.0,34.73,34.73,,31.09,31.15,24.26,24.69,,,272.35,325.62115,
HEXT,HEXT,Technology,Information Technology Services,575.0,609791999.0,348660000000.0,22.41,-12.5,110.0,11.5,21940000000.0,18330000000.0,335992225792.0,134300000000.0,13680000000.0,115760000000.0,109020000000.0,48640000000.0,67120000000.0,6830000000.0,1060000000.0,66510000000.0,,,,,6830000000.0,6810000000.0,58649001984.0,,119740000000.0,,11740000000.0,17390000000.0,9140000000.0,74.3,74.3,,3.19,4.2,16.06,15.04,,,21.83,27.91555,
HFCL,HFCL,Technology,Communication Equipment,227.0,1530263663.0,348030000000.0,2.04,,32.0,0.0908,8270000000.0,6700000000.0,354306818048.0,49490000000.0,3290000000.0,88680000000.0,75460000000.0,39770000000.0,48910000000.0,17440000000.0,2420000000.0,47380000000.0,,,,,17440000000.0,15220000000.0,22548600832.0,,40650000000.0,,1730000000.0,-3780000000.0,3240000000.0,28.29,28.29,,15.74,7.08,10.92,8.57,,,3.83,5.2,
HINDALCO,HINDALCO,Basic Materials,Aluminum,1046.0,2219837078.0,2358820000000.0,59.59,75.1,608.0,5.0207999999999995,308060000000.0,219760000000.0,3157814411264.0,2749440000000.0,133910000000.0,3446810000000.0,2643000000000.0,2080980000000.0,1365830000000.0,991650000000.0,34800000000.0,1363610000000.0,,,,,991650000000.0,656420000000.0,925429989376.0,,2384960000000.0,,160020000000.0,102500000000.0,257830000000.0,34.67,34.65,,31.41,29.96,19.82,21.35,,,73.66,110.99094,
HINDCOPPER,HINDCOPPER,Basic Materials,Copper,544.0,967024020.0,526450000000.0,9.5,161.9,34.6,0.9792,14380000000.0,12380000000.0,,30780000000.0,9190000000.0,44160000000.0,37080000000.0,10730000000.0,33430000000.0,1110000000.0,50000000.0,28590000000.0,,,,,1110000000.0,1670000000.0,31928600576.0,,20710000000.0,,4650000000.0,14740000000.0,4340000000.0,66.14,66.14,,5.96,6.34,4.84,5.39,,,11.78,20.2,
HINDPETRO,HINDPETRO,Energy,Oil & Gas Refining & Marketing,393.0,2127822517.0,835270000000.0,84.81,,308.0,24.2481,343810000000.0,270340000000.0,1356710674432.0,4417710000000.0,180470000000.0,2030640000000.0,1947700000000.0,1375080000000.0,655560000000.0,559640000000.0,33960000000.0,634280000000.0,,,,,559640000000.0,705580000000.0,303812804608.0,,4341060000000.0,,67360000000.0,361110000000.0,114040000000.0,54.9,54.9,,13.58,17.26,22.85,19.58,,,7.84,55.98982,
HINDUNILVR,HINDUNILVR,Consumer Defensive,Household & Personal Products,2092.0,2349591262.0,4927770000000.0,64.01,8.4,207.0,41.0032,199620000000.0,186290000000.0,4794746929152.0,644680000000.0,150590000000.0,797380000000.0,798630000000.0,309990000000.0,487390000000.0,14780000000.0,4100000000.0,485040000000.0,,,,,14780000000.0,16480000000.0,332699992064.0,,613280000000.0,,106710000000.0,109990000000.0,36760000000.0,61.9,61.9,,9.5,10.1,16.92,16.33,,,44.97,53.23261,
HINDZINC,HINDZINC,Basic Materials,Other Industrial Metals & Mining,578.0,4225319000.0,2442880000000.0,32.74,144.6,53.6,10.982,231790000000.0,193890000000.0,2421941600256.0,408440000000.0,138320000000.0,423700000000.0,344900000000.0,197410000000.0,226290000000.0,87280000000.0,8810000000.0,217840000000.0,,,,,87280000000.0,109670000000.0,339809992704.0,,340830000000.0,,103530000000.0,170080000000.0,89060000000.0,60.71,60.71,,2.2,2.39,4.96,4.84,,,40.4,43.91071,
HOMEFIRST,HOMEFIRST,Financial Services,Mortgage Finance,1175.3,104533764.0,122858536960.0,55.28,32.300000000000004,417.581,5.2,,,219195293696.0,11303950336.0,5813429760.0,,,,,106274947072.0,,,,,,,,,11297349632.0,,,,,,,6.98,6.98,,43.9,45.72,29.83,27.52,,,55.28,78.73875,
HONASA,HONASA,Consumer Defensive,Household & Personal Products,479.0,326024216.0,156150000000.0,6.15,175.5,43.4,0.0,3140000000.0,2700000000.0,148529250304.0,23920000000.0,2000000000.0,20920000000.0,18080000000.0,6810000000.0,14110000000.0,1350000000.0,130000000.0,10860000000.0,,,,,1350000000.0,1360000000.0,16775180288.0,,20670000000.0,,730000000.0,1410000000.0,170000000.0,35.47,35.54,,13.64,13.74,21.58,19.24,,,6.12,9.61909,
HONAUT,HONAUT,Industrials,Electrical Equipment & Parts,37190.0,8841523.0,329033285632.0,624.49,20.9,5047.434,110.0,6160999936.0,6160999936.0,295673102336.0,47032000512.0,5511000064.0,,,,,1104999936.0,,,,,,,,,18319998976.0,,,,,,,75.0,75.0,,3.94,3.74,11.31,11.28,,,624.49,830.1,
HSCL,HSCL,Basic Materials,Specialty Chemicals,778.0,504574175.0,392710000000.0,14.89,24.7,93.3,0.778,11330000000.0,10650000000.0,389398953984.0,46610000000.0,7550000000.0,63060000000.0,46560000000.0,16000000000.0,47060000000.0,7700000000.0,640000000.0,46560000000.0,,,,,7700000000.0,3130000000.0,18316886016.0,,46130000000.0,,5550000000.0,3820000000.0,9630000000.0,52.49,52.49,,6.8,5.98,3.33,3.22,,,15.93,20.6,
HUDCO,HUDCO,Financial Services,Credit Services,194.0,2001900000.0,389160000000.0,20.15,34.9,110.0,6.0528,121650000000.0,121520000000.0,1781273722880.0,131500000000.0,40340000000.0,1668380000000.0,1284960000000.0,1448620000000.0,219760000000.0,1419120214016.0,89310000000.0,199740000000.0,,,,,,,46907998208.0,,103450000000.0,,27090000000.0,-339120000000.0,8840000000.0,75.0,75.0,,2.4,2.22,10.09,11.03,,,21.26,24.0,
HYUNDAI,HYUNDAI,Consumer Cyclical,Auto Manufacturers,2237.0,812541100.0,1834110000000.0,66.85,-35.099999999999994,246.0,21.027799999999996,95470000000.0,73490000000.0,1724941860864.0,707630000000.0,54320000000.0,344040000000.0,300970000000.0,143890000000.0,200150000000.0,10980000000.0,1060000000.0,192020000000.0,,,,,10980000000.0,8500000000.0,199460306944.0,,691930000000.0,,56400000000.0,73210000000.0,18640000000.0,82.5,82.5,,3.28,5.43,11.65,9.71,,,60.93,91.4,
ICICIAMC,ICICIAMC,Financial Services,Asset Management,3147.0,494258520.0,1554420000000.0,1501.61,23.1,84.392,27.378899999999998,36370000000.0,35520000000.0,1481437741056.0,49770000000.0,26510000000.0,,,,,1696000000.0,190000000.0,,,,,,,,51605000192.0,,37580000000.0,,20500000000.0,,,87.59,87.59,,2.96,2.4,6.8,7.18,,,70.41,93.44637,
ICICIBANK,ICICIBANK,Financial Services,Banks - Regional,1407.0,7173276961.0,10121560000000.0,75.71,13.8,527.0,11.9595,1691470000000.0,1660860000000.0,11970438758400.0,1952180000000.0,579360000000.0,29144980000000.0,26422410000000.0,25514380000000.0,3630600000000.0,2263177232384.0,890290000000.0,3616280000000.0,,,,,,,2037316714496.0,,1863310000000.0,,545690000000.0,673250000000.0,117080000000.0,,,,33.79,34.48,42.32,39.94,,,77.31,94.0,
ICICIGI,ICICIGI,Financial Services,Insurance - Diversified,1628.0,499527285.0,813230456832.0,48.4,-46.2,341.461,14.0,32358799360.0,32358799360.0,808057896960.0,277058486272.0,24280299520.0,,,,,0.0,,,,,,,,,59684900864.0,,,,,,,51.22,51.28,,21.45,22.29,20.64,19.41,,,48.4,70.31305,
ICICIPRULI,ICICIPRULI,Financial Services,Insurance - Life,507.0,1449752494.0,737600000000.0,11.09,61.4,94.0,1.6731,17040000000.0,15590000000.0,724532723712.0,633570000000.0,16080000000.0,3197350000000.0,3142390000000.0,3061040000000.0,136310000000.0,25950000000.0,0.0,121820000000.0,,,,,25950000000.0,26000000000.0,65796599808.0,,707780000000.0,,11860000000.0,-53550000000.0,0.0,72.73,72.8,,10.22,10.89,11.81,11.05,,,11.65,14.19552,
IDBI,IDBI,Financial Services,Banks - Regional,82.9,10752402175.0,890190000000.0,8.57,,63.8,2.09737,253280000000.0,247110000000.0,950217867264.0,290200000000.0,92370000000.0,4673860000000.0,4130080000000.0,3988220000000.0,685640000000.0,367488598016.0,154740000000.0,578120000000.0,,,,,,,191770230784.0,,289170000000.0,,76560000000.0,167620000000.0,0.0,94.72,94.72,,0.45,0.56,0.1,0.08,,,8.67,4.9,
IDEA,IDEA,Communication Services,Telecom Services,13.5,108343035001.0,1463710000000.0,3.19,,-3.3,0.0,781510000000.0,560430000000.0,3350760521728.0,448730000000.0,345520000000.0,1916300000000.0,1978550000000.0,2273880000000.0,-357580000000.0,1925280000000.0,214950000000.0,-1441010000000.0,,,,,1925280000000.0,2332290000000.0,205500006400.0,,435720000000.0,,-273840000000.0,194110000000.0,61040000000.0,25.64,25.64,,6.17,5.56,6.05,6.19,,,3.49,-1.50866,
IDFCFIRSTB,IDFCFIRSTB,Financial Services,Banks - Regional,86.6,8621219589.0,749490000000.0,1.87,-23.200000000000003,56.2,0.25114,220010000000.0,211400000000.0,,405490000000.0,16110000000.0,3997750000000.0,3439090000000.0,3523710000000.0,474040000000.0,,193330000000.0,388020000000.0,,,,,,,30275438592.0,,365020000000.0,,14900000000.0,68170000000.0,141210000000.0,0.0,0.0,,36.1,36.52,24.35,22.73,,,2.59,6.66519,
IEX,IEX,Financial Services,Capital Markets,126.0,889300290.0,111510000000.0,5.53,11.799999999999999,15.3,3.5154,6710000000.0,6480000000.0,93724065792.0,6160000000.0,4930000000.0,24360000000.0,21960000000.0,10720000000.0,13640000000.0,110000000.0,20000000.0,12750000000.0,,,,,110000000.0,60000000.0,7655816192.0,,5370000000.0,,4290000000.0,4330000000.0,2310000000.0,,,,12.63,14.16,31.47,30.26,,,5.71,6.54067,
IFCI,IFCI,Financial Services,Credit Services,76.7,2694314331.0,206520000000.0,0.67,,33.2,0.0,10260000000.0,9400000000.0,,20690000000.0,4350000000.0,265700000000.0,257240000000.0,176260000000.0,89440000000.0,,4160000000.0,62500000000.0,,,,,,,-6454400000.0,,18790000000.0,,3490000000.0,2800000000.0,0.0,72.57,72.57,,3.5,2.65,1.66,1.64,,,0.66,3.52,
IGIL,IGIL,Basic Materials,Other Precious Metals & Mining,345.0,432159696.0,148960000000.0,16.46,32.0,34.4,2.484,10380000000.0,9820000000.0,143775023104.0,15980000000.0,7110000000.0,18530000000.0,15040000000.0,3650000000.0,14880000000.0,1430000000.0,130000000.0,14020000000.0,,,,,1430000000.0,1450000000.0,10494699520.0,,10530000000.0,,4270000000.0,6240000000.0,3200000000.0,76.55,76.55,,9.49,8.6,5.51,6.38,,,11.84,17.70988,
IGL,IGL,Utilities,Utilities - Regulated Gas,152.0,1400001600.0,212600000000.0,11.07,-25.2,82.2,3.2528000000000006,25180000000.0,20000000000.0,174451933184.0,161680000000.0,15440000000.0,170280000000.0,155900000000.0,55240000000.0,115040000000.0,980000000.0,150000000.0,112240000000.0,,,,,980000000.0,930000000.0,37816700928.0,,149280000000.0,,17130000000.0,19360000000.0,12110000000.0,45.0,45.0,,10.16,17.08,30.02,23.25,,,11.07,14.10553,
IIFL,IIFL,Financial Services,Credit Services,636.0,425289575.0,270800000000.0,39.05,189.5,327.0,4.0068,83560000000.0,81450000000.0,898766077952.0,133660000000.0,18170000000.0,889870000000.0,676440000000.0,750670000000.0,139200000000.0,698830225408.0,57360000000.0,138350000000.0,,,,,,,86697197568.0,,102330000000.0,,5780000000.0,-139760000000.0,26060000000.0,24.84,24.84,,23.86,28.16,7.5,7.09,,,49.06,77.25,
IKS,IKS,Healthcare,Health Information Services,1782.0,167757449.0,305800000000.0,42.03,27.900000000000002,131.0,0.0,10990000000.0,9750000000.0,300695027712.0,31940000000.0,7220000000.0,36060000000.0,29190000000.0,13650000000.0,22410000000.0,7660000000.0,700000000.0,22240000000.0,,,,,7660000000.0,8560000000.0,16597610496.0,,26640000000.0,,4860000000.0,6740000000.0,2100000000.0,63.72,63.72,,8.01,8.19,7.5,6.4,,,45.71,68.175,
INDGN,INDGN,Healthcare,Health Information Services,570.0,240807964.0,137340000000.0,16.65,-0.2,130.0,2.2230000000000003,6700000000.0,5440000000.0,122974625792.0,35100000000.0,4010000000.0,46200000000.0,33260000000.0,14810000000.0,31390000000.0,1440000000.0,190000000.0,30910000000.0,,,,,1440000000.0,1020000000.0,37349998592.0,,28390000000.0,,4070000000.0,6510000000.0,5080000000.0,,,,9.92,10.27,8.74,8.29,,,16.62,27.1789,
INDHOTEL,INDHOTEL,Consumer Cyclical,Lodging,722.0,1423432227.0,1031640000000.0,14.64,20.7,91.7,3.2490000000000006,37520000000.0,31470000000.0,1034466885632.0,96890000000.0,22470000000.0,202210000000.0,176160000000.0,71690000000.0,130520000000.0,28370000000.0,2210000000.0,129100000000.0,,,,,28370000000.0,30840000000.0,64787501056.0,,83350000000.0,,20380000000.0,24710000000.0,13460000000.0,38.12,38.12,,21.71,23.23,24.47,22.58,,,15.06,18.68588,
INDIACEM,INDIACEM,Basic Materials,Building Materials,382.0,309896036.0,118300000000.0,-2.17,,327.0,0.0,3330000000.0,340000000.0,131891216384.0,44850000000.0,-670000000.0,134030000000.0,138770000000.0,32790000000.0,101240000000.0,13050000000.0,990000000.0,98140000000.0,,,,,13050000000.0,11650000000.0,16116441088.0,,41410000000.0,,-1440000000.0,-270000000.0,1030000000.0,75.0,75.0,,3.4,3.49,12.6,12.9,,,3.01,16.8,
INDIAMART,INDIAMART,Communication Services,Internet Content & Information,1804.0,601426988.0,108490000000.0,79.0,11.899999999999999,399.0,29.9464,6790000000.0,6510000000.0,73644048384.0,15690000000.0,4750000000.0,46250000000.0,41300000000.0,22250000000.0,24000000000.0,230000000.0,30000000.0,23400000000.0,,,,,230000000.0,330000000.0,8963050496.0,,13880000000.0,,5510000000.0,6940000000.0,3470000000.0,49.07,49.12,,19.92,19.17,12.11,13.54,,,81.73,104.03597,
INDIANB,INDIANB,Financial Services,Banks - Regional,897.0,1346963981.0,1217050000000.0,86.89,47.5,623.0,18.2091,576230000000.0,570140000000.0,1091355148288.0,675040000000.0,117070000000.0,9915530000000.0,8770390000000.0,9115100000000.0,800430000000.0,482530000896.0,405390000000.0,786960000000.0,,,,,,,351093489664.0,,620390000000.0,,112640000000.0,188150000000.0,4280000000.0,73.84,73.84,,6.16,5.82,17.03,17.75,,,94.9,109.72143,
INDIGO,INDIGO,Industrials,Airlines,5370.0,386666597.0,2113250000000.0,-61.87,-77.60000000000001,180.0,10.203,147920000000.0,39840000000.0,1868310380544.0,849620000000.0,-23940000000.0,1360020000000.0,1158440000000.0,1290310000000.0,69710000000.0,777490000000.0,59440000000.0,65840000000.0,,,,,777490000000.0,668100000000.0,292371988480.0,,808030000000.0,,72580000000.0,234700000000.0,19430000000.0,41.57,41.57,,20.32,21.64,31.85,31.14,,,-124.26,227.82655,
INDUSINDBK,INDUSINDBK,Financial Services,Banks - Regional,1025.0,779140552.0,803600000000.0,11.41,71.7,844.0,1.5375,300420000000.0,294780000000.0,731354562560.0,462510000000.0,8890000000.0,5433940000000.0,5541070000000.0,4776540000000.0,657400000000.0,427891884032.0,282680000000.0,649610000000.0,,,,,,,172924993536.0,,486680000000.0,,25760000000.0,9930000000.0,5240000000.0,15.82,15.82,,29.17,28.57,41.86,40.13,,,16.99,78.57502,
INDUSTOWER,INDUSTOWER,Communication Services,Telecom Services,383.0,2637202542.0,1014650000000.0,27.08,0.6,150.0,13.9795,186320000000.0,114910000000.0,1151869517824.0,324930000000.0,71450000000.0,713150000000.0,631680000000.0,316690000000.0,396460000000.0,211270000000.0,18930000000.0,370080000000.0,,,,,211270000000.0,211560000000.0,183862001664.0,,301230000000.0,,99320000000.0,156840000000.0,101980000000.0,51.26,51.26,,23.2,25.1,21.42,19.68,,,27.11,30.56553,
INFY,INFY,Technology,Information Technology Services,1175.0,4050123578.0,4769430000000.0,72.59,5.3,225.0,48.0575,453130000000.0,404110000000.0,4760642519040.0,1786500000000.0,294740000000.0,1542880000000.0,1477950000000.0,614360000000.0,928520000000.0,91760000000.0,4160000000.0,908280000000.0,,,,,91760000000.0,82270000000.0,6024000000.0,,1629900000000.0,,267500000000.0,339860000000.0,0.0,13.82,14.38,,27.09,28.45,42.78,43.19,,,77.27,79.93895,
INOXWIND,INOXWIND,Industrials,Specialty Industrial Machinery,74.1,1728237822.0,128060000000.0,2.34,-38.3,36.9,0.0,10630000000.0,8590000000.0,,43970000000.0,4490000000.0,120680000000.0,87920000000.0,56860000000.0,63820000000.0,15870000000.0,2000000000.0,46540000000.0,,,,,15870000000.0,15000000000.0,16598800384.0,,35570000000.0,,4380000000.0,-5980000000.0,8500000000.0,44.18,44.18,,14.53,14.6,10.02,10.96,,,2.42,4.8,
INTELLECT,INTELLECT,Technology,Software - Application,701.0,139324312.0,98340000000.0,24.73,8.1,227.0,3.9956999999999994,6790000000.0,4700000000.0,90929414144.0,30380000000.0,3430000000.0,45390000000.0,38430000000.0,13690000000.0,31700000000.0,1590000000.0,100000000.0,31000000000.0,,,,,1590000000.0,720000000.0,12618210304.0,,25000000000.0,,3340000000.0,5100000000.0,2690000000.0,29.63,29.73,,23.51,25.57,7.34,7.1,,,24.82,42.325,
IOB,IOB,Financial Services,Banks - Regional,33.7,19256589795.0,649720000000.0,2.81,45.9,20.2,0.0,263210000000.0,258000000000.0,927617777664.0,318960000000.0,54180000000.0,4727950000000.0,3947100000000.0,4358040000000.0,369910000000.0,472398987264.0,193220000000.0,177340000000.0,,,,,,,162917253120.0,,281440000000.0,,33960000000.0,47800000000.0,6390000000.0,92.44,92.44,,0.47,0.43,4.29,4.28,,,2.95,0.9,
IOC,IOC,Energy,Oil & Gas Refining & Marketing,142.0,14121238383.0,1996740000000.0,29.81,,155.0,8.278599999999999,842460000000.0,658260000000.0,3218513592320.0,7844150000000.0,436770000000.0,5293520000000.0,5075540000000.0,3098340000000.0,2195180000000.0,1318220000000.0,83540000000.0,2057460000000.0,,,,,1318220000000.0,1522710000000.0,1427697958912.0,,7581060000000.0,,137890000000.0,761420000000.0,222740000000.0,51.5,51.5,,9.08,9.84,9.52,9.1,,,24.44,18.74918,
IPCALAB,IPCALAB,Healthcare,Drug Manufacturers - Specialty & Generic,1796.0,253704218.0,455700000000.0,44.98,341.59999999999997,318.0,5.9268,20700000000.0,16520000000.0,458928160768.0,95990000000.0,11840000000.0,123500000000.0,117440000000.0,42870000000.0,80630000000.0,8090000000.0,790000000.0,80380000000.0,,,,,8090000000.0,13630000000.0,64855101440.0,,88970000000.0,,7850000000.0,11420000000.0,2470000000.0,44.72,44.72,,10.72,10.63,37.04,37.13,,,45.05,65.65625,
IRB,IRB,Industrials,Infrastructure Operations,19.2,12078000000.0,232020000000.0,0.7,47.099999999999994,17.3,0.15552000000000002,41450000000.0,30030000000.0,412816801792.0,76480000000.0,8500000000.0,540540000000.0,538490000000.0,331050000000.0,209490000000.0,200270000000.0,17550000000.0,203450000000.0,,,,,200270000000.0,205990000000.0,35689889792.0,,76130000000.0,,64810000000.0,20980000000.0,9100000000.0,30.81,30.79,,43.87,43.84,10.14,10.02,,,0.78,1.41563,
IRCON,IRCON,Industrials,Engineering & Construction,126.0,940515740.0,118440000000.0,6.33,-8.799999999999999,70.6,1.197,12790000000.0,11160000000.0,124324831232.0,90710000000.0,5920000000.0,213070000000.0,195210000000.0,146680000000.0,66390000000.0,57260000000.0,3500000000.0,64510000000.0,,,,,57260000000.0,42990000000.0,11035799552.0,,107600000000.0,,7280000000.0,-6180000000.0,3660000000.0,65.17,65.17,,4.61,4.78,1.79,1.79,,,6.57,7.7,
IRCTC,IRCTC,Consumer Cyclical,Travel Services,504.0,800000000.0,403720000000.0,17.42,-8.9,53.9,8.5176,19430000000.0,18930000000.0,382967382016.0,52150000000.0,13930000000.0,75800000000.0,67990000000.0,32710000000.0,43090000000.0,810000000.0,180000000.0,41490000000.0,,,,,810000000.0,900000000.0,19101444096.0,,46750000000.0,,13150000000.0,12730000000.0,4460000000.0,62.4,62.4,,3.91,4.86,14.86,14.86,,,17.41,22.75,
IREDA,IREDA,Financial Services,Credit Services,117.0,2809231268.0,328550000000.0,6.67,33.0,49.1,0.5967,72870000000.0,72430000000.0,1095206240256.0,83100000000.0,18740000000.0,938080000000.0,797350000000.0,800230000000.0,137850000000.0,779800805376.0,49050000000.0,109760000000.0,,,,,,,6924749824.0,,67550000000.0,,16980000000.0,-144770000000.0,2810000000.0,71.76,71.76,,2.48,2.14,2.39,2.44,,,7.03,9.85,
IRFC,IRFC,Financial Services,Credit Services,88.35,13068506000.0,1154602500096.0,5.49,9.700000000000001,43.463,2.9,,,5511221084160.0,73924100096.0,71906902016.0,,,,,4388650483712.0,,,,,,,,,73924100096.0,,,,,,,82.9,84.65,,1.17,1.16,3.98,2.89,,,5.49,7.3,
ITC,ITC,Consumer Defensive,Tobacco,278.0,12529468231.0,3482520000000.0,16.51,-16.0,57.9,14.4838,298290000000.0,281180000000.0,3242553769984.0,788680000000.0,210180000000.0,936370000000.0,880030000000.0,211300000000.0,725070000000.0,23990000000.0,850000000.0,712540000000.0,,,,,23990000000.0,2850000000.0,445805002752.0,,753230000000.0,,350520000000.0,184640000000.0,23210000000.0,,,,34.23,34.83,49.13,49.15,,,15.85,16.74656,
ITCHOTELS,ITCHOTELS,Consumer Cyclical,Resorts & Casinos,167.0,2082976309.0,347980000000.0,3.92,35.9,56.0,1.002,15950000000.0,11780000000.0,335838380032.0,41390000000.0,8210000000.0,134800000000.0,124720000000.0,18220000000.0,116580000000.0,740000000.0,550000000.0,114500000000.0,,,,,740000000.0,730000000.0,26337599488.0,,35600000000.0,,6380000000.0,11100000000.0,11740000000.0,39.85,39.85,,11.61,14.58,23.98,21.46,,,4.19,5.82658,
ITI,ITI,Technology,Communication Equipment,281.0,962851967.0,271080000000.0,3.04,,19.8,0.0,5460000000.0,4900000000.0,276927676416.0,21840000000.0,2930000000.0,93470000000.0,104450000000.0,74410000000.0,19060000000.0,7650000000.0,1970000000.0,9430000000.0,,,,,7650000000.0,14810000000.0,3446700032.0,,36160000000.0,,-2150000000.0,-1350000000.0,0.0,90.02,90.02,,0.08,0.0,0.06,0.06,,,3.03,,
J&KBANK,J&KBANK,Financial Services,Banks - Regional,158.0,1101182463.0,173830000000.0,21.43,,154.0,2.1488,102330000000.0,102330000000.0,,131510000000.0,23600000000.0,1889600000000.0,1694240000000.0,1724600000000.0,165000000000.0,,72690000000.0,163900000000.0,,,,,,,67329699840.0,,125410000000.0,,20820000000.0,-11260000000.0,3020000000.0,59.4,59.4,,9.38,8.35,7.85,6.0,,,20.91,25.2,
JAINREC,JAINREC,Basic Materials,Other Industrial Metals & Mining,301.0,345085814.0,104090000000.0,10.11,14.099999999999998,45.2,0.0,5860000000.0,5710000000.0,113353506816.0,95430000000.0,3470000000.0,33820000000.0,18360000000.0,18210000000.0,15610000000.0,12760000000.0,1000000000.0,14920000000.0,,,,,12760000000.0,9280000000.0,8326000128.0,,64290000000.0,,2230000000.0,-5910000000.0,790000000.0,73.59,73.59,,1.23,3.02,9.68,10.04,,,10.67,15.95,
JBCHEPHARM,JBCHEPHARM,Healthcare,Drug Manufacturers - Specialty & Generic,2409.0,160558706.0,386770000000.0,44.18,-31.0,259.0,21.9219,11400000000.0,9580000000.0,374592274432.0,41480000000.0,7090000000.0,49620000000.0,42650000000.0,8030000000.0,41590000000.0,40000000.0,60000000.0,41430000000.0,,,,,40000000.0,280000000.0,28108544000.0,,39180000000.0,,6600000000.0,7040000000.0,5860000000.0,48.8,47.55,,16.33,14.88,21.38,23.35,,,44.56,73.70286,
JBMA,JBMA,Consumer Cyclical,Auto Parts,633.0,236494264.0,149500000000.0,9.25,14.099999999999998,65.0,0.8229,8020000000.0,6280000000.0,178258984960.0,60880000000.0,2380000000.0,73700000000.0,58500000000.0,58310000000.0,15390000000.0,30290000000.0,3180000000.0,15150000000.0,,,,,30290000000.0,26300000000.0,20056100864.0,,54720000000.0,,2150000000.0,-600000000.0,2580000000.0,67.53,67.53,,2.03,1.97,0.16,0.1,,,9.47,19.82,
JINDALSAW,JINDALSAW,Basic Materials,Steel,264.0,637621094.0,169120000000.0,15.22,-75.4,197.0,2.0064,23260000000.0,16960000000.0,210329190400.0,178950000000.0,9250000000.0,215720000000.0,206650000000.0,89980000000.0,125740000000.0,46910000000.0,6200000000.0,125100000000.0,,,,,46910000000.0,48590000000.0,75276460032.0,,208290000000.0,,14580000000.0,17710000000.0,9470000000.0,63.25,63.25,,13.08,13.46,8.36,5.79,,,10.24,23.3,
JINDALSTEL,JINDALSTEL,Basic Materials,Steel,1100.0,1017488097.0,1134230000000.0,33.01,-43.7,499.0,1.98,91010000000.0,59300000000.0,1304845484032.0,534550000000.0,33610000000.0,976350000000.0,857660000000.0,467360000000.0,508990000000.0,226100000000.0,15170000000.0,507970000000.0,,,,,226100000000.0,184060000000.0,286577295360.0,,501290000000.0,,28460000000.0,72040000000.0,107340000000.0,62.71,62.71,,8.84,9.19,19.52,19.14,,,26.69,88.00161,
JIOFIN,JIOFIN,Financial Services,Asset Management,256.0,6603141623.0,1694710000000.0,2.46,170.2,211.0,0.5888,26860000000.0,26570000000.0,1872740483072.0,35210000000.0,15610000000.0,1634670000000.0,1335000000000.0,296140000000.0,1338530000000.0,217680000000.0,7450000000.0,1275000000000.0,,,,,217680000000.0,39700000000.0,37568200704.0,,20430000000.0,,16130000000.0,-154390000000.0,56520000000.0,49.13,47.12,,11.27,12.31,13.27,14.26,,,3.23,4.46,
JKCEMENT,JKCEMENT,Basic Materials,Building Materials,5348.0,77268251.0,413270000000.0,128.45,-14.499999999999998,911.0,19.7876,25210000000.0,18680000000.0,468797816832.0,137220000000.0,9880000000.0,185000000000.0,166820000000.0,114630000000.0,70370000000.0,61830000000.0,4240000000.0,69600000000.0,,,,,61830000000.0,60280000000.0,90605297664.0,,118790000000.0,,8720000000.0,18730000000.0,16670000000.0,45.66,45.66,,16.85,16.86,23.72,23.75,,,122.43,194.76666,
JKTYRE,JKTYRE,Consumer Cyclical,Auto Parts,384.0,288289511.0,110500000000.0,26.92,-74.3,210.0,3.9936,19430000000.0,14710000000.0,157752492032.0,163270000000.0,7760000000.0,159140000000.0,144350000000.0,98530000000.0,60610000000.0,48820000000.0,4280000000.0,60030000000.0,,,,,48820000000.0,49110000000.0,58877001728.0,,146930000000.0,,5090000000.0,14440000000.0,6110000000.0,51.72,51.72,,15.75,18.59,7.26,7.45,,,23.04,35.2,
JMFINANCIL,JMFINANCIL,Financial Services,Capital Markets,129.0,956959936.0,123770000000.0,12.57,-35.699999999999996,111.0,3.2379,26570000000.0,25790000000.0,161990967296.0,42230000000.0,12010000000.0,263370000000.0,243470000000.0,156790000000.0,106580000000.0,116350000000.0,9990000000.0,105620000000.0,,,,,116350000000.0,115070000000.0,29518899200.0,,44100000000.0,,7740000000.0,5810000000.0,5320000000.0,57.03,57.07,,16.95,17.16,5.5,5.88,,,10.87,15.0,
JPPOWER,JPPOWER,Utilities,Utilities - Independent Power Producers,17.5,6853458827.0,120210000000.0,0.66,67.7,18.6,0.0,15950000000.0,11220000000.0,185928417280.0,55630000000.0,4510000000.0,179580000000.0,177860000000.0,52260000000.0,127320000000.0,33910000000.0,3750000000.0,58790000000.0,,,,,33910000000.0,37780000000.0,21137199104.0,,54620000000.0,,8140000000.0,13010000000.0,6760000000.0,24.0,24.0,,6.75,6.58,11.15,17.03,,,0.7,-1.7,
JSL,JSL,Basic Materials,Steel,735.0,823949824.0,605700000000.0,38.74,7.6,240.0,3.9690000000000003,58700000000.0,48100000000.0,379157479424.0,429550000000.0,31850000000.0,404410000000.0,359170000000.0,206500000000.0,197910000000.0,74600000000.0,5680000000.0,196260000000.0,,,,,74600000000.0,64020000000.0,96812498944.0,,393120000000.0,,25000000000.0,33950000000.0,35000000000.0,62.04,62.04,,20.45,20.87,7.35,7.15,,,39.33,51.94071,
JSWCEMENT,JSWCEMENT,Basic Materials,Building Materials,131.0,1350345020.0,178710000000.0,-5.55,695.6999999999999,48.0,0.4978,-810000000.0,-4030000000.0,215754571776.0,65010000000.0,-7990000000.0,143850000000.0,118810000000.0,78350000000.0,65500000000.0,44640000000.0,3780000000.0,52090000000.0,,,,,44640000000.0,65630000000.0,39959801856.0,,57850000000.0,,-1640000000.0,11700000000.0,16490000000.0,72.02,72.04,,3.7,2.93,11.49,8.74,,,-6.19,5.69609,
JSWDULUX,JSWDULUX,,,3124.0,45540314.0,142370000000.0,433.42,,538.0,49.984,24530000000.0,23780000000.0,,35990000000.0,19740000000.0,37950000000.0,29030000000.0,13430000000.0,24520000000.0,790000000.0,120000000.0,24060000000.0,,,,,790000000.0,620000000.0,,,40690000000.0,,4300000000.0,930000000.0,0.0,61.2,61.2,,8.49,8.43,21.96,21.79,,,,,
JSWENERGY,JSWENERGY,Utilities,Utilities - Independent Power Producers,559.0,1832372944.0,1029530000000.0,12.74,-39.5,175.0,2.0124,109870000000.0,78020000000.0,1699199320064.0,189010000000.0,27620000000.0,1238070000000.0,894550000000.0,930560000000.0,307510000000.0,769460000000.0,58160000000.0,289950000000.0,,,,,769460000000.0,501850000000.0,126847803392.0,,117450000000.0,,19830000000.0,98980000000.0,185230000000.0,66.53,69.41,,11.41,9.74,16.16,14.29,,,12.74,16.99017,
JSWINFRA,JSWINFRA,Industrials,Marine Shipping,341.0,2315161753.0,796380000000.0,7.25,-10.299999999999999,51.8,0.8865999999999999,28700000000.0,22560000000.0,776729657344.0,53610000000.0,15470000000.0,202150000000.0,168070000000.0,93380000000.0,108770000000.0,68990000000.0,3830000000.0,104600000000.0,,,,,68990000000.0,50420000000.0,29518600192.0,,44760000000.0,,15210000000.0,20220000000.0,20620000000.0,73.93,83.61,,11.21,6.92,9.19,2.43,,,7.11,11.20517,
JSWSTEEL,JSWSTEEL,Basic Materials,Steel,1275.0,2440978228.0,3086580000000.0,91.26,112.99999999999999,409.0,7.1400000000000015,479530000000.0,383520000000.0,3682154315776.0,1854700000000.0,255080000000.0,2696580000000.0,2404450000000.0,1696050000000.0,1000530000000.0,993100000000.0,91020000000.0,997480000000.0,,,,,993100000000.0,987520000000.0,802100019200.0,,1688240000000.0,,34910000000.0,251520000000.0,0.0,44.29,45.31,,25.92,25.38,11.49,11.16,,,101.4,72.85805,
JUBLFOOD,JUBLFOOD,Consumer Cyclical,Restaurants,492.0,657674557.0,324410000000.0,6.49,,34.7,1.1807999999999998,19940000000.0,10350000000.0,317741236224.0,95130000000.0,4440000000.0,93670000000.0,84040000000.0,70750000000.0,22920000000.0,49020000000.0,4360000000.0,21600000000.0,,,,,49020000000.0,43720000000.0,49782378496.0,,81040000000.0,,2170000000.0,18940000000.0,10840000000.0,40.27,40.27,,13.32,17.29,39.59,36.38,,,5.67,9.28499,
JUBLINGREA,JUBLINGREA,Basic Materials,Specialty Chemicals,736.0,157716549.0,117370000000.0,17.45,40.6,196.0,5.0048,5940000000.0,4190000000.0,119135641600.0,43880000000.0,2780000000.0,54700000000.0,50150000000.0,23440000000.0,31260000000.0,7920000000.0,490000000.0,31100000000.0,,,,,7920000000.0,7640000000.0,17902399488.0,,41780000000.0,,2510000000.0,5240000000.0,2500000000.0,45.22,45.22,,6.49,6.49,24.98,24.76,,,19.41,30.22765,
JUBLPHARMA,JUBLPHARMA,Healthcare,Drug Manufacturers - Specialty & Generic,890.0,158387168.0,141750000000.0,25.02,-45.0,445.0,4.984000000000001,12660000000.0,8260000000.0,,82800000000.0,3980000000.0,152720000000.0,125840000000.0,81790000000.0,70930000000.0,36150000000.0,2120000000.0,70770000000.0,,,,,36150000000.0,27310000000.0,56014000128.0,,72340000000.0,,8360000000.0,12270000000.0,11430000000.0,47.67,47.67,,15.87,15.9,12.4,11.63,,,20.48,50.95,
JWL,JWL,Industrials,Railroads,258.0,427370389.0,109980000000.0,4.0,-72.5,69.7,1.0062,3820000000.0,3150000000.0,114992709632.0,29160000000.0,1660000000.0,47120000000.0,39990000000.0,17340000000.0,29780000000.0,9960000000.0,700000000.0,25510000000.0,,,,,9960000000.0,5020000000.0,8218316800.0,,39630000000.0,,3800000000.0,90000000.0,6880000000.0,68.31,68.31,,3.47,4.19,0.79,0.78,,,4.02,9.825,
JYOTICNC,JYOTICNC,Industrials,Specialty Industrial Machinery,833.0,227423096.0,189390000000.0,14.77,-20.1,88.0,0.0,5870000000.0,5370000000.0,193562214400.0,20930000000.0,3360000000.0,36150000000.0,27920000000.0,16140000000.0,20010000000.0,8530000000.0,700000000.0,19560000000.0,,,,,8530000000.0,4970000000.0,12201499648.0,,18180000000.0,,3160000000.0,540000000.0,3020000000.0,62.55,62.55,,6.29,8.95,12.59,13.68,,,14.17,22.55,
KAJARIACER,KAJARIACER,Industrials,Building Products & Equipment,1261.0,157143050.0,198090000000.0,30.48,55.400000000000006,192.0,7.9443,8720000000.0,7030000000.0,195005349888.0,48300000000.0,4870000000.0,40290000000.0,37550000000.0,9630000000.0,30660000000.0,2290000000.0,230000000.0,30500000000.0,,,,,2290000000.0,2740000000.0,19635800064.0,,46350000000.0,,3000000000.0,6640000000.0,3360000000.0,47.69,47.69,,11.58,10.23,26.24,27.47,,,34.31,42.96363,
KALYANKJIL,KALYANKJIL,Consumer Cyclical,Luxury Goods,613.0,1032750972.0,633120000000.0,13.08,31.6,61.1,1.4711999999999998,26580000000.0,22350000000.0,668092071936.0,357430000000.0,13500000000.0,207170000000.0,151260000000.0,144080000000.0,63090000000.0,61170000000.0,4330000000.0,52760000000.0,,,,,61170000000.0,49590000000.0,49600118784.0,,250450000000.0,,7140000000.0,13180000000.0,1180000000.0,62.86,62.86,,10.82,14.55,15.83,14.13,,,13.84,19.06483,
KARURVYSYA,KARURVYSYA,Financial Services,Banks - Regional,335.95,966667248.0,324751884288.0,28.39,45.0,145.947,2.6,,,344803868672.0,66443173888.0,27445815296.0,,,,,26225606656.0,,,,,,,,,66443173888.0,,,,,,,2.07,2.07,,17.92,19.25,41.22,39.26,,,28.39,32.94293,
KAYNES,KAYNES,Technology,Electronic Components,3760.0,67222491.0,252990000000.0,54.28,-0.4,708.0,0.0,7280000000.0,6210000000.0,,36260000000.0,3640000000.0,68940000000.0,46410000000.0,21460000000.0,47480000000.0,9130000000.0,1170000000.0,46810000000.0,,,,,9130000000.0,9030000000.0,12894900224.0,,27220000000.0,,2930000000.0,-6000000000.0,9170000000.0,53.46,53.46,,5.82,7.28,11.78,15.13,,,51.3,89.88803,
KEC,KEC,Industrials,Engineering & Construction,445.0,266200000.0,118170000000.0,22.75,-41.699999999999996,231.0,5.518,18580000000.0,16610000000.0,,235060000000.0,6060000000.0,251330000000.0,221640000000.0,189740000000.0,61590000000.0,53780000000.0,8720000000.0,61060000000.0,,,,,53780000000.0,39570000000.0,55688101888.0,,218470000000.0,,5710000000.0,-4140000000.0,2310000000.0,50.1,50.1,,9.92,9.84,23.34,26.86,,,20.81,36.93094,
KEI,KEI,Industrials,Electrical Equipment & Parts,5789.0,95600595.0,556920000000.0,96.07,40.0,697.0,4.631200000000001,13870000000.0,12960000000.0,537404342272.0,117480000000.0,9180000000.0,89560000000.0,72350000000.0,22910000000.0,66650000000.0,2530000000.0,640000000.0,66460000000.0,,,,,2530000000.0,2170000000.0,29467799552.0,,97360000000.0,,6960000000.0,8400000000.0,3500000000.0,35.0,35.0,,27.32,27.27,25.9,25.83,,,104.15,146.7148,
KFINTECH,KFINTECH,Technology,Software - Application,929.0,172872079.0,160000000000.0,19.92,-2.5,97.0,11.9841,5590000000.0,4730000000.0,154052558848.0,13010000000.0,3440000000.0,27700000000.0,17500000000.0,10960000000.0,16740000000.0,550000000.0,50000000.0,15010000000.0,,,,,550000000.0,470000000.0,8244380160.0,,10910000000.0,,3330000000.0,3700000000.0,1990000000.0,22.82,22.86,,20.73,26.26,27.31,25.22,,,19.73,27.81667,
KIMS,KIMS,Healthcare,Medical Care Facilities,808.0,400138935.0,338990000000.0,6.03,-46.9,56.2,0.0,8320000000.0,5490000000.0,366626701312.0,39050000000.0,2420000000.0,76910000000.0,56890000000.0,54440000000.0,22470000000.0,42530000000.0,2150000000.0,21670000000.0,,,,,42530000000.0,25620000000.0,24987000832.0,,30350000000.0,,4150000000.0,5110000000.0,14520000000.0,32.49,34.11,,14.75,14.57,34.42,32.5,,,5.15,16.86247,
KIRLOSENG,KIRLOSENG,Industrials,Specialty Industrial Machinery,2060.0,145519854.0,299640000000.0,39.51,-19.900000000000002,249.0,7.0040000000000004,14580000000.0,12840000000.0,337786667008.0,77010000000.0,5620000000.0,108460000000.0,104780000000.0,72260000000.0,36200000000.0,53740000000.0,5230000000.0,35910000000.0,,,,,53740000000.0,58190000000.0,32849399808.0,,63290000000.0,,4760000000.0,9320000000.0,3200000000.0,41.06,41.08,,11.33,10.79,26.0,26.69,,,37.37,57.05,
KOTAKBANK,KOTAKBANK,Financial Services,Banks - Regional,392.0,9946464950.0,3885930000000.0,19.39,22.5,182.0,0.6664000000000001,566450000000.0,556130000000.0,4270063616000.0,697810000000.0,192880000000.0,10033530000000.0,8798140000000.0,8221270000000.0,1812260000000.0,1115291254784.0,296200000000.0,1802310000000.0,,,,,,,712962932736.0,,656690000000.0,,221260000000.0,417270000000.0,161590000000.0,25.87,25.87,,25.21,26.4,37.71,36.19,,,20.38,25.55,
KPIL,KPIL,Industrials,Engineering & Construction,1365.0,170772546.0,233410000000.0,60.9,45.2,455.0,11.056500000000002,25740000000.0,20640000000.0,,271430000000.0,10310000000.0,277020000000.0,255730000000.0,199260000000.0,77760000000.0,35430000000.0,6930000000.0,77420000000.0,,,,,35430000000.0,43140000000.0,76680298496.0,,223160000000.0,,5670000000.0,15340000000.0,0.0,33.58,33.58,,10.77,10.92,44.84,45.12,,,66.49,91.5963,
KPITTECH,KPITTECH,Technology,Software - Infrastructure,620.0,272227219.0,169440000000.0,23.25,-31.8,129.0,7.502,12470000000.0,9460000000.0,160575062016.0,64550000000.0,6370000000.0,71210000000.0,49640000000.0,35800000000.0,35410000000.0,8380000000.0,740000000.0,32690000000.0,,,,,8380000000.0,3450000000.0,24230619136.0,,58420000000.0,,8400000000.0,11950000000.0,11880000000.0,38.59,39.41,,13.22,13.25,23.6,24.65,,,21.26,31.48191,
KPRMILL,KPRMILL,Consumer Cyclical,Textile Manufacturing,1085.0,341814000.0,370700000000.0,25.35,11.200000000000001,167.0,4.991,14020000000.0,11860000000.0,362872504320.0,66500000000.0,8660000000.0,68330000000.0,59620000000.0,11360000000.0,56970000000.0,5960000000.0,520000000.0,56630000000.0,,,,,5960000000.0,4660000000.0,24837599232.0,,63880000000.0,,8150000000.0,11080000000.0,10680000000.0,67.52,67.52,,7.02,6.64,19.25,19.47,,,26.67,36.36364,
LALPATHLAB,LALPATHLAB,Healthcare,Diagnostics & Research,1968.0,166977774.0,330200000000.0,30.13,27.800000000000004,150.0,13.9728,8540000000.0,6920000000.0,315171569664.0,27630000000.0,5100000000.0,31400000000.0,27130000000.0,6310000000.0,25090000000.0,1990000000.0,230000000.0,23410000000.0,,,,,1990000000.0,1570000000.0,17403869184.0,,24610000000.0,,4920000000.0,6360000000.0,4220000000.0,53.19,53.21,,17.35,17.18,21.59,21.37,,,32.42,43.39408,
LATENTVIEW,LATENTVIEW,Industrials,Consulting Services,285.0,206924980.0,59020000000.0,9.57,-5.3,84.8,0.0,3120000000.0,2710000000.0,53439819776.0,10600000000.0,2020000000.0,20830000000.0,17890000000.0,3270000000.0,17560000000.0,330000000.0,100000000.0,17350000000.0,,,,,330000000.0,290000000.0,3707830016.0,,8480000000.0,,1730000000.0,1650000000.0,690000000.0,65.1,65.1,,2.12,3.15,3.6,4.13,,,9.28,12.92,
LAURUSLABS,LAURUSLABS,Healthcare,Drug Manufacturers - Specialty & Generic,1852.0,540312218.0,1005360000000.0,16.46,125.2,98.2,2.0372000000000003,18330000000.0,13530000000.0,1024095485952.0,68130000000.0,8900000000.0,105110000000.0,93360000000.0,52110000000.0,53000000000.0,25180000000.0,1710000000.0,51920000000.0,,,,,25180000000.0,27640000000.0,43214499840.0,,55540000000.0,,3580000000.0,16240000000.0,10860000000.0,27.47,27.49,,28.0,25.82,13.73,13.96,,,20.17,28.67535,
LEMONTREE,LEMONTREE,Consumer Cyclical,Lodging,109.0,791847623.0,86520000000.0,2.87,20.8,17.6,0.0,6650000000.0,5260000000.0,111705792512.0,14440000000.0,2880000000.0,42850000000.0,40750000000.0,28930000000.0,13920000000.0,20040000000.0,1670000000.0,6000000000.0,,,,,20040000000.0,21480000000.0,10634290176.0,,12860000000.0,,2430000000.0,5420000000.0,1690000000.0,22.32,22.32,,19.44,21.59,14.35,15.67,,,2.97,4.95372,
LENSKART,LENSKART,Healthcare,Medical Instruments & Supplies,597.0,1731440176.0,1037670000000.0,2.84,-9.6,50.3,0.0,19060000000.0,8580000000.0,1013679128576.0,88140000000.0,5010000000.0,142450000000.0,103900000000.0,55070000000.0,87380000000.0,30970000000.0,1780000000.0,83910000000.0,,,,,30970000000.0,27400000000.0,60279451648.0,,66530000000.0,,2970000000.0,16700000000.0,25510000000.0,17.53,17.55,,12.76,4.26,23.56,15.48,,,3.81,6.47916,
LGEINDIA,LGEINDIA,Technology,Consumer Electronics,1578.3,678772392.0,1071306506240.0,24.79,-8.200000000000001,112.933,,24589699072.0,24589699072.0,1031474774016.0,246049112064.0,16850929664.0,,,,,4591560192.0,,,,,,,,,73643360256.0,,,,,17212479488.0,,85.0,85.0,,3.13,2.73,7.84,8.03,,,24.79,38.98291,
LICHSGFIN,LICHSGFIN,Financial Services,Mortgage Finance,502.0,550063000.0,277220000000.0,101.87,9.9,753.0,9.9898,269960000000.0,268740000000.0,2928137732096.0,288380000000.0,56040000000.0,3252130000000.0,3140180000000.0,2837840000000.0,414290000000.0,2662161973248.0,197710000000.0,413190000000.0,,,,,,,86716301312.0,,280980000000.0,,54430000000.0,-85040000000.0,0.0,45.24,45.24,,21.47,21.39,21.02,20.89,,,104.32,109.38164,
LICI,LICI,Financial Services,Insurance - Life,412.0,12649995402.0,5226230000000.0,45.42,40.0,0.0,10.011600000000001,541820000000.0,534750000000.0,4554002268160.0,9777720000000.0,574530000000.0,59485560000000.0,56605680000000.0,57719510000000.0,1766050000000.0,0.0,0.0,1702800000000.0,,,,,0.0,0.0,1104514383872.0,,8899700000000.0,,483200000000.0,-262110000000.0,0.0,96.5,96.5,,0.44,0.31,0.99,1.27,,,47.5,58.80714,
LINDEINDIA,LINDEINDIA,Basic Materials,Specialty Chemicals,6688.0,85284223.0,571670000000.0,64.37,676.4,500.0,4.0127999999999995,9820000000.0,7470000000.0,,25310000000.0,5490000000.0,58080000000.0,51430000000.0,15420000000.0,42660000000.0,790000000.0,140000000.0,41810000000.0,,,,,790000000.0,420000000.0,15546439680.0,,24850000000.0,,4550000000.0,7860000000.0,7050000000.0,75.0,75.0,,2.03,2.05,6.79,6.88,,,64.39,86.05,
LLOYDSME,LLOYDSME,Basic Materials,Steel,1898.0,562589673.0,1070150000000.0,65.4,169.3,246.0,0.9490000000000001,63540000000.0,57470000000.0,,171130000000.0,38290000000.0,416500000000.0,89110000000.0,277790000000.0,138710000000.0,207160000000.0,5100000000.0,138150000000.0,,,,,207160000000.0,10730000000.0,121371598848.0,,67210000000.0,,14550000000.0,29210000000.0,94740000000.0,61.63,61.65,,1.85,2.26,2.18,1.71,,,85.59,153.51666,
LODHA,LODHA,Real Estate,Real Estate - Development,1232.0,998927026.0,1240460000000.0,34.32,103.3,233.0,4.1888000000000005,53750000000.0,50300000000.0,1248150421504.0,166760000000.0,34310000000.0,586800000000.0,495970000000.0,353940000000.0,232860000000.0,98960000000.0,6590000000.0,222870000000.0,,,,,98960000000.0,70940000000.0,79373000704.0,,137800000000.0,,27670000000.0,9590000000.0,7800000000.0,70.31,72.27,,23.65,21.24,3.56,4.62,,,41.23,48.55892,
LT,LT,Industrials,Engineering & Construction,4071.0,1375866086.0,5640020000000.0,116.92,14.000000000000002,794.0,37.8603,403970000000.0,360320000000.0,6211267198976.0,2858740000000.0,189540000000.0,4523830000000.0,3791140000000.0,3430930000000.0,1092900000000.0,1254970000000.0,100560000000.0,1090150000000.0,,,,,1254970000000.0,1324090000000.0,1111144529920.0,,2557340000000.0,,176730000000.0,167410000000.0,113800000000.0,,,,19.13,18.78,43.01,43.32,,,120.6,180.2447,
LTF,LTF,Financial Services,Credit Services,315.0,2506045818.0,798970000000.0,11.9,28.199999999999996,112.0,2.7405,109420000000.0,107320000000.0,1783311761408.0,179140000000.0,29830000000.0,1421840000000.0,1203840000000.0,1142010000000.0,279830000000.0,1102976647168.0,67340000000.0,254790000000.0,,,,,,,95766896640.0,,159240000000.0,,26430000000.0,-141890000000.0,0.0,65.96,65.99,,7.71,7.64,14.9,14.91,,,12.66,19.54388,
LTFOODS,LTFOODS,Consumer Defensive,Packaged Foods,419.0,347252944.0,145640000000.0,18.01,70.7,130.0,3.0168,12420000000.0,9970000000.0,142147796992.0,109460000000.0,6250000000.0,90640000000.0,74130000000.0,45430000000.0,45210000000.0,16100000000.0,1310000000.0,44860000000.0,,,,,16100000000.0,12610000000.0,38459265024.0,,86810000000.0,,6120000000.0,9100000000.0,8450000000.0,51.0,51.0,,8.21,8.74,10.84,10.3,,,18.43,30.25,
LTM,LTM,Technology,Information Technology Services,4765.0,296461217.0,1421670000000.0,169.25,16.900000000000002,810.0,74.8105,81210000000.0,70670000000.0,1287822639104.0,423080000000.0,49830000000.0,371480000000.0,305980000000.0,131230000000.0,240250000000.0,23100000000.0,2760000000.0,239950000000.0,,,,,23100000000.0,21870000000.0,131201998848.0,,380080000000.0,,46020000000.0,47990000000.0,16040000000.0,68.49,68.52,,6.31,6.63,16.73,16.9,,,176.06,229.87744,
LTTS,LTTS,Technology,Information Technology Services,3605.0,106077543.0,382280000000.0,120.68,12.8,611.0,58.0405,21350000000.0,17900000000.0,354552741888.0,109960000000.0,12810000000.0,104890000000.0,96270000000.0,40160000000.0,64730000000.0,5780000000.0,640000000.0,64520000000.0,,,,,5780000000.0,5780000000.0,46048919552.0,,96420000000.0,,12640000000.0,14550000000.0,4430000000.0,73.52,73.57,,4.13,3.86,14.05,14.64,,,120.61,162.34557,
LUPIN,LUPIN,Healthcare,Drug Manufacturers - Specialty & Generic,2250.0,457234894.0,1036320000000.0,116.65,16.0,491.0,18.0,86830000000.0,73070000000.0,1030691880960.0,279580000000.0,53550000000.0,381460000000.0,289780000000.0,156980000000.0,224480000000.0,66160000000.0,4340000000.0,223570000000.0,,,,,66160000000.0,54480000000.0,216842305536.0,,227080000000.0,,33060000000.0,73340000000.0,38650000000.0,46.85,46.85,,22.42,21.7,24.65,25.32,,,120.66,102.14079,
M&M,M&M,Consumer Cyclical,Auto Manufacturers,3428.0,1200762264.0,4243860000000.0,137.5,33.4,749.0,32.9088,420980000000.0,347760000000.0,4825988726784.0,1986390000000.0,186220000000.0,3160540000000.0,2760130000000.0,2229570000000.0,930970000000.0,1369360000000.0,95910000000.0,925380000000.0,,,,,1369360000000.0,1290250000000.0,827946172416.0,,1592110000000.0,,140730000000.0,116570000000.0,176800000000.0,18.44,18.45,,34.89,36.23,32.58,31.37,,,164.39,157.53831,
M&MFIN,M&MFIN,Financial Services,Credit Services,396.0,1389583700.0,551190000000.0,20.54,64.0,192.0,7.4844,131460000000.0,127600000000.0,1676336955392.0,210410000000.0,28610000000.0,1586440000000.0,1441050000000.0,1320050000000.0,266390000000.0,1147356053504.0,89340000000.0,263610000000.0,,,,,,,90919403520.0,,185190000000.0,,22610000000.0,-127720000000.0,0.0,52.49,52.49,,9.53,9.4,31.48,32.09,,,23.47,30.48014,
MAHABANK,MAHABANK,Financial Services,Banks - Regional,81.6,7691554950.0,627630000000.0,9.12,34.2,46.4,2.1950399999999997,238150000000.0,234710000000.0,868532682752.0,292820000000.0,70170000000.0,4274710000000.0,3693540000000.0,3942460000000.0,332250000000.0,387485990912.0,156160000000.0,255330000000.0,,,,,,,141095370752.0,,249480000000.0,,55420000000.0,-113360000000.0,5060000000.0,73.6,73.6,,5.82,5.55,14.28,13.93,,,9.79,12.5,
MANAPPURAM,MANAPPURAM,Financial Services,Credit Services,348.0,939336102.0,325970000000.0,10.68,288.5,171.0,1.9835999999999998,53630000000.0,50560000000.0,,95090000000.0,9930000000.0,745590000000.0,492050000000.0,585080000000.0,160510000000.0,,37860000000.0,158630000000.0,,,,,,,42784169984.0,,100120000000.0,,12040000000.0,-202380000000.0,16320000000.0,41.66,31.77,,22.3,23.23,14.85,12.96,,,16.36,31.14946,
MANKIND,MANKIND,Healthcare,Drug Manufacturers - Specialty & Generic,2404.0,412995978.0,996470000000.0,46.34,29.599999999999998,395.0,0.9616,38630000000.0,29770000000.0,1048098635776.0,142780000000.0,19380000000.0,277550000000.0,276520000000.0,114550000000.0,163000000000.0,63120000000.0,6440000000.0,162590000000.0,,,,,63120000000.0,85110000000.0,104286003200.0,,122070000000.0,,20110000000.0,31210000000.0,1810000000.0,72.63,72.66,,9.45,10.24,15.39,14.46,,,49.39,70.38791,
MAPMYINDIA,MAPMYINDIA,Technology,Software - Infrastructure,994.0,54761056.0,54380000000.0,24.5,7.9,165.0,3.4789999999999996,2210000000.0,1910000000.0,51301163008.0,4740000000.0,1340000000.0,10380000000.0,9440000000.0,1330000000.0,9050000000.0,70000000.0,20000000.0,8940000000.0,,,,,70000000.0,300000000.0,3278899968.0,,4630000000.0,,1480000000.0,930000000.0,470000000.0,51.41,51.41,,1.52,3.15,12.74,14.31,,,25.1,41.17333,
MARICO,MARICO,Consumer Defensive,Household & Personal Products,864.0,1296176456.0,1125420000000.0,13.57,24.7,32.4,3.9744,25320000000.0,23300000000.0,1093927370752.0,136110000000.0,18130000000.0,99500000000.0,82750000000.0,57400000000.0,42100000000.0,5570000000.0,530000000.0,40800000000.0,,,,,5570000000.0,5540000000.0,62940000256.0,,108310000000.0,,16580000000.0,20840000000.0,7220000000.0,58.92,58.93,,23.4,24.08,12.87,12.17,,,14.54,19.48419,
MARUTI,MARUTI,Consumer Cyclical,Auto Manufacturers,13905.0,314402574.0,4360770000000.0,466.9,-9.1,3408.0,140.4405,260990000000.0,193570000000.0,4190034984960.0,1833160000000.0,146800000000.0,1488800000000.0,1310160000000.0,417240000000.0,1071560000000.0,1020000000.0,2390000000.0,1069990000000.0,,,,,1020000000.0,870000000.0,519604011008.0,,1529130000000.0,,145000000000.0,191000000000.0,147340000000.0,58.65,58.53,,12.82,14.12,25.09,24.09,,,456.49,604.68665,
MAXHEALTH,MAXHEALTH,Healthcare,Medical Care Facilities,1013.0,973273438.0,985700000000.0,14.82,7.3999999999999995,110.0,2.0260000000000002,23580000000.0,19110000000.0,1008559128576.0,83730000000.0,14420000000.0,171840000000.0,151860000000.0,64370000000.0,107470000000.0,34780000000.0,2350000000.0,97740000000.0,,,,,34780000000.0,30100000000.0,52263100416.0,,70280000000.0,,10760000000.0,16330000000.0,16880000000.0,23.71,23.71,,41.78,45.39,29.95,26.32,,,14.81,24.23575,
MAZDOCK,MAZDOCK,Industrials,Aerospace & Defense,2571.0,403380000.0,1041990000000.0,64.04,21.5,242.0,17.997,34080000000.0,33110000000.0,905237954560.0,130060000000.0,25780000000.0,274740000000.0,288040000000.0,177190000000.0,97550000000.0,4470000000.0,740000000.0,95530000000.0,,,,,4470000000.0,200000000.0,43404898304.0,,114320000000.0,,24140000000.0,-26540000000.0,0.0,81.22,81.22,,1.72,1.73,5.02,5.09,,,66.35,79.34727,
MCX,MCX,Financial Services,Financial Data & Stock Exchanges,2970.0,254514090.0,759400000000.0,52.22,103.4,112.0,8.019,17680000000.0,16900000000.0,718406156288.0,23020000000.0,13320000000.0,75010000000.0,43250000000.0,46530000000.0,28480000000.0,50000000.0,0.0,27970000000.0,,,,,50000000.0,10000000.0,26493900800.0,,11130000000.0,,5600000000.0,30350000000.0,23990000000.0,,,,29.85,26.07,50.8,54.35,,,60.59,80.01826,
MEDANTA,MEDANTA,Healthcare,Medical Care Facilities,1410.0,268718832.0,378820000000.0,20.7,-0.2,147.0,0.5640000000000001,10170000000.0,7940000000.0,375082549248.0,44100000000.0,5540000000.0,59050000000.0,47660000000.0,19430000000.0,39620000000.0,11900000000.0,790000000.0,39080000000.0,,,,,11900000000.0,7180000000.0,24723810304.0,,36920000000.0,,4810000000.0,7140000000.0,10890000000.0,33.0,33.01,,9.46,10.15,16.89,14.76,,,20.62,33.72363,
MEESHO,MEESHO,Consumer Cyclical,Internet Retail,194.0,4623569638.0,895640000000.0,-2.97,,9.61,0.0,-11530000000.0,-12000000000.0,882523897856.0,126260000000.0,-13580000000.0,79070000000.0,72260000000.0,35210000000.0,43860000000.0,630000000.0,90000000.0,39300000000.0,,,,,630000000.0,580000000.0,128872808448.0,,93900000000.0,,-39420000000.0,-38750000000.0,0.0,16.41,16.57,,5.19,4.17,9.14,5.56,,,-2.61,1.53015,
MFSL,MFSL,Financial Services,Insurance - Life,1512.0,343446614.0,519210000000.0,2.43,,153.0,0.0,2350000000.0,2330000000.0,414106386432.0,476740000000.0,1060000000.0,1989360000000.0,1901800000000.0,1936540000000.0,52820000000.0,18590000000.0,1120000000.0,52130000000.0,,,,,18590000000.0,10260000000.0,58286604288.0,,464690000000.0,,4030000000.0,114730000000.0,111250000000.0,1.25,1.25,,48.06,47.88,44.34,44.74,,,2.43,15.68462,
MGL,MGL,Utilities,Utilities - Regulated Gas,1126.0,98777778.0,111160000000.0,85.16,-39.300000000000004,651.0,29.951600000000003,15660000000.0,11560000000.0,101346304000.0,82460000000.0,8410000000.0,89810000000.0,83020000000.0,25530000000.0,64280000000.0,2230000000.0,210000000.0,63290000000.0,,,,,2230000000.0,2010000000.0,24770500608.0,,72640000000.0,,10400000000.0,11620000000.0,8880000000.0,32.5,32.5,,23.21,24.13,22.53,21.01,,,72.48,93.50273,
MINDACORP,MINDACORP,Consumer Cyclical,Auto Parts,712.0,235360911.0,169950000000.0,15.07,139.2,110.0,1.424,7370000000.0,5070000000.0,186824245248.0,61850000000.0,3580000000.0,54870000000.0,48740000000.0,28480000000.0,26390000000.0,14760000000.0,1230000000.0,25910000000.0,,,,,14760000000.0,16140000000.0,22203000832.0,,50560000000.0,,2550000000.0,6760000000.0,3810000000.0,64.84,64.84,,9.3,8.8,17.87,18.82,,,15.09,22.28333,
MMTC,MMTC,Industrials,Conglomerates,63.9,1500000000.0,95810000000.0,2.58,130.0,14.1,0.0,6450000000.0,6400000000.0,,30000000.0,3870000000.0,27960000000.0,34780000000.0,6750000000.0,21210000000.0,0.0,10000000.0,19710000000.0,,,,,0.0,20000000.0,779699968.0,,10000000.0,,870000000.0,-6050000000.0,0.0,89.93,89.93,,0.16,0.13,1.78,1.77,,,2.97,,
MOTHERSON,MOTHERSON,Consumer Cyclical,Auto Parts,167.0,10531231231.0,1772040000000.0,3.66,104.2,38.8,0.6012,123830000000.0,72490000000.0,1924010737664.0,1261040000000.0,40860000000.0,1094260000000.0,918700000000.0,684470000000.0,409790000000.0,191700000000.0,16240000000.0,399240000000.0,,,,,191700000000.0,172220000000.0,571811823616.0,,1136630000000.0,,41460000000.0,112840000000.0,61360000000.0,48.6,48.6,,12.87,12.45,20.59,21.08,,,4.15,6.92906,
MOTILALOFS,MOTILALOFS,Financial Services,Capital Markets,898.0,602146704.0,544050000000.0,31.06,8.7,214.0,6.0166,39190000000.0,38080000000.0,705040416768.0,93810000000.0,18720000000.0,434010000000.0,339160000000.0,305130000000.0,128880000000.0,212550000000.0,13360000000.0,128280000000.0,,,,,212550000000.0,147320000000.0,54245801984.0,,83400000000.0,,25080000000.0,-60710000000.0,9580000000.0,67.2,67.54,,6.86,7.03,6.78,6.02,,,32.26,59.01527,
MPHASIS,MPHASIS,Technology,Information Technology Services,2541.0,190817050.0,492110000000.0,97.61,10.7,563.0,62.00039999999999,32680000000.0,27130000000.0,478741004288.0,158800000000.0,18630000000.0,176090000000.0,147440000000.0,68650000000.0,107440000000.0,26200000000.0,2040000000.0,105530000000.0,,,,,26200000000.0,18880000000.0,73482510336.0,,142300000000.0,,17020000000.0,12530000000.0,1730000000.0,30.54,30.55,,19.5,19.51,45.31,45.65,,,100.24,126.79589,
MRF,MRF,Consumer Cyclical,Auto Parts,130985.0,4241143.0,555460000000.0,5720.43,-1.0,49455.0,235.773,53500000000.0,35960000000.0,,311490000000.0,24260000000.0,319540000000.0,296890000000.0,109800000000.0,209740000000.0,32070000000.0,3740000000.0,209700000000.0,,,,,32070000000.0,37710000000.0,114983403520.0,,281520000000.0,,18730000000.0,45900000000.0,35390000000.0,27.76,27.77,,17.43,17.98,12.11,12.25,,,5702.23,6694.175,
MRPL,MRPL,Energy,Oil & Gas Refining & Marketing,174.0,1752598777.0,305760000000.0,10.98,,81.0,3.9846,64470000000.0,49270000000.0,454440157184.0,886670000000.0,19250000000.0,444880000000.0,344420000000.0,302910000000.0,141970000000.0,153410000000.0,9120000000.0,124440000000.0,,,,,153410000000.0,131430000000.0,121889800192.0,,946840000000.0,,560000000.0,25310000000.0,13780000000.0,88.58,88.58,,2.17,3.41,0.39,0.34,,,17.92,51.2,
MSUMI,MSUMI,Consumer Cyclical,Auto Parts,40.44,6631661898.0,268184403968.0,0.94,0.0,3.26,0.58,9456650240.0,9456650240.0,273833410560.0,123317100544.0,6274200064.0,,,,,2332000000.0,,,,,,,,,37154799616.0,,,,,,,61.72,61.72,,8.91,9.74,17.85,17.41,,,0.94,1.47003,
MUTHOOTFIN,MUTHOOTFIN,Financial Services,Credit Services,2876.0,401468476.0,1145070000000.0,263.79,38.800000000000004,1011.0,29.9104,254960000000.0,253590000000.0,2623971000320.0,312090000000.0,106070000000.0,1957210000000.0,1328350000000.0,1565910000000.0,391300000000.0,1624182226944.0,110540000000.0,387290000000.0,,,,,,,204913885184.0,,202140000000.0,,53520000000.0,-473930000000.0,0.0,73.35,73.35,,11.61,12.31,10.75,10.43,,,283.32,319.225,
NAM-INDIA,NAM-INDIA,Financial Services,Asset Management,1177.0,639718037.0,760360000000.0,23.97,26.400000000000002,73.0,21.5391,20190000000.0,19790000000.0,715897962496.0,29240000000.0,15290000000.0,51920000000.0,46700000000.0,5330000000.0,46590000000.0,750000000.0,70000000.0,40210000000.0,,,,,750000000.0,880000000.0,25929500672.0,,25180000000.0,,12860000000.0,14660000000.0,3260000000.0,71.8,71.93,,7.04,7.35,15.49,14.77,,,25.3,33.32558,
NATCOPHARM,NATCOPHARM,Healthcare,Drug Manufacturers - Specialty & Generic,952.0,179109870.0,170510000000.0,79.2,-34.1,515.0,5.0456,17350000000.0,15280000000.0,149757673472.0,40780000000.0,14180000000.0,110740000000.0,86310000000.0,18530000000.0,92210000000.0,7140000000.0,370000000.0,91850000000.0,,,,,7140000000.0,2790000000.0,33877999616.0,,44300000000.0,,18830000000.0,17680000000.0,20820000000.0,49.41,49.41,,16.99,17.37,5.63,5.46,,,79.17,45.8,
NATIONALUM,NATIONALUM,Basic Materials,Aluminum,400.0,1836631787.0,738210000000.0,31.56,91.10000000000001,118.0,11.48,85940000000.0,78490000000.0,684736249856.0,178430000000.0,57970000000.0,265440000000.0,228820000000.0,49410000000.0,216030000000.0,600000000.0,1000000000.0,206850000000.0,,,,,600000000.0,1820000000.0,137963094016.0,,167880000000.0,,52680000000.0,64380000000.0,42000000000.0,51.28,51.28,,21.99,22.27,11.22,10.75,,,36.75,38.81219,
NAUKRI,NAUKRI,Communication Services,Internet Content & Information,1357.0,647737579.0,876180000000.0,22.36,50.7,585.0,8.4134,22860000000.0,21630000000.0,848583589888.0,32850000000.0,17630000000.0,475590000000.0,427710000000.0,96450000000.0,379140000000.0,2590000000.0,420000000.0,377840000000.0,,,,,2590000000.0,2670000000.0,19030550528.0,,28500000000.0,,13100000000.0,10760000000.0,6110000000.0,37.48,37.5,,23.72,27.97,27.83,23.43,,,24.64,23.12555,
NAVA,NAVA,Industrials,Conglomerates,581.0,283255096.0,164660000000.0,27.8,-44.6,309.0,8.4826,19040000000.0,15130000000.0,174265909248.0,42910000000.0,10390000000.0,143650000000.0,112620000000.0,56200000000.0,87450000000.0,22260000000.0,120000000.0,87170000000.0,,,,,22260000000.0,8930000000.0,22559760384.0,,39840000000.0,,14340000000.0,23120000000.0,18480000000.0,50.03,50.11,,10.22,10.61,0.56,0.52,,,27.87,,
NAVINFLUOR,NAVINFLUOR,Basic Materials,Chemicals,8294.0,51291959.0,425920000000.0,129.46,100.89999999999999,775.0,14.9292,11400000000.0,9910000000.0,427983011840.0,33140000000.0,6640000000.0,63790000000.0,48300000000.0,24050000000.0,39740000000.0,12720000000.0,1180000000.0,39640000000.0,,,,,12720000000.0,14660000000.0,20620300288.0,,23490000000.0,,2890000000.0,8940000000.0,12350000000.0,27.08,27.1,,23.73,23.78,28.46,27.61,,,154.6,199.61842,
NBCC,NBCC,Industrials,Engineering & Construction,92.1,2700000000.0,248510000000.0,2.67,16.3,11.2,1.00389,10040000000.0,9910000000.0,,128890000000.0,7420000000.0,162740000000.0,136880000000.0,132570000000.0,30170000000.0,0.0,0.0,27470000000.0,,,,,0.0,0.0,16169246720.0,,120390000000.0,,5570000000.0,4390000000.0,0.0,61.75,61.75,,4.77,4.99,11.28,10.75,,,2.75,2.8,
NCC,NCC,Industrials,Engineering & Construction,145.0,627846588.0,90840000000.0,10.76,12.7,125.0,2.204,19320000000.0,16970000000.0,130670575616.0,208230000000.0,7240000000.0,259650000000.0,210000000000.0,180960000000.0,78690000000.0,34570000000.0,7450000000.0,77430000000.0,,,,,34570000000.0,15940000000.0,34783301632.0,,221990000000.0,,8680000000.0,-4590000000.0,7660000000.0,23.09,22.81,,11.29,12.11,17.88,16.4,,,11.14,13.78182,
NESTLEIND,NESTLEIND,Consumer Defensive,Packaged Foods,1507.0,1928314320.0,2921480000000.0,18.15,48.1,26.7,12.056000000000001,54210000000.0,47220000000.0,2897209458688.0,231550000000.0,34990000000.0,131820000000.0,121930000000.0,80250000000.0,51570000000.0,4440000000.0,1580000000.0,49640000000.0,,,,,4440000000.0,11670000000.0,134500999168.0,,202020000000.0,,32080000000.0,50480000000.0,6240000000.0,62.76,62.76,,10.3,9.74,11.89,12.4,,,19.74,24.82309,
NETWEB,NETWEB,Technology,Computer Hardware,5181.0,56940687.0,295009714176.0,45.96,178.4,127.358,3.0,3578030080.0,3578030080.0,272457089024.0,27020369920.0,2606599936.0,,,,,2822230016.0,,,,,,,,,5515550208.0,,,,,,,66.98,66.98,,9.27,9.29,5.91,4.68,,,45.96,82.8697,
NEULANDLAB,NEULANDLAB,Healthcare,Drug Manufacturers - Specialty & Generic,23207.0,12829889.0,297800000000.0,283.71,962.8,1461.0,34.8105,6050000000.0,5130000000.0,291046817792.0,20230000000.0,3640000000.0,29300000000.0,21800000000.0,10550000000.0,18750000000.0,3010000000.0,240000000.0,18620000000.0,,,,,3010000000.0,1570000000.0,2134761984.0,,14770000000.0,,2600000000.0,3470000000.0,4230000000.0,32.62,32.63,,21.08,20.46,16.52,15.84,,,387.17,490.832,
NEWGEN,NEWGEN,Technology,Software - Infrastructure,542.0,141351724.0,77240000000.0,21.12,27.800000000000004,125.0,6.0162,4290000000.0,3920000000.0,64797491200.0,15740000000.0,3010000000.0,24420000000.0,20450000000.0,6650000000.0,17770000000.0,390000000.0,50000000.0,16360000000.0,,,,,390000000.0,530000000.0,8595679232.0,,14870000000.0,,3150000000.0,2320000000.0,1450000000.0,53.45,53.52,,13.78,14.48,8.15,8.85,,,22.21,29.24,
NH,NH,Healthcare,Medical Care Facilities,1831.0,203099835.0,374270000000.0,39.42,5.4,222.0,4.5775,16780000000.0,12300000000.0,,78960000000.0,8060000000.0,124820000000.0,72710000000.0,79450000000.0,45370000000.0,58580000000.0,2660000000.0,43330000000.0,,,,,58580000000.0,24280000000.0,36185120768.0,,54830000000.0,,7910000000.0,16210000000.0,36480000000.0,63.27,63.27,,9.4,9.98,9.05,9.14,,,40.47,69.50764,
NHPC,NHPC,Utilities,Utilities - Renewable,77.5,10045034805.0,778490000000.0,3.75,2.8000000000000003,41.2,1.6119999999999999,72930000000.0,53170000000.0,1353206857728.0,116150000000.0,42200000000.0,1200070000000.0,1026800000000.0,785700000000.0,414370000000.0,523270000000.0,14230000000.0,313920000000.0,,,,,523270000000.0,395570000000.0,114039996416.0,,103800000000.0,,34120000000.0,32940000000.0,111390000000.0,61.39,67.4,,12.29,10.34,14.54,10.78,,,2.73,6.4,
NIACL,NIACL,Financial Services,Insurance - Diversified,181.0,1648000000.0,298440000000.0,8.57,,173.0,1.5023,13140000000.0,12330000000.0,79462621184.0,497580000000.0,14170000000.0,1103490000000.0,1097710000000.0,818180000000.0,285310000000.0,0.0,0.0,277070000000.0,,,,,0.0,0.0,91753897984.0,,435410000000.0,,10380000000.0,-45320000000.0,0.0,85.44,85.44,,1.02,1.01,11.17,11.17,,,4.67,19.34,
NIVABUPA,NIVABUPA,Financial Services,Insurance - Life,84.18,1849233703.0,155668496384.0,1.06,,20.877,,6008999936.0,6008999936.0,,89829703680.0,4325000192.0,,,,,0.0,,,,,,,,,9729899520.0,,,,,,,55.3,55.36,,12.09,10.6,16.17,16.49,,,1.06,3.39,
NLCINDIA,NLCINDIA,Utilities,Utilities - Regulated Electric,274.0,1386636609.0,380360000000.0,25.4,-12.7,155.0,3.5894000000000004,74760000000.0,50970000000.0,501806006272.0,174900000000.0,37690000000.0,652020000000.0,579040000000.0,436770000000.0,215250000000.0,278920000000.0,12220000000.0,201380000000.0,,,,,278920000000.0,224290000000.0,146519900160.0,,153220000000.0,,27140000000.0,51660000000.0,75490000000.0,69.47,72.2,,4.62,3.61,12.94,13.97,,,23.77,27.1,
NMDC,NMDC,Basic Materials,Steel,85.0,8791817550.0,751680000000.0,8.47,37.7,38.7,2.499,107470000000.0,102700000000.0,696206819328.0,320710000000.0,74500000000.0,483200000000.0,410070000000.0,142580000000.0,340620000000.0,64070000000.0,1210000000.0,331830000000.0,,,,,64070000000.0,42760000000.0,146384207872.0,,239060000000.0,,65200000000.0,49960000000.0,38420000000.0,60.79,60.79,,13.59,13.6,13.8,13.76,,,8.47,10.24869,
NSLNISP,NSLNISP,Basic Materials,Steel,45.29,2930605850.0,132727144448.0,0.2,,45.041,,15182000128.0,15182000128.0,166818873344.0,136418099200.0,587200000.0,,,,,46131798016.0,,,,,,,,,47493500928.0,,,,,17955000320.0,,60.79,60.79,,5.48,4.85,15.78,15.85,,,0.2,,
NTPC,NTPC,Utilities,Utilities - Regulated Electric,344.0,9696666134.0,3349420000000.0,27.9,-1.6,210.0,8.978399999999999,580990000000.0,384700000000.0,4454626623488.0,1873790000000.0,275460000000.0,5586440000000.0,5234970000000.0,3554680000000.0,2031760000000.0,2710050000000.0,138010000000.0,1934790000000.0,,,,,2710050000000.0,2500960000000.0,920597495808.0,,1881380000000.0,,239530000000.0,509020000000.0,375780000000.0,51.1,51.1,,16.3,16.54,29.44,29.13,,,32.69,28.28691,
NTPCGREEN,NTPCGREEN,Utilities,Utilities - Renewable,92.4,8426329669.0,779270000000.0,0.62,38.5,22.5,0.0,26830000000.0,15810000000.0,1096157560832.0,28580000000.0,5210000000.0,603820000000.0,454210000000.0,414170000000.0,189650000000.0,317160000000.0,8980000000.0,105390000000.0,,,,,317160000000.0,194410000000.0,32850700288.0,,22100000000.0,,4740000000.0,23860000000.0,121170000000.0,89.01,89.01,,1.67,1.61,5.21,5.07,,,0.62,2.80571,
NUVAMA,NUVAMA,Financial Services,Asset Management,1705.0,182596561.0,313030000000.0,57.19,15.6,226.0,27.7915,24750000000.0,23620000000.0,182702997504.0,46310000000.0,10400000000.0,344910000000.0,283880000000.0,303700000000.0,41210000000.0,115440000000.0,9770000000.0,40850000000.0,,,,,115440000000.0,78390000000.0,34749698048.0,,41620000000.0,,9850000000.0,-30140000000.0,1280000000.0,53.98,54.13,,19.0,16.94,8.49,8.3,,,58.2,83.92077,
NUVOCO,NUVOCO,Basic Materials,Building Materials,337.0,357156153.0,120430000000.0,10.06,19.8,262.0,0.0,18330000000.0,9490000000.0,167535902720.0,113380000000.0,3600000000.0,202990000000.0,181580000000.0,109570000000.0,93420000000.0,49160000000.0,3980000000.0,89850000000.0,,,,,49160000000.0,40740000000.0,73828900864.0,,103570000000.0,,220000000.0,14850000000.0,25000000000.0,72.02,72.02,,4.71,4.88,18.0,18.35,,,10.82,16.84275,
NYKAA,NYKAA,Consumer Cyclical,Internet Retail,331.0,2865089837.0,948450000000.0,0.7,250.0,5.02,0.0,7680000000.0,4480000000.0,948183629824.0,100220000000.0,2040000000.0,46110000000.0,39800000000.0,31730000000.0,14380000000.0,12380000000.0,1180000000.0,11520000000.0,,,,,12380000000.0,13210000000.0,48298901504.0,,79500000000.0,,720000000.0,6440000000.0,1590000000.0,52.07,52.09,,13.73,12.4,24.08,25.35,,,0.89,2.93532,
OBEROIRLTY,OBEROIRLTY,Real Estate,Real Estate - Development,1846.0,363602237.0,674920000000.0,68.96,28.9,493.0,7.9378,36480000000.0,35170000000.0,649813557248.0,60090000000.0,25070000000.0,253270000000.0,227150000000.0,74050000000.0,179220000000.0,28250000000.0,2410000000.0,175580000000.0,,,,,28250000000.0,33000000000.0,39585828864.0,,52860000000.0,,22260000000.0,13800000000.0,4630000000.0,67.71,67.71,,15.11,15.42,14.83,14.58,,,72.36,106.70247,
OFSS,OFSS,Technology,Software - Infrastructure,11420.0,87075510.0,996790000000.0,303.25,120.19999999999999,899.0,399.70000000000005,37470000000.0,36820000000.0,969574514688.0,76720000000.0,26390000000.0,98760000000.0,100670000000.0,20490000000.0,78270000000.0,320000000.0,20000000.0,77830000000.0,,,,,320000000.0,460000000.0,52420001792.0,,68470000000.0,,23800000000.0,26380000000.0,0.0,72.41,72.44,,9.7,8.04,8.79,9.12,,,391.25,453.35,
OIL,OIL,Energy,Oil & Gas Integrated,480.0,1626607791.0,779620000000.0,40.7,91.4,357.0,10.512,134980000000.0,107860000000.0,1139954024448.0,339460000000.0,75510000000.0,1238480000000.0,1048230000000.0,658490000000.0,579990000000.0,374780000000.0,12040000000.0,563720000000.0,,,,,374780000000.0,306450000000.0,219140702208.0,,317030000000.0,,70400000000.0,106840000000.0,103810000000.0,56.66,56.66,,7.28,7.67,20.13,19.43,,,51.35,62.88122,
OLAELEC,OLAELEC,Consumer Cyclical,Auto Manufacturers,39.7,4418680703.0,183610000000.0,-4.16,,7.6,0.0,-7650000000.0,-14490000000.0,195517628416.0,22530000000.0,-18330000000.0,77880000000.0,110750000000.0,44370000000.0,33510000000.0,27630000000.0,3800000000.0,-10600000000.0,,,,,27630000000.0,35560000000.0,5820000256.0,,45140000000.0,,-22760000000.0,-7750000000.0,0.0,32.96,34.59,,4.11,4.0,12.16,7.01,,,-3.94,-2.99074,
OLECTRA,OLECTRA,Industrials,Farm & Heavy Construction Machinery,1394.0,82080737.0,114360000000.0,21.62,164.1,150.0,0.41819999999999996,3520000000.0,3070000000.0,115775873024.0,23120000000.0,1800000000.0,25670000000.0,21710000000.0,13390000000.0,12280000000.0,3800000000.0,610000000.0,11950000000.0,,,,,3800000000.0,2550000000.0,348942016.0,,18020000000.0,,1390000000.0,1040000000.0,1670000000.0,50.02,50.02,,7.95,7.11,0.58,0.68,,,21.58,43.3,
ONESOURCE,ONESOURCE,Healthcare,Biotechnology,1571.0,114672891.0,180130000000.0,-6.44,,509.0,0.0,3090000000.0,300000000.0,190501699584.0,14220000000.0,-740000000.0,82100000000.0,76570000000.0,23790000000.0,58310000000.0,15040000000.0,1220000000.0,58200000000.0,,,,,15040000000.0,7720000000.0,10492949504.0,,14450000000.0,,-180000000.0,90000000.0,4950000000.0,30.48,30.48,,19.19,17.5,23.37,20.61,,,-4.31,75.5,
ONGC,ONGC,Energy,Oil & Gas Integrated,240.0,12580279206.0,3016120000000.0,32.93,21.4,296.0,13.248,1180430000000.0,806520000000.0,4776368013312.0,6086630000000.0,497930000000.0,7856020000000.0,7526580000000.0,4138340000000.0,3717680000000.0,1743160000000.0,130290000000.0,3654780000000.0,,,,,1743160000000.0,1878170000000.0,2487933468672.0,,6120640000000.0,,383290000000.0,1127190000000.0,574190000000.0,58.89,58.89,,8.01,7.97,19.31,19.3,,,34.59,41.545,
PAGEIND,PAGEIND,Consumer Cyclical,Apparel Manufacturing,36520.0,11153874.0,407339466752.0,685.48,9.0,1347.154,600.0,11071129600.0,11071129600.0,425643212800.0,52467761152.0,7638230016.0,,,,,2768120064.0,,,,,,,,,30677430272.0,,,,,7944039936.0,,42.89,42.89,,18.91,19.0,32.93,32.5,,,685.48,917.3585,
PARADEEP,PARADEEP,Basic Materials,Agricultural Inputs,147.0,1038170594.0,152760000000.0,9.6,20.8,65.3,0.9996,22590000000.0,18560000000.0,217811976192.0,218260000000.0,9960000000.0,179360000000.0,111460000000.0,111530000000.0,67830000000.0,69060000000.0,5280000000.0,57450000000.0,,,,,69060000000.0,43580000000.0,59229700096.0,,138200000000.0,,5520000000.0,-10120000000.0,5580000000.0,57.86,57.79,,5.1,8.36,18.07,15.49,,,10.32,11.8,
PATANJALI,PATANJALI,Consumer Defensive,Packaged Foods,354.0,1087879698.0,384590000000.0,16.68,45.9,120.0,3.5045999999999995,17320000000.0,14840000000.0,403312410624.0,401700000000.0,18140000000.0,188020000000.0,155170000000.0,57050000000.0,130970000000.0,27890000000.0,1300000000.0,128790000000.0,,,,,27890000000.0,7880000000.0,52352282624.0,,341570000000.0,,13010000000.0,-3330000000.0,8400000000.0,68.25,68.25,,8.53,9.2,11.05,12.06,,,16.68,18.4,
PAYTM,PAYTM,Technology,Software - Infrastructure,1650.0,641133110.0,1060510000000.0,8.64,79.9,250.0,0.0,11680000000.0,6000000000.0,885481144320.0,84370000000.0,5520000000.0,239150000000.0,214480000000.0,78890000000.0,160260000000.0,1940000000.0,180000000.0,159620000000.0,,,,,1940000000.0,1600000000.0,33159999488.0,,69000000000.0,,-6630000000.0,-7430000000.0,0.0,,,,48.09,49.4,24.87,23.08,,,9.98,31.05978,
PCBL,PCBL,Basic Materials,Specialty Chemicals,315.0,393462604.0,123840000000.0,5.03,58.9,102.0,6.0165,10570000000.0,6840000000.0,171606654976.0,81890000000.0,1980000000.0,112950000000.0,117220000000.0,72890000000.0,40060000000.0,49890000000.0,4230000000.0,39670000000.0,,,,,49890000000.0,55710000000.0,26338500608.0,,84040000000.0,,4350000000.0,15760000000.0,6750000000.0,53.38,53.38,,5.79,5.56,11.26,10.99,,,6.58,16.60604,
PERSISTENT,PERSISTENT,Technology,Information Technology Services,5523.0,156231044.0,872850000000.0,118.23,12.1,497.0,39.7656,28870000000.0,24840000000.0,840770256896.0,147480000000.0,18650000000.0,113440000000.0,87220000000.0,35060000000.0,78380000000.0,4770000000.0,730000000.0,77590000000.0,,,,,4770000000.0,3110000000.0,49792970752.0,,119390000000.0,,14000000000.0,17670000000.0,6180000000.0,30.29,30.29,,20.79,22.11,30.25,30.47,,,122.07,177.18225,
PETRONET,PETRONET,Energy,Oil & Gas Refining & Marketing,279.0,1500000088.0,419250000000.0,26.08,25.3,149.0,9.988199999999999,61990000000.0,53610000000.0,341968683008.0,434950000000.0,39130000000.0,274400000000.0,273240000000.0,51550000000.0,222850000000.0,23410000000.0,2370000000.0,207850000000.0,,,,,23410000000.0,26570000000.0,63747399680.0,,509820000000.0,,39730000000.0,47500000000.0,14720000000.0,50.0,50.0,,26.27,27.13,13.68,12.94,,,28.04,28.20372,
PFC,PFC,Financial Services,Credit Services,379.0,3300101760.0,1248920000000.0,78.49,2.1,433.0,18.571,1123280000000.0,1122650000000.0,11340454297600.0,1154500000000.0,336250000000.0,12445790000000.0,11780860000000.0,11117180000000.0,1328610000000.0,10044551725056.0,694150000000.0,1295610000000.0,,,,,,,474319388672.0,,1065020000000.0,,305140000000.0,-45040000000.0,34410000000.0,55.99,55.99,,20.54,19.64,14.5,15.05,,,78.91,90.4,
PFIZER,PFIZER,Healthcare,Drug Manufacturers - General,4990.0,45747732.0,228190000000.0,100.39,6.6000000000000005,302.0,74.85,4300000000.0,4190000000.0,199362215936.0,6780000000.0,3000000000.0,10980000000.0,8670000000.0,1970000000.0,9010000000.0,0.0,0.0,8710000000.0,,,,,0.0,0.0,16494799872.0,,6760000000.0,,3400000000.0,2380000000.0,790000000.0,63.92,63.92,,1.65,2.81,17.8,16.89,,,160.56,208.6,
PGEL,PGEL,Technology,Electronic Components,615.0,286496708.0,180460000000.0,6.89,13.700000000000001,107.0,0.24600000000000002,4420000000.0,3540000000.0,177530650624.0,52880000000.0,1970000000.0,59470000000.0,51230000000.0,28980000000.0,30490000000.0,5970000000.0,1020000000.0,30200000000.0,,,,,5970000000.0,3840000000.0,9884027904.0,,48700000000.0,,2880000000.0,660000000.0,1980000000.0,43.37,43.41,,9.95,9.75,23.88,24.49,,,7.19,16.58889,
PHOENIXLTD,PHOENIXLTD,Real Estate,Real Estate - Diversified,1898.0,357663719.0,684410000000.0,34.22,23.3,307.0,2.4674,27790000000.0,24190000000.0,759517478912.0,44230000000.0,15570000000.0,228530000000.0,214270000000.0,118640000000.0,109890000000.0,53230000000.0,3870000000.0,109170000000.0,,,,,53230000000.0,46870000000.0,42574438400.0,,38070000000.0,,13070000000.0,24260000000.0,16460000000.0,47.25,47.25,,31.73,32.97,17.38,16.14,,,36.58,49.89699,
PIDILITIND,PIDILITIND,Basic Materials,Specialty Chemicals,1696.0,1017790348.0,1739050000000.0,24.06,29.599999999999998,106.0,11.532800000000002,37690000000.0,33740000000.0,1695906398208.0,146010000000.0,24710000000.0,153990000000.0,139840000000.0,45670000000.0,108320000000.0,4170000000.0,540000000.0,107300000000.0,,,,,4170000000.0,4540000000.0,84376403968.0,,131400000000.0,,20960000000.0,28280000000.0,12240000000.0,69.24,69.32,,11.69,11.75,9.81,9.56,,,26.03,31.65845,
PIIND,PIIND,Basic Materials,Agricultural Inputs,2494.0,151706138.0,378430000000.0,87.06,-38.9,740.0,14.964,21460000000.0,17390000000.0,,67140000000.0,13210000000.0,134050000000.0,122490000000.0,21750000000.0,112300000000.0,3420000000.0,430000000.0,112150000000.0,,,,,3420000000.0,1840000000.0,37330001920.0,,79780000000.0,,16600000000.0,4740000000.0,6120000000.0,46.09,46.09,,14.83,15.87,31.5,31.2,,,76.72,106.2,
PINELABS,PINELABS,Technology,Software - Infrastructure,167.0,1153858090.0,192410000000.0,0.98,264.40000000000003,51.3,0.0,4910000000.0,2210000000.0,117766717440.0,27110000000.0,1130000000.0,132970000000.0,106980000000.0,74010000000.0,58960000000.0,4410000000.0,840000000.0,57810000000.0,,,,,4410000000.0,10460000000.0,10488500224.0,,22740000000.0,,-1450000000.0,3950000000.0,13390000000.0,,,,9.49,4.8,24.82,11.81,,,1.1,4.02796,
PIRAMALFIN,PIRAMALFIN,Financial Services,Credit Services,2070.0,226004925.0,469710000000.0,66.36,50575.0,1242.0,10.971,86650000000.0,77620000000.0,1181181673472.0,119030000000.0,15060000000.0,1105460000000.0,949430000000.0,823980000000.0,281480000000.0,799890000000.0,63790000000.0,281030000000.0,,,,,799890000000.0,655770000000.0,51093200896.0,,103750000000.0,,4850000000.0,-158920000000.0,0.0,46.16,46.16,,15.45,14.63,18.63,18.8,,,74.64,145.6618,
PNB,PNB,Financial Services,Banks - Regional,118.0,11492943268.0,1362680000000.0,16.0,1.9,136.0,3.009,1178030000000.0,1165220000000.0,1407588368384.0,1307720000000.0,184670000000.0,20333310000000.0,18575440000000.0,18833580000000.0,1499730000000.0,63164899328.0,880690000000.0,1476740000000.0,,,,,,,579009773568.0,,1240100000000.0,,185530000000.0,256350000000.0,6090000000.0,70.08,70.08,,5.93,6.39,16.06,16.05,,,19.22,17.1825,
PNBHOUSING,PNBHOUSING,Financial Services,Mortgage Finance,1165.0,260589923.0,306880000000.0,87.94,4.3,738.0,8.038499999999999,80380000000.0,79720000000.0,826109919232.0,84940000000.0,22910000000.0,935120000000.0,825200000000.0,742920000000.0,192200000000.0,552998076416.0,50010000000.0,189590000000.0,,,,,,,37336498176.0,,76850000000.0,,19360000000.0,-89840000000.0,0.0,28.03,28.04,,16.81,16.6,45.71,44.07,,,88.67,104.85916,
POLICYBZR,POLICYBZR,Financial Services,Insurance Brokers,1744.0,462042002.0,813490000000.0,14.48,92.30000000000001,158.0,0.0,8800000000.0,7440000000.0,780594708480.0,67940000000.0,6700000000.0,87070000000.0,75290000000.0,13950000000.0,73120000000.0,3600000000.0,370000000.0,72190000000.0,,,,,3600000000.0,3220000000.0,47125299200.0,,49770000000.0,,3530000000.0,410000000.0,0.0,,,,37.29,39.94,40.42,36.72,,,16.17,33.49439,
POLYCAB,POLYCAB,Industrials,Electrical Equipment & Parts,9297.0,150635053.0,1406750000000.0,177.48,32.5,798.0,47.4147,42420000000.0,38560000000.0,1362402476032.0,288840000000.0,27080000000.0,204650000000.0,137490000000.0,84560000000.0,120090000000.0,2360000000.0,2430000000.0,118580000000.0,,,,,2360000000.0,2020000000.0,76339150848.0,,224080000000.0,,20460000000.0,38110000000.0,28500000000.0,61.46,61.5,,19.0,18.21,7.62,7.95,,,189.5,254.59314,
POLYMED,POLYMED,Healthcare,Medical Instruments & Supplies,1813.0,101361465.0,183790000000.0,31.78,-7.5,306.0,3.4447,5610000000.0,4450000000.0,,18750000000.0,3210000000.0,39190000000.0,31920000000.0,8130000000.0,31060000000.0,3540000000.0,180000000.0,30550000000.0,,,,,3540000000.0,1800000000.0,13798123520.0,,16690000000.0,,3390000000.0,2460000000.0,2250000000.0,62.42,62.42,,5.56,5.92,16.08,15.6,,,31.03,47.93333,
POONAWALLA,POONAWALLA,Financial Services,Credit Services,503.0,875682194.0,442630000000.0,6.67,337.0,127.0,0.0,35850000000.0,34910000000.0,869242241024.0,67900000000.0,5420000000.0,602720000000.0,350300000000.0,499230000000.0,103490000000.0,484357996544.0,27670000000.0,101870000000.0,,,,,,,34672701440.0,,41900000000.0,,-980000000.0,-217860000000.0,13400000000.0,59.02,63.93,,10.96,10.21,16.74,12.14,,,9.54,24.55299,
POWERGRID,POWERGRID,Utilities,Utilities - Regulated Electric,267.0,9300603819.0,2480460000000.0,17.13,-0.8,108.0,9.0246,360250000000.0,229950000000.0,3963771158528.0,467330000000.0,159280000000.0,2946740000000.0,2660190000000.0,1941800000000.0,1004940000000.0,1480710000000.0,84480000000.0,911930000000.0,,,,,1480710000000.0,1310300000000.0,459027185664.0,,457920000000.0,,155210000000.0,409350000000.0,354450000000.0,51.34,51.34,,24.33,25.02,20.62,20.05,,,20.42,20.02302,
POWERINDIA,POWERINDIA,Industrials,Electrical Equipment & Parts,35360.0,44572363.0,1576078802944.0,257.76,123.50000000000001,1161.249,8.0,14902875136.0,14902875136.0,1549659930624.0,91624996864.0,11503899648.0,,,,,861000000.0,,,,,,,,,35724001280.0,,,,,,,71.31,71.31,,12.44,11.68,6.32,6.95,,,257.76,495.77216,
PPLPHARMA,PPLPHARMA,Healthcare,Drug Manufacturers - Specialty & Generic,213.0,1325018448.0,282990000000.0,-2.45,,61.4,0.1491,9960000000.0,1650000000.0,322588442624.0,88690000000.0,-3260000000.0,176070000000.0,154290000000.0,94450000000.0,81620000000.0,56750000000.0,3410000000.0,68350000000.0,,,,,56750000000.0,48560000000.0,54692999168.0,,91510000000.0,,910000000.0,16530000000.0,8200000000.0,34.8,34.85,,12.51,30.17,14.57,15.61,,,-2.35,3.96335,
PREMIERENE,PREMIERENE,Technology,Solar,1036.0,451446522.0,459590000000.0,33.33,53.0,95.1,1.036,25830000000.0,21310000000.0,466857197568.0,78240000000.0,15100000000.0,108450000000.0,68410000000.0,65380000000.0,43070000000.0,37070000000.0,1580000000.0,42620000000.0,,,,,37070000000.0,19540000000.0,33436770304.0,,65190000000.0,,9370000000.0,12610000000.0,21560000000.0,58.48,63.94,,7.92,5.72,17.97,13.69,,,37.25,49.43104,
PRESTIGE,PRESTIGE,Real Estate,Real Estate - Diversified,1619.0,430730232.0,704260000000.0,27.76,-19.3,378.0,1.9427999999999999,42020000000.0,32960000000.0,833629585408.0,126850000000.0,13050000000.0,728050000000.0,582370000000.0,565320000000.0,162730000000.0,176590000000.0,15820000000.0,158420000000.0,,,,,176590000000.0,131800000000.0,76758999040.0,,73490000000.0,,6170000000.0,32230000000.0,56360000000.0,60.95,60.95,,13.27,14.2,23.51,22.6,,,26.41,57.26008,
PTCIL,PTCIL,Industrials,Metal Fabrication,19167.0,14992549.0,288030000000.0,67.74,143.79999999999998,1005.0,0.0,1730000000.0,1360000000.0,283766980608.0,6030000000.0,1020000000.0,19560000000.0,15840000000.0,4490000000.0,15070000000.0,2610000000.0,90000000.0,14920000000.0,,,,,2610000000.0,610000000.0,4967913984.0,,3080000000.0,,610000000.0,-690000000.0,2710000000.0,59.72,59.72,,3.95,3.95,9.35,9.21,,,68.02,434.08667,
PVRINOX,PVRINOX,Communication Services,Entertainment,1176.0,98199962.0,115850000000.0,34.02,,751.0,0.0,23870000000.0,11170000000.0,178756304896.0,66460000000.0,3330000000.0,156120000000.0,162610000000.0,82340000000.0,73780000000.0,67790000000.0,7330000000.0,72800000000.0,,,,,67790000000.0,77750000000.0,45661999104.0,,57800000000.0,,-2810000000.0,21600000000.0,290000000.0,27.53,27.53,,18.08,17.86,35.72,36.43,,,28.55,58.59546,
PWL,PWL,Consumer Defensive,Education & Training Services,118.0,2859692500.0,342670000000.0,-0.08,,15.8,0.0,5490000000.0,1120000000.0,316410363904.0,39000000000.0,-240000000.0,76770000000.0,41680000000.0,31570000000.0,45200000000.0,10520000000.0,1020000000.0,42340000000.0,,,,,10520000000.0,18310000000.0,12290700288.0,,28870000000.0,,-2430000000.0,8330000000.0,32820000000.0,71.27,72.3,,12.01,11.56,13.12,13.46,,,-0.07,2.05862,
RADICO,RADICO,Consumer Defensive,Beverages - Wineries & Distilleries,4675.0,133982398.0,628890000000.0,45.14,62.1,248.0,8.8825,10230000000.0,8700000000.0,365108363264.0,60370000000.0,6040000000.0,49950000000.0,46680000000.0,16790000000.0,33160000000.0,4980000000.0,650000000.0,32890000000.0,,,,,4980000000.0,7500000000.0,25365002240.0,,48430000000.0,,3460000000.0,7430000000.0,2660000000.0,40.19,40.2,,18.2,17.63,28.08,27.35,,,52.58,79.72443,
RAILTEL,RAILTEL,Communication Services,Telecom Services,285.0,320938407.0,91530000000.0,5.89,25.2,53.7,3.2489999999999997,4160000000.0,2620000000.0,84725194752.0,19640000000.0,1890000000.0,35500000000.0,33390000000.0,18270000000.0,17230000000.0,480000000.0,70000000.0,14020000000.0,,,,,480000000.0,420000000.0,6896600064.0,,15480000000.0,,2090000000.0,2300000000.0,1500000000.0,72.84,72.84,,3.98,3.72,0.99,0.99,,,10.77,14.85,
RAINBOW,RAINBOW,Healthcare,Medical Care Facilities,1453.0,101450140.0,147500000000.0,27.4,13.3,162.0,3.4871999999999996,5910000000.0,4400000000.0,154539311104.0,17030000000.0,2820000000.0,27750000000.0,23770000000.0,11260000000.0,16490000000.0,8910000000.0,820000000.0,15470000000.0,,,,,8910000000.0,7640000000.0,13272999936.0,,15160000000.0,,2440000000.0,4200000000.0,2590000000.0,49.84,49.84,,16.03,17.24,22.56,21.12,,,28.16,39.558,
RAMCOCEM,RAMCOCEM,Basic Materials,Building Materials,909.0,236292380.0,215400000000.0,29.57,-63.3,343.0,2.5452000000000004,20320000000.0,12920000000.0,,90290000000.0,6990000000.0,166290000000.0,163290000000.0,85350000000.0,80940000000.0,38710000000.0,4210000000.0,80700000000.0,,,,,38710000000.0,46750000000.0,48886198272.0,,85180000000.0,,2700000000.0,16110000000.0,3380000000.0,42.55,42.55,,7.52,8.04,29.5,28.92,,,27.28,25.77561,
RBLBANK,RBLBANK,Financial Services,Banks - Regional,387.0,1550108105.0,604620000000.0,14.22,367.9,271.0,1.0062,93280000000.0,90810000000.0,229205131264.0,143370000000.0,8790000000.0,1807470000000.0,1467720000000.0,1640230000000.0,167240000000.0,152253202432.0,79750000000.0,161060000000.0,,,,,,,79456002048.0,,140410000000.0,,7170000000.0,75780000000.0,2250000000.0,60.0,0.0,,8.77,20.23,16.92,42.97,,,12.12,19.89643,
RECLTD,RECLTD,Financial Services,Credit Services,346.0,2633224000.0,912410000000.0,61.93,-6.1,321.0,18.511,570310000000.0,570040000000.0,5862263881728.0,595860000000.0,163080000000.0,6401580000000.0,6145020000000.0,5556620000000.0,844960000000.0,5166743420928.0,362380000000.0,818630000000.0,,,,,,,229435195392.0,,563690000000.0,,158840000000.0,59720000000.0,33080000000.0,52.63,52.63,,15.76,15.79,16.98,16.36,,,60.76,69.96345,
REDINGTON,REDINGTON,,,346.0,,270140000000.0,19.06,,130.0,5.9858,23800000000.0,21740000000.0,,1191620000000.0,12840000000.0,338370000000.0,275730000000.0,236770000000.0,101600000000.0,28420000000.0,4770000000.0,100040000000.0,,,,,28420000000.0,28090000000.0,,,993340000000.0,,18210000000.0,2310000000.0,0.0,,,,61.96,61.49,16.37,17.12,,,,,
RELIANCE,RELIANCE,Energy,Oil & Gas Refining & Marketing,1317.0,13532472634.0,17847860000000.0,59.69,-22.400000000000002,668.0,6.0582,2079110000000.0,1502230000000.0,21201546117120.0,10557800000000.0,957540000000.0,21775460000000.0,19497130000000.0,12735160000000.0,9040300000000.0,4029620000000.0,270610000000.0,8904980000000.0,,,,,4029620000000.0,3743130000000.0,3822279983104.0,,9628200000000.0,,813090000000.0,1921130000000.0,1010890000000.0,50.48,50.0,,17.19,18.67,21.1,20.46,,,55.29,71.54501,
RHIM,RHIM,Industrials,Metal Fabrication,392.0,206501426.0,80820000000.0,-18.54,83.0,172.0,2.5088,-860000000.0,-2830000000.0,,40200000000.0,-3830000000.0,48610000000.0,51550000000.0,13000000000.0,35610000000.0,4480000000.0,370000000.0,35400000000.0,,,,,4480000000.0,3800000000.0,16369300480.0,,36740000000.0,,2030000000.0,4090000000.0,3390000000.0,56.07,56.07,,3.98,4.38,14.34,13.46,,,-17.13,18.36667,
RITES,RITES,Industrials,Engineering & Construction,224.0,480603774.0,107900000000.0,8.54,8.4,55.8,5.1968,6780000000.0,6120000000.0,99935780864.0,24150000000.0,4540000000.0,59260000000.0,61210000000.0,32440000000.0,26820000000.0,70000000.0,40000000.0,22010000000.0,,,,,70000000.0,90000000.0,7732100096.0,,22180000000.0,,4240000000.0,3270000000.0,0.0,72.2,72.2,,3.43,3.47,8.74,8.7,,,8.67,11.01667,
RKFORGE,RKFORGE,,,733.0,,133690000000.0,3.95,,181.0,1.0262000000000002,6290000000.0,2960000000.0,,42380000000.0,720000000.0,71620000000.0,65280000000.0,38720000000.0,32900000000.0,24490000000.0,2120000000.0,32540000000.0,,,,,24490000000.0,21260000000.0,,,40340000000.0,,4150000000.0,8400000000.0,9290000000.0,43.39,43.33,,20.43,21.75,5.09,4.45,,,,,
RPOWER,RPOWER,Utilities,Utilities - Independent Power Producers,23.2,4135770966.0,96030000000.0,-0.81,47.199999999999996,38.8,0.0,23500000000.0,15210000000.0,227101294592.0,76200000000.0,-3370000000.0,412930000000.0,412830000000.0,252530000000.0,160400000000.0,148120000000.0,16660000000.0,119040000000.0,,,,,148120000000.0,151530000000.0,40941699072.0,,75830000000.0,,29480000000.0,28240000000.0,2120000000.0,24.98,24.98,,13.64,14.12,2.79,3.12,,,-0.77,4.51,
RRKABEL,RRKABEL,Industrials,Electrical Equipment & Parts,2834.0,113105505.0,320740000000.0,43.52,128.5,228.0,9.6356,8280000000.0,7360000000.0,317533356032.0,97220000000.0,4920000000.0,46210000000.0,35170000000.0,20460000000.0,25750000000.0,3370000000.0,770000000.0,25180000000.0,,,,,3370000000.0,2900000000.0,19745992704.0,,76180000000.0,,3120000000.0,2950000000.0,2630000000.0,61.38,61.65,,10.68,9.1,11.87,13.33,,,53.84,78.52268,
RVNL,RVNL,Industrials,Engineering & Construction,228.0,2085020100.0,475700000000.0,4.2,16.900000000000002,47.1,1.71,16360000000.0,16000000000.0,,204120000000.0,8710000000.0,217020000000.0,204780000000.0,118800000000.0,98220000000.0,48180000000.0,4190000000.0,77370000000.0,,,,,48180000000.0,54190000000.0,12448400384.0,,199230000000.0,,12780000000.0,-18890000000.0,0.0,72.84,72.84,,2.41,4.86,6.6,6.42,,,4.3,5.5,
SAGILITY,SAGILITY,Healthcare,Health Information Services,42.7,4681328413.0,199840000000.0,1.98,43.8,20.6,0.14945,18250000000.0,13380000000.0,206199767040.0,71930000000.0,9250000000.0,124500000000.0,109170000000.0,27910000000.0,96590000000.0,11110000000.0,990000000.0,49800000000.0,,,,,11110000000.0,14020000000.0,28667348992.0,,55700000000.0,,5390000000.0,12030000000.0,6870000000.0,50.95,50.95,,9.99,10.02,21.42,22.28,,,2.12,2.93648,
SAIL,SAIL,Basic Materials,Steel,169.0,4130525289.0,696740000000.0,8.17,121.10000000000001,146.0,1.6055,126520000000.0,66640000000.0,1030707609600.0,1108110000000.0,33730000000.0,1358960000000.0,1367180000000.0,755400000000.0,603560000000.0,319280000000.0,21580000000.0,562250000000.0,,,,,319280000000.0,369340000000.0,575712329728.0,,1024790000000.0,,23720000000.0,190390000000.0,78990000000.0,65.0,65.0,,7.09,5.01,16.87,18.4,,,10.35,15.86184,
SAILIFE,SAILIFE,Healthcare,Diagnostics & Research,1451.0,212313616.0,308110000000.0,16.48,20.8,117.0,0.0,6720000000.0,5050000000.0,311305666560.0,21920000000.0,3490000000.0,36260000000.0,31460000000.0,11420000000.0,24840000000.0,2880000000.0,390000000.0,24630000000.0,,,,,2880000000.0,3520000000.0,16756710400.0,,16950000000.0,,1700000000.0,5090000000.0,3950000000.0,34.53,34.61,,19.65,21.17,32.71,31.54,,,16.98,24.98376,
SAMMAANCAP,SAMMAANCAP,Financial Services,Mortgage Finance,162.0,1145673631.0,188020000000.0,-61.66,,164.0,0.0,-30780000000.0,-31660000000.0,532661567488.0,81660000000.0,-71450000000.0,742430000000.0,701810000000.0,552510000000.0,189920000000.0,518530695168.0,56180000000.0,187630000000.0,,,,,,,-10801399808.0,,86760000000.0,,-18070000000.0,-74660000000.0,15400000000.0,28.34,0.0,,19.6,46.21,7.94,12.08,,,-87.73,,
SAPPHIRE,SAPPHIRE,Consumer Cyclical,Restaurants,233.0,321382905.0,74910000000.0,-0.99,,43.3,0.0,4780000000.0,860000000.0,87215833088.0,31250000000.0,-320000000.0,32550000000.0,30400000000.0,18650000000.0,13900000000.0,14170000000.0,1230000000.0,13260000000.0,,,,,14170000000.0,12920000000.0,17078760448.0,,28820000000.0,,170000000.0,5070000000.0,2330000000.0,26.06,26.06,,25.25,28.98,41.92,37.49,,,-0.49,2.32521,
SARDAEN,SARDAEN,Basic Materials,Steel,523.0,352381270.0,184380000000.0,31.38,5.4,209.0,1.9874,20340000000.0,16930000000.0,176115728384.0,56900000000.0,11090000000.0,113710000000.0,101250000000.0,40010000000.0,73700000000.0,26320000000.0,2440000000.0,73350000000.0,,,,,26320000000.0,28610000000.0,28666499072.0,,46430000000.0,,7020000000.0,17350000000.0,11660000000.0,73.16,73.16,,3.51,3.5,3.47,3.32,,,32.06,47.33,
SAREGAMA,SAREGAMA,Communication Services,Entertainment,532.0,191959490.0,102490000000.0,10.74,41.6,87.8,4.522,3710000000.0,2890000000.0,97492983808.0,9850000000.0,2060000000.0,23220000000.0,20950000000.0,6300000000.0,16920000000.0,730000000.0,50000000.0,16730000000.0,,,,,730000000.0,30000000.0,5400500224.0,,11710000000.0,,2040000000.0,1000000000.0,1130000000.0,60.84,60.84,,11.5,12.18,8.6,7.1,,,11.51,15.65,
SBFC,SBFC,Financial Services,Credit Services,94.6,1107497215.0,104630000000.0,3.18,28.599999999999998,29.4,0.0,8970000000.0,8800000000.0,170312810496.0,13060000000.0,3450000000.0,85960000000.0,70630000000.0,54060000000.0,31900000000.0,72895700992.0,4210000000.0,21050000000.0,,,,,,,10670270464.0,,10190000000.0,,2370000000.0,-14150000000.0,0.0,52.31,52.35,,7.22,6.21,20.72,21.97,,,4.36,6.12724,
SBICARD,SBICARD,Financial Services,Credit Services,641.0,951642492.0,610002862080.0,23.9,19.5,165.178,2.5,,,1042470010880.0,125014499328.0,22751899648.0,,,,,440637292544.0,,,,,,,,,30817200128.0,,,,,,,68.86,68.92,,8.98,9.54,18.13,18.12,,,23.9,35.73939,
SBILIFE,SBILIFE,Financial Services,Insurance - Life,1812.0,1003261050.0,1817909002240.0,25.99,21.8,200.674,2.7,29454850048.0,29454850048.0,1819617656832.0,1215675498496.0,26008600576.0,,,,,0.0,,,,,,,,,118034497536.0,,,,,,,55.32,55.33,,20.95,21.51,19.67,19.13,,,25.99,34.94122,
SBIN,SBIN,Financial Services,Banks - Regional,1083.0,9230617586.0,10015270000000.0,90.24,9.9,674.0,17.328,4338630000000.0,4290330000000.0,16270812512256.0,5149330000000.0,866660000000.0,83211760000000.0,73137300000000.0,77250450000000.0,5961310000000.0,8203340349440.0,3150050000000.0,5952080000000.0,,,,,,,3852830244864.0,,4903130000000.0,,805230000000.0,380970000000.0,0.0,55.47,55.52,,10.81,11.41,26.52,26.11,,,93.48,105.07902,
SCHAEFFLER,SCHAEFFLER,Consumer Cyclical,Auto Parts,4111.0,156303670.0,642180000000.0,73.6,13.0,393.0,34.9435,19110000000.0,15670000000.0,631618404352.0,96860000000.0,11500000000.0,85120000000.0,82130000000.0,23650000000.0,61470000000.0,480000000.0,50000000.0,61160000000.0,,,,,480000000.0,550000000.0,40355299328.0,,82320000000.0,,9390000000.0,12900000000.0,3410000000.0,74.13,74.13,,4.36,4.25,16.21,16.32,,,80.04,100.65018,
SCHNEIDER,SCHNEIDER,Industrials,Electrical Equipment & Parts,1379.1,239104035.0,329748348928.0,8.88,-59.599999999999994,32.429,,3707899904.0,3707899904.0,343847960576.0,28906299392.0,2125600000.0,,,,,5482500096.0,,,,,,,,,10663300096.0,,,,,2244999936.0,,75.0,75.0,,3.42,3.18,4.65,4.07,,,8.88,24.7,
SCI,SCI,Industrials,Marine Shipping,294.0,465799010.0,137220000000.0,29.05,75.0,195.0,6.4974,26600000000.0,15960000000.0,161584545792.0,57800000000.0,13530000000.0,133180000000.0,117010000000.0,42220000000.0,90960000000.0,26790000000.0,1730000000.0,86300000000.0,,,,,26790000000.0,22280000000.0,8543000064.0,,56060000000.0,,8440000000.0,13430000000.0,8580000000.0,63.75,63.75,,8.98,8.98,2.09,2.49,,,34.75,3.3,
SHREECEM,SHREECEM,Basic Materials,Building Materials,25245.0,36080748.0,916590000000.0,483.24,3.4000000000000004,6449.0,148.9455,52990000000.0,25050000000.0,899497590784.0,209430000000.0,17490000000.0,314480000000.0,284640000000.0,81810000000.0,232670000000.0,18680000000.0,2120000000.0,232310000000.0,,,,,18680000000.0,10460000000.0,65265098752.0,,192830000000.0,,11240000000.0,37940000000.0,37140000000.0,62.56,62.56,,8.21,8.94,16.42,15.79,,,452.59,689.4791,
SHRIRAMFIN,SHRIRAMFIN,Financial Services,Credit Services,1132.0,2352983543.0,2648830000000.0,53.28,29.5,350.0,10.754,355850000000.0,348860000000.0,4344895242240.0,481350000000.0,100240000000.0,3213750000000.0,2939980000000.0,2554570000000.0,659180000000.0,1820772663296.0,215860000000.0,655420000000.0,,,,,,,219087994880.0,,439410000000.0,,95760000000.0,-132810000000.0,2410000000.0,20.3,25.38,,54.75,45.15,19.9,23.29,,,55.97,71.7728,
SHYAMMETL,SHYAMMETL,Basic Materials,Steel,979.0,278326554.0,272980000000.0,38.34,20.7,413.0,4.5034,25360000000.0,16540000000.0,287727517696.0,185520000000.0,10600000000.0,200660000000.0,163200000000.0,85430000000.0,115230000000.0,10050000000.0,1920000000.0,112450000000.0,,,,,10050000000.0,7890000000.0,55112601600.0,,151590000000.0,,9090000000.0,20240000000.0,19390000000.0,74.59,74.59,,2.97,3.09,13.75,9.17,,,40.45,67.53877,
SIEMENS,SIEMENS,Industrials,Specialty Industrial Machinery,3987.0,356120505.0,1419850000000.0,77.27,406.1,389.0,17.9415,40130000000.0,35980000000.0,1378266251264.0,248460000000.0,27540000000.0,212130000000.0,251700000000.0,73730000000.0,138400000000.0,3070000000.0,730000000.0,137690000000.0,,,,,3070000000.0,2790000000.0,49046999040.0,,151460000000.0,,27180000000.0,-5350000000.0,0.0,75.0,75.0,,6.47,6.8,9.1,8.59,,,47.42,67.7104,
SIGNATURE,SIGNATURE,Real Estate,Real Estate - Development,801.0,140686026.0,112700000000.0,77.9,,132.0,0.0,14020000000.0,13700000000.0,115593437184.0,25960000000.0,10950000000.0,172550000000.0,128660000000.0,154050000000.0,18500000000.0,29790000000.0,600000000.0,18360000000.0,,,,,29790000000.0,23940000000.0,5831660032.0,,24980000000.0,,1010000000.0,1260000000.0,0.0,69.54,69.63,,9.45,9.53,5.46,5.41,,,74.17,55.10821,
SJVN,SJVN,Utilities,Utilities - Renewable,67.1,3929795175.0,263770000000.0,1.63,-1.7000000000000002,36.2,1.14741,34870000000.0,24450000000.0,562488999936.0,45280000000.0,6420000000.0,517660000000.0,460630000000.0,375270000000.0,142390000000.0,322780000000.0,12980000000.0,103090000000.0,,,,,322780000000.0,270250000000.0,44620898304.0,,30720000000.0,,8180000000.0,18600000000.0,34810000000.0,81.85,81.85,,2.79,2.75,3.74,3.74,,,1.76,4.80468,
SOBHA,SOBHA,Real Estate,Real Estate - Development,1343.0,106932977.0,143830000000.0,18.09,274.0,441.0,6.043500000000001,5030000000.0,3970000000.0,139366105088.0,51900000000.0,1930000000.0,194990000000.0,172050000000.0,147790000000.0,47200000000.0,10570000000.0,1370000000.0,46130000000.0,,,,,10570000000.0,11830000000.0,18086240256.0,,40390000000.0,,950000000.0,4300000000.0,970000000.0,52.88,52.88,,6.12,6.23,25.99,26.1,,,21.61,72.29341,
SOLARINDS,SOLARINDS,Basic Materials,Specialty Chemicals,20324.0,90490055.0,1806900000000.0,185.38,70.0,694.0,10.162,27500000000.0,24990000000.0,1708029640704.0,98380000000.0,17370000000.0,107330000000.0,81420000000.0,44560000000.0,62770000000.0,15240000000.0,1340000000.0,62590000000.0,,,,,15240000000.0,9750000000.0,48398598144.0,,75400000000.0,,12880000000.0,6210000000.0,9510000000.0,73.15,73.15,,6.39,6.59,13.36,12.89,,,185.82,333.25168,
SONACOMS,SONACOMS,Consumer Cyclical,Auto Parts,800.0,623552875.0,501590000000.0,10.29,44.3,96.2,3.44,11530000000.0,8650000000.0,493902135296.0,44490000000.0,6290000000.0,74640000000.0,65370000000.0,14810000000.0,59830000000.0,4420000000.0,230000000.0,53610000000.0,,,,,4420000000.0,2020000000.0,24445380608.0,,35460000000.0,,6000000000.0,6590000000.0,15540000000.0,28.01,28.01,,23.61,23.7,41.6,41.46,,,11.18,16.82594,
SONATSOFTW,SONATSOFTW,Technology,Information Technology Services,326.0,276794469.0,91460000000.0,16.56,-0.8,67.9,7.8892,7820000000.0,6780000000.0,90966671360.0,107010000000.0,4640000000.0,49820000000.0,46700000000.0,30770000000.0,19050000000.0,7230000000.0,510000000.0,18770000000.0,,,,,7230000000.0,5160000000.0,13332200448.0,,101570000000.0,,4250000000.0,5380000000.0,2090000000.0,28.17,28.17,,9.17,8.74,24.68,25.55,,,16.72,20.95,
SPLPETRO,SPLPETRO,Basic Materials,Specialty Chemicals,717.0,188041342.0,134690000000.0,17.51,193.5,126.0,10.5399,5580000000.0,4660000000.0,130784747520.0,54060000000.0,3300000000.0,34900000000.0,7850000000.0,11130000000.0,23770000000.0,1330000000.0,180000000.0,23390000000.0,,,,,1330000000.0,1550000000.0,11557590016.0,,16130000000.0,,600000000.0,2470000000.0,1900000000.0,64.24,64.24,,3.8,3.69,4.14,4.24,,,25.76,25.1,
SRF,SRF,Industrials,Conglomerates,2609.0,296406025.0,775990000000.0,61.91,75.6,474.0,8.870600000000001,34320000000.0,25800000000.0,811718410240.0,157870000000.0,18350000000.0,240970000000.0,215210000000.0,100550000000.0,140420000000.0,50830000000.0,2780000000.0,137450000000.0,,,,,50830000000.0,47260000000.0,82143502336.0,,146930000000.0,,12510000000.0,25540000000.0,15890000000.0,50.26,50.26,,15.45,16.67,22.44,21.17,,,72.9,90.41367,
STARHEALTH,STARHEALTH,Financial Services,Insurance - Life,584.6,588403502.0,343980670976.0,11.37,109.60000000000001,172.352,,,,,184750292992.0,6685300224.0,,,,,0.0,,,,,,,,,40559198208.0,,,,,,,58.01,57.98,,16.04,15.06,19.41,20.31,,,11.37,28.95,
SUMICHEM,SUMICHEM,Basic Materials,Agricultural Inputs,543.0,499145736.0,270990000000.0,10.88,20.4,67.9,1.3032,8020000000.0,7360000000.0,260994236416.0,32380000000.0,5430000000.0,44740000000.0,39630000000.0,10840000000.0,33900000000.0,630000000.0,80000000.0,28910000000.0,,,,,630000000.0,520000000.0,13574960128.0,,31490000000.0,,5060000000.0,4460000000.0,3320000000.0,75.0,75.0,,3.02,3.41,9.33,8.98,,,11.6,14.59667,
SUNDARMFIN,SUNDARMFIN,Financial Services,Credit Services,4546.0,110217571.0,502980000000.0,185.32,33.800000000000004,1341.0,40.0048,76720000000.0,74260000000.0,1081809502208.0,98520000000.0,20590000000.0,857950000000.0,753370000000.0,709020000000.0,148930000000.0,609390297088.0,47450000000.0,147830000000.0,,,,,,,42940301312.0,,85130000000.0,,18790000000.0,-58920000000.0,13710000000.0,37.21,37.21,,18.58,18.97,8.0,7.69,,,201.3,221.42,
SUNPHARMA,SUNPHARMA,Healthcare,Drug Manufacturers - Specialty & Generic,1932.0,2399334970.0,4657080000000.0,47.84,27.400000000000002,348.0,16.0356,183960000000.0,154580000000.0,4378511015936.0,584620000000.0,115090000000.0,1084070000000.0,919080000000.0,248370000000.0,835700000000.0,46270000000.0,3390000000.0,833300000000.0,,,,,46270000000.0,23620000000.0,472834801664.0,,525780000000.0,,109650000000.0,124190000000.0,104050000000.0,54.48,54.48,,14.54,15.94,22.06,21.0,,,50.35,64.53287,
SUNTV,SUNTV,Communication Services,Broadcasting,488.0,394084620.0,192190000000.0,36.53,-37.4,321.0,12.4928,26760000000.0,19530000000.0,123782479872.0,43350000000.0,14410000000.0,138410000000.0,126360000000.0,11980000000.0,126430000000.0,1060000000.0,140000000.0,124460000000.0,,,,,1060000000.0,1240000000.0,28852500480.0,,40150000000.0,,17040000000.0,18020000000.0,13110000000.0,75.0,75.0,,5.8,6.64,11.3,10.91,,,38.83,44.5,
SUPREMEIND,SUPREMEIND,Industrials,Building Products & Equipment,3497.0,127026870.0,446390000000.0,75.1,38.7,486.0,36.0191,16990000000.0,12710000000.0,433920278528.0,112180000000.0,9540000000.0,77950000000.0,71680000000.0,16260000000.0,61690000000.0,910000000.0,290000000.0,61440000000.0,,,,,910000000.0,760000000.0,37027500032.0,,104460000000.0,,9610000000.0,12250000000.0,10240000000.0,48.96,48.96,,17.08,17.12,18.98,19.14,,,81.31,104.05891,
SUZLON,SUZLON,Industrials,Specialty Industrial Machinery,47.6,13745636636.0,650000000000.0,2.33,-8.3,6.96,0.0,32020000000.0,28840000000.0,633696681984.0,167320000000.0,31630000000.0,188690000000.0,129600000000.0,94050000000.0,94640000000.0,5560000000.0,4620000000.0,67190000000.0,,,,,5560000000.0,3230000000.0,59954200576.0,,108900000000.0,,20720000000.0,12020000000.0,9140000000.0,11.7,11.73,,24.15,23.85,11.12,9.18,,,2.29,2.11618,
SWANCORP,SWANCORP,Industrials,Conglomerates,308.0,313456886.0,96640000000.0,8.75,,240.0,0.154,5700000000.0,4460000000.0,128258596864.0,43710000000.0,2710000000.0,138530000000.0,136040000000.0,63170000000.0,75360000000.0,21030000000.0,810000000.0,75050000000.0,,,,,21030000000.0,28230000000.0,846308992.0,,49380000000.0,,8740000000.0,-140000000.0,0.0,53.96,53.96,,10.35,10.41,12.9,12.88,,,8.65,,
SWIGGY,SWIGGY,Consumer Cyclical,Internet Retail,280.0,2620001701.0,772610000000.0,-15.05,,66.4,0.0,-27370000000.0,-39540000000.0,641991376896.0,230530000000.0,-41540000000.0,252370000000.0,152050000000.0,69230000000.0,183140000000.0,25510000000.0,2000000000.0,180530000000.0,,,,,25510000000.0,17020000000.0,110490001408.0,,152270000000.0,,-31170000000.0,-28980000000.0,49830000000.0,,,,13.96,14.59,27.38,25.45,,,-14.78,-5.28641,
SYNGENE,SYNGENE,Healthcare,Diagnostics & Research,401.0,402503158.0,161890000000.0,7.86,,120.0,1.2430999999999999,9130000000.0,4600000000.0,158867996672.0,37390000000.0,3170000000.0,70550000000.0,67960000000.0,22160000000.0,48390000000.0,4580000000.0,490000000.0,44360000000.0,,,,,4580000000.0,5780000000.0,24480999424.0,,36420000000.0,,4960000000.0,9150000000.0,8390000000.0,52.59,52.68,,11.82,13.91,28.01,26.44,,,5.48,10.65853,
SYRMA,SYRMA,Technology,Electronic Components,1468.0,192624977.0,283240000000.0,16.48,86.0,148.0,1.468,5770000000.0,4930000000.0,282034765824.0,48190000000.0,3460000000.0,57670000000.0,42020000000.0,29040000000.0,28630000000.0,4000000000.0,480000000.0,26700000000.0,,,,,4000000000.0,6650000000.0,13885139968.0,,37870000000.0,,1840000000.0,2900000000.0,7360000000.0,42.28,42.28,,7.51,6.6,15.9,16.59,,,19.3,30.91686,
TARIL,TARIL,Industrials,Electrical Equipment & Parts,292.0,300165834.0,87690000000.0,8.81,-8.5,50.5,0.20440000000000003,4440000000.0,4140000000.0,89688530944.0,25090000000.0,2720000000.0,26660000000.0,21870000000.0,11510000000.0,15150000000.0,4570000000.0,510000000.0,14850000000.0,,,,,4570000000.0,2830000000.0,8134499840.0,,20170000000.0,,2160000000.0,-1050000000.0,70000000.0,64.36,64.36,,7.8,8.33,1.54,1.77,,,8.63,12.83333,
TATACAP,TATACAP,Financial Services,Credit Services,364.0,4216692745.0,1544910000000.0,11.42,47.199999999999996,108.0,0.5824,230850000000.0,225470000000.0,3853837402112.0,315660000000.0,48910000000.0,2905040000000.0,2483200000000.0,2446420000000.0,458620000000.0,2369170440192.0,159850000000.0,416450000000.0,,,,,,,136075599872.0,,283220000000.0,,36550000000.0,-379650000000.0,0.0,85.41,85.41,,5.17,4.88,3.57,3.6,,,12.81,21.1375,
TATACHEM,TATACHEM,Basic Materials,Chemicals,672.0,254756278.0,171240000000.0,-74.41,,832.0,11.020799999999998,3320000000.0,-8690000000.0,249829195776.0,145840000000.0,-17150000000.0,389980000000.0,377500000000.0,177920000000.0,212060000000.0,80010000000.0,5900000000.0,209510000000.0,,,,,80010000000.0,70720000000.0,93780000768.0,,148870000000.0,,3870000000.0,12690000000.0,7660000000.0,37.98,37.98,,12.06,11.9,21.11,22.83,,,-84.95,31.09349,
TATACOMM,TATACOMM,Communication Services,Telecom Services,1758.0,285016749.0,501320000000.0,35.14,-29.4,121.0,17.580000000000002,49850000000.0,21580000000.0,609576288256.0,248030000000.0,9970000000.0,282870000000.0,264440000000.0,248400000000.0,34470000000.0,122490000000.0,7620000000.0,31620000000.0,,,,,122490000000.0,123570000000.0,69805400064.0,,231090000000.0,,18370000000.0,44790000000.0,14340000000.0,58.86,58.86,,13.75,14.44,19.85,19.14,,,33.16,78.3208,
TATACONSUM,TATACONSUM,Consumer Defensive,Packaged Foods,1090.0,989690012.0,1079770000000.0,15.59,27.900000000000002,220.0,10.028,29370000000.0,23100000000.0,1049842483200.0,202900000000.0,15470000000.0,342790000000.0,318310000000.0,124910000000.0,217880000000.0,28200000000.0,1370000000.0,216890000000.0,,,,,28200000000.0,23930000000.0,85755199488.0,,176180000000.0,,12870000000.0,24220000000.0,13110000000.0,33.83,33.83,,20.08,20.79,24.99,24.18,,,16.57,23.91211,
TATAELXSI,TATAELXSI,Technology,Software - Application,3778.0,62299561.0,234540000000.0,16.38,18.099999999999998,45.5,75.18220000000001,1820000000.0,1560000000.0,216368611328.0,8490000000.0,1020000000.0,4660000000.0,3880000000.0,1830000000.0,2830000000.0,0.0,10000000.0,2520000000.0,,,,,0.0,0.0,12935109632.0,,7750000000.0,,720000000.0,1430000000.0,290000000.0,43.9,43.9,,9.85,11.08,11.03,11.39,,,105.05,143.76416,
TATAINVEST,TATAINVEST,Financial Services,Asset Management,674.0,505952960.0,340790000000.0,8.57,-1.7999999999999998,578.0,3.37,4790000000.0,4750000000.0,19844894720.0,4030000000.0,4340000000.0,326520000000.0,348420000000.0,34300000000.0,292220000000.0,10000000.0,10000000.0,291710000000.0,,,,,10000000.0,0.0,4093656064.0,,3060000000.0,,3120000000.0,2790000000.0,1480000000.0,73.38,73.38,,2.66,2.62,0.56,0.54,,,8.51,,
TATAPOWER,TATAPOWER,Utilities,Utilities - Independent Power Producers,383.0,3195339547.0,1227870000000.0,11.73,10.9,124.0,2.4895,167040000000.0,118930000000.0,1941706506240.0,624290000000.0,51180000000.0,1745640000000.0,1561930000000.0,1350960000000.0,394680000000.0,761410000000.0,52570000000.0,391480000000.0,,,,,761410000000.0,628660000000.0,226564096000.0,,654780000000.0,,47750000000.0,59930000000.0,141290000000.0,46.86,46.86,,10.03,10.04,18.12,17.98,,,12.07,16.76218,
TATASTEEL,TATASTEEL,Basic Materials,Steel,185.0,12474316070.0,2316910000000.0,8.65,11.4,81.8,3.996,350910000000.0,231360000000.0,3164590047232.0,2321400000000.0,108860000000.0,2965150000000.0,2754590000000.0,1943480000000.0,1021670000000.0,923820000000.0,71670000000.0,1009200000000.0,,,,,923820000000.0,948010000000.0,1351154794496.0,,2185430000000.0,,31740000000.0,350640000000.0,143970000000.0,32.94,33.19,,18.9,18.58,26.44,26.67,,,8.84,17.9,
TATATECH,TATATECH,Technology,Information Technology Services,868.0,406051830.0,353180000000.0,13.46,6.2,96.6,8.332799999999999,9440000000.0,7990000000.0,335489794048.0,55060000000.0,5470000000.0,88600000000.0,66640000000.0,49370000000.0,39230000000.0,9380000000.0,340000000.0,38420000000.0,,,,,9380000000.0,2370000000.0,14545399808.0,,51680000000.0,,6770000000.0,7760000000.0,7760000000.0,55.17,55.18,,6.3,5.77,4.48,3.44,,,13.73,23.5748,
TBOTEK,TBOTEK,Consumer Cyclical,Travel Services,1605.0,106783982.0,174430000000.0,22.5,32.300000000000004,143.0,0.0,4310000000.0,3450000000.0,163458727936.0,26770000000.0,2440000000.0,93030000000.0,62060000000.0,77520000000.0,15510000000.0,7560000000.0,520000000.0,15400000000.0,,,,,7560000000.0,2140000000.0,24699090944.0,,17370000000.0,,2300000000.0,-210000000.0,3610000000.0,44.4,44.4,,28.93,29.71,21.09,20.34,,,24.6,50.07778,
TCS,TCS,Technology,Information Technology Services,2375.0,3618087518.0,8592960000000.0,136.01,4.6,296.0,63.8875,722740000000.0,667140000000.0,8175410479104.0,2670210000000.0,494540000000.0,1811670000000.0,1586490000000.0,739270000000.0,1072400000000.0,112830000000.0,12270000000.0,1068780000000.0,,,,,112830000000.0,93920000000.0,1114159972352.0,,2553240000000.0,,487970000000.0,520940000000.0,118860000000.0,71.77,71.77,,9.07,9.66,13.41,13.34,,,137.69,162.42776,
TECHM,TECHM,Technology,Information Technology Services,1639.0,885849177.0,1606360000000.0,49.1,28.299999999999997,302.0,50.972899999999996,87920000000.0,69100000000.0,1381730091008.0,568150000000.0,48060000000.0,491680000000.0,442670000000.0,195520000000.0,296160000000.0,21860000000.0,3370000000.0,291730000000.0,,,,,21860000000.0,20250000000.0,211602997248.0,,529880000000.0,,42530000000.0,61720000000.0,3140000000.0,34.96,34.97,,18.66,18.59,36.92,37.34,,,57.85,86.86606,
TECHNOE,TECHNOE,Industrials,Engineering & Construction,984.0,116299574.0,114270000000.0,40.75,-31.5,357.0,9.0528,6360000000.0,6190000000.0,,32520000000.0,4740000000.0,59380000000.0,50440000000.0,17810000000.0,41570000000.0,720000000.0,190000000.0,41340000000.0,,,,,720000000.0,390000000.0,6982759936.0,,22690000000.0,,4230000000.0,-5900000000.0,0.0,56.93,56.93,,8.08,8.65,21.61,22.72,,,37.06,58.95,
TEGA,TEGA,Industrials,Specialty Industrial Machinery,1670.0,75127698.0,125530000000.0,18.99,-63.6,454.0,2.004,3190000000.0,2240000000.0,104064368640.0,16920000000.0,1430000000.0,43140000000.0,20890000000.0,9070000000.0,34070000000.0,3980000000.0,230000000.0,33320000000.0,,,,,3980000000.0,3300000000.0,10068759552.0,,16390000000.0,,2000000000.0,3500000000.0,10040000000.0,67.51,67.51,,2.8,2.14,18.68,18.97,,,20.51,93.6,
TEJASNET,TEJASNET,Technology,Communication Equipment,540.0,177742485.0,96210000000.0,-51.14,,165.0,2.484,-6480000000.0,-10510000000.0,130793496576.0,11030000000.0,-9090000000.0,94030000000.0,104620000000.0,64720000000.0,29310000000.0,41770000000.0,3030000000.0,27500000000.0,,,,,41770000000.0,34070000000.0,3824000000.0,,89230000000.0,,4470000000.0,1350000000.0,7610000000.0,53.33,53.4,,5.82,5.29,4.04,4.32,,,-51.72,,
TENNIND,TENNIND,Consumer Cyclical,Auto Parts,533.0,,215240000000.0,14.95,-45.9,29.7,0.0,9580000000.0,8500000000.0,386086666240.0,54040000000.0,6040000000.0,25370000000.0,28310000000.0,13390000000.0,11980000000.0,520000000.0,340000000.0,7940000000.0,,,,,520000000.0,200000000.0,19636090880.0,,48900000000.0,,5530000000.0,14290000000.0,690000000.0,74.79,74.79,,9.69,8.94,11.45,12.58,,,14.87,20.85,
THELEELA,THELEELA,Consumer Cyclical,Lodging,508.0,333957878.0,169970000000.0,12.07,386.7,192.0,0.0,8040000000.0,6910000000.0,182276685824.0,15270000000.0,4030000000.0,89240000000.0,82660000000.0,25200000000.0,64040000000.0,18110000000.0,2030000000.0,60700000000.0,,,,,18110000000.0,41420000000.0,11720590336.0,,13010000000.0,,480000000.0,7770000000.0,6370000000.0,75.91,75.91,,7.87,8.62,11.51,10.51,,,13.59,18.64778,
THERMAX,THERMAX,Industrials,Conglomerates,4002.0,112648671.0,476540000000.0,60.47,-83.39999999999999,466.0,14.006999999999998,13550000000.0,11470000000.0,459243913216.0,107740000000.0,7200000000.0,132420000000.0,113820000000.0,76920000000.0,55500000000.0,23530000000.0,1390000000.0,55270000000.0,,,,,23530000000.0,17180000000.0,36948398080.0,,103870000000.0,,6270000000.0,5420000000.0,5650000000.0,61.99,61.99,,11.46,11.25,15.22,15.49,,,52.67,89.41496,
TIINDIA,TIINDIA,Industrials,Conglomerates,2780.0,193572320.0,541760000000.0,32.9,-14.2,400.0,3.614,25950000000.0,19310000000.0,543713394688.0,228470000000.0,11180000000.0,214250000000.0,158790000000.0,136740000000.0,77510000000.0,7540000000.0,790000000.0,77320000000.0,,,,,7540000000.0,7030000000.0,67296899072.0,,194650000000.0,,10540000000.0,11610000000.0,39530000000.0,43.93,44.05,,22.35,21.42,21.01,21.75,,,32.8,75.95,
TIMKEN,TIMKEN,Industrials,Tools & Accessories,3260.0,75218734.0,245020000000.0,55.16,14.799999999999999,387.0,2.608,6630000000.0,5570000000.0,240286269440.0,34780000000.0,4150000000.0,36990000000.0,34870000000.0,7850000000.0,29140000000.0,150000000.0,40000000.0,28390000000.0,,,,,150000000.0,180000000.0,13729819648.0,,31970000000.0,,4620000000.0,4460000000.0,4000000000.0,51.05,51.05,,7.32,6.96,30.26,30.63,,,56.61,83.79952,
TITAGARH,TITAGARH,Industrials,Railroads,851.0,134673768.0,114200000000.0,9.13,-18.8,182.0,1.0211999999999999,3160000000.0,2650000000.0,116365115392.0,31860000000.0,1230000000.0,40390000000.0,37610000000.0,15830000000.0,24560000000.0,6230000000.0,710000000.0,24290000000.0,,,,,6230000000.0,6270000000.0,8647900160.0,,38680000000.0,,2750000000.0,3220000000.0,1330000000.0,40.46,40.46,,10.87,10.67,15.38,12.46,,,14.5,35.33333,
TITAN,TITAN,Consumer Cyclical,Luxury Goods,5064.0,887312335.0,4489320000000.0,57.14,62.8,177.0,15.192,88070000000.0,79810000000.0,4794421870592.0,875840000000.0,50730000000.0,605610000000.0,406450000000.0,448580000000.0,157030000000.0,306210000000.0,11800000000.0,156140000000.0,,,,,306210000000.0,207770000000.0,189219995648.0,,604560000000.0,,33370000000.0,55900000000.0,29650000000.0,52.9,52.9,,15.39,15.65,15.15,14.84,,,64.76,87.55018,
TMCV,TMCV,Consumer Cyclical,Auto Manufacturers,475.0,3682700304.0,1749310000000.0,8.23,-25.3,34.6,3.9899999999999998,74820000000.0,55370000000.0,1674040967168.0,838550000000.0,30300000000.0,523090000000.0,468510000000.0,395750000000.0,127340000000.0,56150000000.0,8740000000.0,119980000000.0,,,,,56150000000.0,99250000000.0,271229992960.0,,582170000000.0,,31950000000.0,149810000000.0,38920000000.0,42.56,42.56,,18.58,19.03,18.19,17.58,,,11.38,22.18794,
TMPV,TMPV,Consumer Cyclical,Auto Manufacturers,350.0,3682891544.0,1290170000000.0,223.74,-32.9,304.0,3.01,1050100000000.0,852260000000.0,1753629196288.0,3355820000000.0,826450000000.0,3791890000000.0,3769730000000.0,2671210000000.0,1120680000000.0,791090000000.0,28270000000.0,1113310000000.0,,,,,791090000000.0,715400000000.0,1566840061952.0,,3660940000000.0,,281490000000.0,130410000000.0,231660000000.0,42.51,42.56,,17.11,17.29,16.97,16.79,,,-4.42,51.01836,
TORNTPHARM,TORNTPHARM,Healthcare,Drug Manufacturers - Specialty & Generic,4914.0,380367856.0,1870460000000.0,63.92,-8.200000000000001,248.0,37.8378,43760000000.0,32570000000.0,1874680479744.0,139800000000.0,21380000000.0,436140000000.0,143960000000.0,352260000000.0,83880000000.0,150260000000.0,3850000000.0,82190000000.0,,,,,150260000000.0,32020000000.0,119455596544.0,,115160000000.0,,19110000000.0,30230000000.0,126300000000.0,60.78,68.31,,17.97,15.44,12.77,9.73,,,62.63,93.69577,
TORNTPOWER,TORNTPOWER,Utilities,Utilities - Independent Power Producers,1318.0,503903543.0,664120000000.0,47.95,-12.7,379.0,20.0336,58640000000.0,42510000000.0,787494469632.0,289660000000.0,24690000000.0,450450000000.0,364590000000.0,259700000000.0,190750000000.0,139710000000.0,9340000000.0,185710000000.0,,,,,139710000000.0,88400000000.0,77719396352.0,,291650000000.0,,30590000000.0,54640000000.0,80880000000.0,51.09,51.09,,8.53,8.4,22.69,22.82,,,46.17,59.966,
TRAVELFOOD,TRAVELFOOD,Consumer Cyclical,Restaurants,1394.0,131679484.0,183580000000.0,33.49,17.2,110.0,0.0,8090000000.0,6590000000.0,177423745024.0,16480000000.0,4520000000.0,22800000000.0,19030000000.0,8370000000.0,14430000000.0,2450000000.0,640000000.0,14300000000.0,,,,,2450000000.0,3330000000.0,11398870016.0,,16880000000.0,,3800000000.0,3930000000.0,1500000000.0,86.19,86.19,,1.65,1.55,10.02,9.71,,,33.36,42.12,
TRENT,TRENT,Consumer Cyclical,Apparel Retail,2990.0,533232301.0,1596980000000.0,32.25,20.7,131.0,3.887,38300000000.0,24690000000.0,1611917688832.0,200740000000.0,17210000000.0,117290000000.0,94200000000.0,47440000000.0,69850000000.0,25610000000.0,2330000000.0,69490000000.0,,,,,25610000000.0,22370000000.0,90085801984.0,,171350000000.0,,15340000000.0,26680000000.0,15770000000.0,37.01,37.01,,15.14,15.59,23.07,22.19,,,34.05,50.66672,
TRIDENT,TRIDENT,Consumer Cyclical,Textile Manufacturing,24.7,5095584070.0,125670000000.0,0.74,14.799999999999999,9.36,0.5014099999999999,9510000000.0,6340000000.0,139352948736.0,67010000000.0,3770000000.0,75370000000.0,71610000000.0,27650000000.0,47720000000.0,18290000000.0,1140000000.0,42620000000.0,,,,,18290000000.0,16350000000.0,32428599296.0,,69870000000.0,,3710000000.0,7600000000.0,6760000000.0,73.68,73.68,,3.18,3.07,0.25,0.22,,,0.78,1.15,
TRITURBINE,TRITURBINE,Industrials,Specialty Industrial Machinery,592.0,317894979.0,188190000000.0,11.0,-21.2,45.5,4.2623999999999995,5100000000.0,4760000000.0,,21810000000.0,3490000000.0,24970000000.0,20390000000.0,10510000000.0,14460000000.0,360000000.0,30000000.0,14140000000.0,,,,,360000000.0,390000000.0,10227000320.0,,20060000000.0,,3590000000.0,1110000000.0,0.0,55.84,55.84,,20.58,20.81,15.99,16.52,,,10.56,15.47417,
TTML,TTML,Communication Services,Telecom Services,38.7,1954927727.0,75730000000.0,0.37,,-2.87,0.0,11970000000.0,4390000000.0,282923302912.0,22660000000.0,800000000.0,58470000000.0,48090000000.0,64640000000.0,-6170000000.0,46530000000.0,3590000000.0,-25140000000.0,,,,,46530000000.0,39400000000.0,6539500032.0,,20980000000.0,,-3180000000.0,2460000000.0,5360000000.0,74.36,74.36,,2.52,2.6,0.18,0.17,,,0.19,,
TVSMOTOR,TVSMOTOR,Consumer Cyclical,Auto Manufacturers,4342.0,474960087.0,2078240000000.0,63.53,67.10000000000001,201.0,12.157600000000002,83250000000.0,70520000000.0,2371770122240.0,560700000000.0,31860000000.0,561460000000.0,476510000000.0,465810000000.0,95650000000.0,327910000000.0,22300000000.0,95170000000.0,,,,,327910000000.0,286090000000.0,221047799808.0,,440890000000.0,,23800000000.0,18670000000.0,29640000000.0,50.27,50.27,,20.45,22.56,21.12,18.84,,,72.19,114.25284,
UBL,UBL,Consumer Defensive,Beverages - Brewers,1390.0,264405149.0,367230000000.0,15.63,-9.5,171.0,10.008,9060000000.0,6340000000.0,375657955328.0,92400000000.0,4130000000.0,96930000000.0,82230000000.0,51710000000.0,45220000000.0,13170000000.0,720000000.0,44960000000.0,,,,,13170000000.0,6200000000.0,39722299392.0,,89150000000.0,,4420000000.0,4350000000.0,4080000000.0,70.84,70.84,,4.87,4.94,17.79,18.08,,,14.99,27.91748,
UCOBANK,UCOBANK,Financial Services,Banks - Regional,26.1,12539558979.0,327030000000.0,1.97,8.3,24.6,0.44109,195820000000.0,192710000000.0,360942764032.0,250670000000.0,24680000000.0,3623610000000.0,3235480000000.0,3314760000000.0,308850000000.0,248677302272.0,154370000000.0,183450000000.0,,,,,,,130761711616.0,,218540000000.0,,16720000000.0,19130000000.0,6800000000.0,90.95,90.95,,0.06,0.08,4.3,4.39,,,2.25,1.4,
ULTRACEMCO,ULTRACEMCO,Basic Materials,Building Materials,11706.0,294169635.0,3465540000000.0,277.1,16.8,2600.0,239.97299999999996,174430000000.0,127990000000.0,3725207535616.0,885120000000.0,81880000000.0,1413150000000.0,1336320000000.0,646910000000.0,766240000000.0,237550000000.0,18720000000.0,763290000000.0,,,,,237550000000.0,241020000000.0,536569511936.0,,759550000000.0,,60400000000.0,153160000000.0,94750000000.0,59.33,59.33,,12.36,13.61,19.69,18.42,,,290.14,432.127,
UNIONBANK,UNIONBANK,Financial Services,Banks - Regional,186.0,7633605607.0,1425960000000.0,25.45,,183.0,4.9848,949650000000.0,937610000000.0,,1067990000000.0,194300000000.0,15875030000000.0,15113290000000.0,14539510000000.0,1335520000000.0,,694770000000.0,1259180000000.0,,,,,,,510219583488.0,,1066000000000.0,,180270000000.0,-3580000000.0,710000000.0,74.76,74.76,,8.63,9.37,11.97,11.51,,,27.04,26.76905,
UNITDSPR,UNITDSPR,Consumer Defensive,Beverages - Wineries & Distilleries,1515.0,710055403.0,1109890000000.0,25.27,11.200000000000001,123.0,16.968000000000004,27950000000.0,25060000000.0,1062815072256.0,124670000000.0,18380000000.0,144510000000.0,131760000000.0,54980000000.0,89530000000.0,4130000000.0,1580000000.0,88080000000.0,,,,,4130000000.0,4800000000.0,59179999232.0,,120690000000.0,,15820000000.0,14590000000.0,4780000000.0,56.68,56.68,,12.89,14.41,17.14,15.36,,,23.79,30.2232,
UNOMINDA,UNOMINDA,Consumer Cyclical,Auto Parts,1240.0,577467206.0,711670000000.0,20.73,1.2,118.0,2.6039999999999996,25070000000.0,18030000000.0,739717414912.0,196580000000.0,12840000000.0,136980000000.0,117300000000.0,68690000000.0,68290000000.0,27400000000.0,1870000000.0,67140000000.0,,,,,27400000000.0,24730000000.0,70542802944.0,,167750000000.0,,10210000000.0,17200000000.0,16510000000.0,68.36,68.36,,8.15,8.96,17.52,16.89,,,20.83,31.65024,
UPL,UPL,Basic Materials,Agricultural Inputs,568.0,844169318.0,479890000000.0,22.78,,411.0,6.0208,98020000000.0,65580000000.0,714764779520.0,518390000000.0,22200000000.0,931190000000.0,860120000000.0,584230000000.0,346960000000.0,235760000000.0,34010000000.0,345270000000.0,,,,,235760000000.0,250990000000.0,263730003968.0,,466370000000.0,,8200000000.0,78550000000.0,14750000000.0,33.5,33.5,,42.39,41.78,14.32,14.63,,,24.36,47.11932,
URBANCO,URBANCO,Technology,Software - Application,141.0,1472540141.0,218130000000.0,-1.52,,13.9,0.0,-1180000000.0,-1630000000.0,198614417408.0,15560000000.0,-2350000000.0,27180000000.0,22100000000.0,5750000000.0,21430000000.0,1360000000.0,120000000.0,19970000000.0,,,,,1360000000.0,1200000000.0,8676200448.0,,11440000000.0,,2400000000.0,-990000000.0,2780000000.0,19.02,19.02,,55.28,55.77,11.42,10.74,,,-2.27,-0.69167,
USHAMART,USHAMART,Basic Materials,Steel,497.0,304400280.0,151400000000.0,15.29,40.8,108.0,3.7275,7510000000.0,6350000000.0,148913291264.0,36910000000.0,4660000000.0,42020000000.0,37310000000.0,9000000000.0,33020000000.0,2290000000.0,200000000.0,32710000000.0,,,,,2290000000.0,4170000000.0,19131500544.0,,34740000000.0,,4060000000.0,6550000000.0,3530000000.0,40.28,40.52,,15.1,14.77,15.26,14.81,,,17.45,23.3,
UTIAMC,UTIAMC,Financial Services,Asset Management,908.0,128538828.0,116790000000.0,31.44,24.0,350.0,39.952000000000005,7160000000.0,6650000000.0,78430322688.0,17050000000.0,4720000000.0,50430000000.0,56580000000.0,5380000000.0,45050000000.0,1410000000.0,130000000.0,43760000000.0,,,,,1410000000.0,1420000000.0,11670700032.0,,18510000000.0,,8130000000.0,4070000000.0,340000000.0,,,,6.89,7.11,59.62,60.07,,,35.86,57.18494,
VBL,VBL,Consumer Defensive,Beverages - Non-Alcoholic,440.0,3382464894.0,1496940000000.0,8.98,15.7,57.9,1.496,54220000000.0,42060000000.0,1500869296128.0,216850000000.0,30620000000.0,255410000000.0,231240000000.0,59630000000.0,195780000000.0,25080000000.0,1960000000.0,189020000000.0,,,,,25080000000.0,28260000000.0,133792243712.0,,200080000000.0,,26340000000.0,35090000000.0,27250000000.0,59.43,59.43,,19.03,19.51,15.16,14.35,,,10.0,11.68368,
VEDL,VEDL,Basic Materials,Other Industrial Metals & Mining,271.0,3904801732.0,1063190000000.0,44.47,72.2,127.0,33.875,373690000000.0,325590000000.0,1436904325120.0,784370000000.0,250960000000.0,2323110000000.0,1999400000000.0,1826590000000.0,496520000000.0,329470000000.0,28170000000.0,492610000000.0,,,,,329470000000.0,914790000000.0,457210003456.0,,627170000000.0,,205350000000.0,394990000000.0,241340000000.0,54.72,56.38,,15.78,13.93,10.83,13.43,,,22.84,32.15244,
VIJAYA,VIJAYA,Healthcare,Diagnostics & Research,1486.0,102997715.0,153040000000.0,16.81,37.3,93.0,1.9318,3580000000.0,2660000000.0,154308984832.0,8140000000.0,1730000000.0,15070000000.0,12740000000.0,5500000000.0,9570000000.0,4230000000.0,330000000.0,9470000000.0,,,,,4230000000.0,3200000000.0,7582627840.0,,6810000000.0,,1440000000.0,2710000000.0,1740000000.0,52.51,52.51,,11.65,13.38,31.61,29.93,,,18.13,27.46,
VMM,VMM,Consumer Cyclical,Department Stores,107.0,4684808639.0,502150000000.0,1.8,25.0,15.9,0.0,19690000000.0,12960000000.0,510870781952.0,129060000000.0,8390000000.0,114490000000.0,99930000000.0,40360000000.0,74130000000.0,19880000000.0,1710000000.0,27400000000.0,,,,,19880000000.0,17290000000.0,38456291328.0,,107160000000.0,,6320000000.0,16210000000.0,9880000000.0,40.09,40.12,,20.43,22.01,34.8,32.74,,,1.9,2.7133,
VOLTAS,VOLTAS,Consumer Cyclical,"Furnishings, Fixtures & Appliances",1290.0,330884740.0,428170000000.0,11.36,-51.800000000000004,193.0,3.9989999999999997,7280000000.0,6440000000.0,424045215744.0,142440000000.0,3700000000.0,144960000000.0,131080000000.0,81200000000.0,63760000000.0,9920000000.0,870000000.0,63430000000.0,,,,,9920000000.0,8920000000.0,31662299136.0,,154130000000.0,,8340000000.0,710000000.0,0.0,30.3,30.3,,16.94,18.44,38.93,38.28,,,11.35,33.6616,
VTL,VTL,Consumer Cyclical,Textile Manufacturing,591.0,289475800.0,171300000000.0,25.76,49.2,363.0,5.0235,15120000000.0,10470000000.0,176649076736.0,98690000000.0,7530000000.0,138660000000.0,124330000000.0,33520000000.0,105140000000.0,18550000000.0,920000000.0,104570000000.0,,,,,18550000000.0,12380000000.0,46325600256.0,,97850000000.0,,8870000000.0,11080000000.0,15160000000.0,65.08,65.09,,6.07,5.69,14.69,16.01,,,29.77,43.8,
WAAREEENER,WAAREEENER,Technology,Solar,2687.0,287651335.0,773790000000.0,129.02,14.2,502.0,1.8809000000000002,63220000000.0,53320000000.0,731356659712.0,265370000000.0,38840000000.0,301150000000.0,197060000000.0,156770000000.0,144380000000.0,32130000000.0,2800000000.0,141500000000.0,,,,,32130000000.0,11990000000.0,90804396032.0,,144440000000.0,,19280000000.0,16270000000.0,39530000000.0,64.12,64.19,,8.57,7.06,4.08,4.32,,,132.6,165.45549,
WELCORP,WELCORP,Basic Materials,Steel,1884.0,263703928.0,497300000000.0,61.15,198.3,347.0,5.0868,27140000000.0,23590000000.0,481075593216.0,167700000000.0,16200000000.0,204000000000.0,152010000000.0,112440000000.0,91560000000.0,23550000000.0,2120000000.0,90240000000.0,,,,,23550000000.0,11220000000.0,66432000000.0,,139780000000.0,,19020000000.0,32040000000.0,37140000000.0,49.73,49.73,,14.61,11.23,19.96,21.49,,,87.59,98.66667,
WELSPUNLIV,WELSPUNLIV,Consumer Cyclical,Textile Manufacturing,160.0,944752514.0,153380000000.0,2.13,-22.1,51.3,0.09599999999999999,8420000000.0,4480000000.0,171990269952.0,93990000000.0,2130000000.0,104550000000.0,102670000000.0,55380000000.0,49170000000.0,23150000000.0,1610000000.0,48210000000.0,,,,,23150000000.0,27620000000.0,43459399680.0,,105450000000.0,,6440000000.0,11750000000.0,3480000000.0,66.36,66.24,,5.21,4.99,11.38,11.18,,,2.15,9.28889,
WHIRLPOOL,WHIRLPOOL,Consumer Cyclical,"Furnishings, Fixtures & Appliances",785.0,126871830.0,99610000000.0,23.15,-29.4,328.0,5.024,6510000000.0,4420000000.0,77615775744.0,80340000000.0,2950000000.0,73840000000.0,67230000000.0,32230000000.0,41610000000.0,710000000.0,450000000.0,40340000000.0,,,,,710000000.0,2840000000.0,26969499648.0,,79190000000.0,,3630000000.0,2980000000.0,20320000000.0,39.76,39.76,,12.48,11.46,34.18,35.85,,,19.75,35.0662,
WIPRO,WIPRO,Technology,Information Technology Services,183.0,9892351393.0,1812900000000.0,12.58,0.8999999999999999,83.9,10.9983,217110000000.0,188000000000.0,1631291047936.0,926240000000.0,132660000000.0,1408840000000.0,1279290000000.0,528650000000.0,880190000000.0,202910000000.0,14580000000.0,859210000000.0,,,,,202910000000.0,192040000000.0,275834994688.0,,890880000000.0,,132180000000.0,149320000000.0,24480000000.0,72.59,72.62,,8.85,8.32,5.22,7.86,,,12.58,13.90483,
WOCKPHARMA,WOCKPHARMA,Healthcare,Drug Manufacturers - Specialty & Generic,1913.0,162492169.0,310850000000.0,13.11,,304.0,0.0,6780000000.0,4510000000.0,333404864512.0,33730000000.0,1990000000.0,85780000000.0,81000000000.0,36380000000.0,49400000000.0,22330000000.0,2130000000.0,48590000000.0,,,,,22330000000.0,20210000000.0,22449999872.0,,30120000000.0,,-570000000.0,3900000000.0,2310000000.0,49.09,49.09,,7.23,7.09,9.24,10.96,,,25.12,,
YESBANK,YESBANK,Financial Services,Banks - Regional,23.0,31387786975.0,725390000000.0,1.12,11.799999999999999,16.7,0.0,256710000000.0,250930000000.0,,302080000000.0,35120000000.0,4702040000000.0,4241160000000.0,4190460000000.0,511580000000.0,,204500000000.0,448820000000.0,,,,,,,162813394944.0,,309190000000.0,,24470000000.0,212170000000.0,49520000000.0,,,,46.12,46.42,24.04,21.81,,,1.2,1.81639,
ZEEL,ZEEL,Communication Services,Broadcasting,96.8,960519420.0,93000000000.0,2.82,-47.3,122.0,2.42968,5360000000.0,3190000000.0,,80990000000.0,2710000000.0,142160000000.0,137340000000.0,24860000000.0,117300000000.0,2650000000.0,450000000.0,116340000000.0,,,,,2650000000.0,3210000000.0,22609999872.0,,82940000000.0,,6800000000.0,7080000000.0,2990000000.0,3.99,3.99,,20.11,25.33,7.81,10.79,,,2.11,7.96902,
ZENSARTECH,ZENSARTECH,Technology,Information Technology Services,499.0,226752635.0,113470000000.0,34.05,0.8999999999999999,207.0,15.0199,11250000000.0,10340000000.0,87404634112.0,56870000000.0,7750000000.0,60720000000.0,51730000000.0,13530000000.0,47190000000.0,790000000.0,120000000.0,46740000000.0,,,,,790000000.0,1250000000.0,11879999488.0,,52810000000.0,,6500000000.0,7710000000.0,2240000000.0,49.0,49.01,,10.73,10.51,21.98,23.66,,,33.77,38.04545,
ZENTEC,ZENTEC,Industrials,Aerospace & Defense,1832.0,89942136.0,165490000000.0,21.43,-27.900000000000002,209.0,0.916,3310000000.0,3070000000.0,161269334016.0,6880000000.0,2180000000.0,21550000000.0,20490000000.0,2660000000.0,18890000000.0,190000000.0,100000000.0,18800000000.0,,,,,190000000.0,780000000.0,4673268224.0,,9740000000.0,,2990000000.0,2450000000.0,1620000000.0,48.51,48.51,,6.47,5.99,10.42,10.06,,,20.07,52.38,
ZFCVINDIA,ZFCVINDIA,Consumer Cyclical,Auto Parts,2616.0,113805504.0,297240000000.0,45.44,46.1,324.0,3.924,8300000000.0,6980000000.0,,41190000000.0,5170000000.0,44260000000.0,37850000000.0,7360000000.0,36900000000.0,550000000.0,50000000.0,36810000000.0,,,,,550000000.0,660000000.0,17448237056.0,,38310000000.0,,4610000000.0,8100000000.0,6960000000.0,60.0,60.0,,5.93,5.79,25.45,26.21,,,899.01,66.575,
ZYDUSLIFE,ZYDUSLIFE,Healthcare,Drug Manufacturers - Specialty & Generic,1167.0,997503832.0,1165350000000.0,50.09,-35.9,269.0,1.0503,84680000000.0,70600000000.0,1312655015936.0,271480000000.0,51240000000.0,506730000000.0,366890000000.0,235610000000.0,271120000000.0,124960000000.0,4390000000.0,270110000000.0,,,,,124960000000.0,32130000000.0,206177992704.0,,232420000000.0,,46730000000.0,21170000000.0,78950000000.0,75.02,75.0,,6.89,6.95,11.27,11.2,,,45.43,49.06512,
ZYDUSWELL,ZYDUSWELL,Consumer Defensive,Packaged Foods,505.0,318160720.0,160770000000.0,6.2,-7.000000000000001,183.0,1.212,4750000000.0,3280000000.0,191693340672.0,39610000000.0,1970000000.0,101900000000.0,64420000000.0,43640000000.0,58260000000.0,32030000000.0,980000000.0,57620000000.0,,,,,32030000000.0,1880000000.0,28413999104.0,,27090000000.0,,3470000000.0,2260000000.0,28810000000.0,69.63,69.64,,3.32,3.17,19.13,18.87,,,5.94,15.95714,
