,analyst_target_price,book_value_per_share,industry,current_assets_prior,eps_ttm,total_debt,promoter_pledge_pct,total_assets_prior,roce,auditor_changed_flag,shares_outstanding,total_liabilities,enterprise_value,dividend_per_share,ebit,analyst_eps_estimate,retained_earnings,revenue,long_term_debt_prior,price,eps_growth_pct,cfo,dii_holding_pct,current_liabilities,fii_holding_pct,sector,total_equity,interest_expense,dii_holding_pct_prior,fii_holding_pct_prior,promoter_holding_pct,market_cap,gross_profit_prior,long_term_debt,net_income_prior,actual_eps,gross_profit,total_assets,number_of_analyst_opinions,ebitda,roe,current_liabilities_prior,net_income,capex,revenue_prior,promoter_holding_pct_prior,related_party_transactions_flag,current_assets
360ONE,yfinance,screener,yfinance,missing,screener,screener,missing,screener,screener,missing,yfinance,screener,yfinance,screener,screener,yfinance,screener,screener,screener,screener,yfinance,screener,screener,missing,screener,yfinance,screener,screener,screener,screener,screener,screener,missing,screener,screener,yfinance,yfinance,screener,yfinance,screener,screener,missing,screener,screener,screener,screener,missing,missing
3MINDIA,yfinance,screener,yfinance,missing,screener,screener,missing,screener,screener,missing,yfinance,screener,yfinance,screener,screener,yfinance,screener,screener,screener,screener,yfinance,screener,screener,missing,screener,yfinance,screener,screener,screener,screener,screener,screener,missing,screener,screener,yfinance,yfinance,screener,yfinance,screener,screener,missing,screener,screener,screener,screener,missing,missing
AADHARHFC,yfinance,screener,yfinance,missing,screener,yfinance,missing,screener,screener,missing,yfinance,screener,yfinance,screener,screener,yfinance,screener,screener,missing,screener,yfinance,screener,screener,missing,screener,yfinance,screener,screener,screener,screener,screener,screener,missing,missing,screener,yfinance,yfinance,screener,yfinance,screener,screener,missing,screener,screener,screener,screener,missing,missing
AARTIIND,yfinance,screener,yfinance,missing,screener,screener,missing,screener,screener,missing,yfinance,screener,yfinance,screener,screener,yfinance,screener,screener,screener,screener,yfinance,screener,screener,missing,screener,yfinance,screener,screener,screener,screener,screener,screener,missing,screener,screener,yfinance,yfinance,screener,yfinance,screener,screener,missing,screener,screener,screener,screener,missing,missing
AAVAS,yfinance,screener,yfinance,missing,screener,yfinance,missing,screener,screener,missing,yfinance,screener,yfinance,screener,screener,yfinance,screener,screener,missing,screener,yfinance,screener,screener,missing,screener,yfinance,screener,screener,screener,screener,screener,screener,missing,missing,screener,yfinance,yfinance,screener,yfinance,screener,screener,missing,screener,screener,screener,screener,missing,missing
ABB,yfinance,screener,yfinance,missing,screener,screener,missing,screener,screener,missing,yfinance,screener,yfinance,screener,screener,yfinance,screener,screener,screener,screener,yfinance,screener,screener,missing,screener,yfinance,screener,screener,screener,screener,screener,screener,missing,screener,screener,yfinance,yfinance,screener,yfinance,screener,screener,missing,screener,screener,screener,screener,missing,missing
ABBOTINDIA,yfinance,yfinance,yfinance,missing,yfinance,yfinance,missing,missing,missing,missing,yfinance,missing,yfinance,yfinance,yfinance,yfinance,missing,yfinance,missing,yfinance,yfinance,yfinance,screener,missing,screener,yfinance,missing,missing,screener,screener,screener,yfinance,missing,missing,missing,yfinance,yfinance,missing,yfinance,yfinance,missing,missing,yfinance,missing,missing,screener,missing,missing
ABCAPITAL,yfinance,screener,yfinance,missing,screener,yfinance,missing,screener,screener,missing,yfinance,screener,yfinance,screener,screener,yfinance,screener,screener,missing,screener,yfinance,screener,screener,missing,screener,yfinance,screener,screener,screener,screener,screener,screener,missing,missing,screener,yfinance,yfinance,screener,yfinance,screener,screener,missing,screener,screener,screener,screener,missing,missing
ABDL,yfinance,screener,yfinance,missing,screener,screener,missing,screener,screener,missing,yfinance,screener,yfinance,screener,screener,yfinance,screener,screener,screener,screener,yfinance,screener,screener,missing,screener,yfinance,screener,screener,screener,screener,screener,screener,missing,screener,screener,yfinance,yfinance,screener,yfinance,screener,screener,missing,screener,screener,screener,screener,missing,missing
ABFRL,yfinance,screener,yfinance,missing,screener,screener,missing,screener,screener,missing,yfinance,screener,yfinance,screener,screener,yfinance,screener,screener,screener,screener,missing,screener,screener,missing,screener,yfinance,screener,screener,screener,screener,screener,screener,missing,screener,screener,yfinance,yfinance,screener,yfinance,screener,screener,missing,screener,screener,screener,screener,missing,missing
ABLBL,yfinance,screener,yfinance,missing,screener,screener,missing,screener,screener,missing,yfinance,screener,yfinance,screener,screener,yfinance,screener,screener,screener,screener,yfinance,screener,screener,missing,screener,yfinance,screener,screener,screener,screener,screener,screener,missing,screener,screener,yfinance,yfinance,screener,yfinance,screener,screener,missing,screener,screener,screener,screener,missing,missing
ABREL,yfinance,screener,yfinance,missing,screener,screener,missing,screener,screener,missing,yfinance,screener,yfinance,screener,screener,yfinance,screener,screener,screener,screener,missing,screener,screener,missing,screener,yfinance,screener,screener,screener,screener,screener,screener,missing,screener,screener,yfinance,yfinance,screener,yfinance,screener,screener,missing,screener,screener,screener,screener,missing,missing
ABSLAMC,yfinance,screener,yfinance,missing,screener,screener,missing,screener,screener,missing,yfinance,screener,yfinance,screener,screener,yfinance,screener,screener,screener,screener,yfinance,screener,screener,missing,screener,yfinance,screener,screener,screener,screener,screener,screener,missing,screener,screener,yfinance,yfinance,screener,yfinance,screener,screener,missing,screener,screener,screener,screener,missing,missing
ACC,yfinance,screener,yfinance,missing,screener,screener,missing,screener,screener,missing,yfinance,screener,yfinance,screener,screener,yfinance,screener,screener,screener,screener,yfinance,screener,screener,missing,screener,yfinance,screener,screener,screener,screener,screener,screener,missing,screener,screener,yfinance,yfinance,screener,yfinance,screener,screener,missing,screener,screener,screener,screener,missing,missing
ACE,yfinance,screener,yfinance,missing,screener,screener,missing,screener,screener,missing,yfinance,screener,yfinance,screener,screener,yfinance,screener,screener,screener,screener,yfinance,screener,screener,missing,screener,yfinance,screener,screener,screener,screener,screener,screener,missing,screener,screener,yfinance,yfinance,screener,yfinance,screener,screener,missing,screener,screener,screener,screener,missing,missing
ACMESOLAR,yfinance,screener,yfinance,missing,screener,screener,missing,screener,screener,missing,yfinance,screener,yfinance,screener,screener,yfinance,screener,screener,screener,screener,yfinance,screener,screener,missing,screener,yfinance,screener,screener,screener,screener,screener,screener,missing,screener,screener,yfinance,yfinance,screener,yfinance,screener,screener,missing,screener,screener,screener,screener,missing,missing
ACUTAAS,yfinance,screener,yfinance,missing,screener,screener,missing,screener,screener,missing,yfinance,screener,yfinance,screener,screener,yfinance,screener,screener,screener,screener,yfinance,screener,screener,missing,screener,yfinance,screener,screener,screener,screener,screener,screener,missing,screener,screener,yfinance,yfinance,screener,yfinance,screener,screener,missing,screener,screener,screener,screener,missing,missing
ADANIENSOL,yfinance,screener,yfinance,missing,screener,screener,missing,screener,screener,missing,yfinance,screener,yfinance,screener,screener,yfinance,screener,screener,screener,screener,yfinance,screener,screener,missing,screener,yfinance,screener,screener,screener,screener,screener,screener,missing,screener,screener,yfinance,yfinance,screener,yfinance,screener,screener,missing,screener,screener,screener,screener,missing,missing
ADANIENT,yfinance,screener,yfinance,missing,screener,screener,missing,screener,screener,missing,yfinance,screener,yfinance,screener,screener,yfinance,screener,screener,screener,screener,missing,screener,screener,missing,screener,yfinance,screener,screener,screener,screener,screener,screener,missing,screener,screener,yfinance,yfinance,screener,yfinance,screener,screener,missing,screener,screener,screener,screener,missing,missing
ADANIGREEN,yfinance,screener,yfinance,missing,screener,screener,missing,screener,screener,missing,yfinance,screener,yfinance,screener,screener,yfinance,screener,screener,screener,screener,yfinance,screener,screener,missing,screener,yfinance,screener,screener,screener,screener,screener,screener,missing,screener,screener,yfinance,yfinance,screener,yfinance,screener,screener,missing,screener,screener,screener,screener,missing,missing
ADANIPORTS,yfinance,screener,yfinance,missing,screener,screener,missing,screener,screener,missing,yfinance,screener,yfinance,screener,screener,yfinance,screener,screener,screener,screener,yfinance,screener,screener,missing,screener,yfinance,screener,screener,screener,screener,screener,screener,missing,screener,screener,yfinance,yfinance,screener,yfinance,screener,screener,missing,screener,screener,screener,screener,missing,missing
ADANIPOWER,yfinance,screener,yfinance,missing,screener,screener,missing,screener,screener,missing,yfinance,screener,yfinance,screener,screener,yfinance,screener,screener,screener,screener,yfinance,screener,screener,missing,screener,yfinance,screener,screener,screener,screener,screener,screener,missing,screener,screener,yfinance,yfinance,screener,yfinance,screener,screener,missing,screener,screener,screener,screener,missing,missing
AEGISLOG,yfinance,screener,yfinance,missing,screener,screener,missing,screener,screener,missing,yfinance,screener,yfinance,screener,screener,yfinance,screener,screener,screener,screener,yfinance,screener,screener,missing,screener,yfinance,screener,screener,screener,screener,screener,screener,missing,screener,screener,yfinance,yfinance,screener,yfinance,screener,screener,missing,screener,screener,screener,screener,missing,missing
AEGISVOPAK,yfinance,screener,yfinance,missing,screener,screener,missing,screener,screener,missing,yfinance,screener,yfinance,screener,screener,yfinance,screener,screener,screener,screener,yfinance,screener,screener,missing,screener,yfinance,screener,screener,screener,screener,screener,screener,missing,screener,screener,yfinance,yfinance,screener,yfinance,screener,screener,missing,screener,screener,screener,screener,missing,missing
AFCONS,yfinance,screener,yfinance,missing,screener,screener,missing,screener,screener,missing,yfinance,screener,missing,screener,screener,yfinance,screener,screener,screener,screener,yfinance,screener,screener,missing,screener,yfinance,screener,screener,screener,screener,screener,screener,missing,screener,screener,yfinance,yfinance,screener,yfinance,screener,screener,missing,screener,screener,screener,screener,missing,missing
AFFLE,yfinance,screener,yfinance,missing,screener,screener,missing,screener,screener,missing,yfinance,screener,yfinance,screener,screener,yfinance,screener,screener,screener,screener,yfinance,screener,screener,missing,screener,yfinance,screener,screener,screener,screener,screener,screener,missing,screener,screener,yfinance,yfinance,screener,yfinance,screener,screener,missing,screener,screener,screener,screener,missing,missing
AIAENG,yfinance,screener,yfinance,missing,screener,screener,missing,screener,screener,missing,yfinance,screener,yfinance,screener,screener,yfinance,screener,screener,screener,screener,yfinance,screener,screener,missing,screener,yfinance,screener,screener,screener,screener,screener,screener,missing,screener,screener,yfinance,yfinance,screener,yfinance,screener,screener,missing,screener,screener,screener,screener,missing,missing
AIIL,missing,screener,yfinance,missing,screener,yfinance,missing,screener,screener,missing,yfinance,screener,yfinance,screener,screener,missing,screener,screener,missing,screener,yfinance,screener,screener,missing,screener,yfinance,screener,screener,screener,screener,screener,screener,missing,missing,screener,yfinance,yfinance,screener,missing,screener,screener,missing,screener,screener,screener,screener,missing,missing
AJANTPHARM,yfinance,screener,yfinance,missing,screener,screener,missing,screener,screener,missing,yfinance,screener,yfinance,screener,screener,yfinance,screener,screener,screener,screener,yfinance,screener,screener,missing,screener,yfinance,screener,screener,screener,screener,screener,screener,missing,screener,screener,yfinance,yfinance,screener,yfinance,screener,screener,missing,screener,screener,screener,screener,missing,missing
ALKEM,yfinance,screener,yfinance,missing,screener,screener,missing,screener,screener,missing,yfinance,screener,yfinance,screener,screener,yfinance,screener,screener,screener,screener,yfinance,screener,screener,missing,screener,yfinance,screener,screener,screener,screener,screener,screener,missing,screener,screener,yfinance,yfinance,screener,yfinance,screener,screener,missing,screener,screener,screener,screener,missing,missing
AMBER,yfinance,screener,yfinance,missing,screener,screener,missing,screener,screener,missing,yfinance,screener,yfinance,screener,screener,yfinance,screener,screener,screener,screener,yfinance,screener,screener,missing,screener,yfinance,screener,screener,screener,screener,screener,screener,missing,screener,screener,yfinance,yfinance,screener,yfinance,screener,screener,missing,screener,screener,screener,screener,missing,missing
AMBUJACEM,yfinance,screener,yfinance,missing,screener,screener,missing,screener,screener,missing,yfinance,screener,yfinance,screener,screener,yfinance,screener,screener,screener,screener,yfinance,screener,screener,missing,screener,yfinance,screener,screener,screener,screener,screener,screener,missing,screener,screener,yfinance,yfinance,screener,yfinance,screener,screener,missing,screener,screener,screener,screener,missing,missing
ANANDRATHI,yfinance,screener,yfinance,missing,screener,screener,missing,screener,screener,missing,yfinance,screener,yfinance,screener,screener,yfinance,screener,screener,screener,screener,yfinance,screener,screener,missing,screener,yfinance,screener,screener,screener,screener,screener,screener,missing,screener,screener,yfinance,yfinance,screener,yfinance,screener,screener,missing,screener,screener,screener,screener,missing,missing
ANANTRAJ,yfinance,screener,yfinance,missing,screener,screener,missing,screener,screener,missing,yfinance,screener,yfinance,screener,screener,yfinance,screener,screener,screener,screener,yfinance,screener,screener,missing,screener,yfinance,screener,screener,screener,screener,screener,screener,missing,screener,screener,yfinance,yfinance,screener,yfinance,screener,screener,missing,screener,screener,screener,screener,missing,missing
ANGELONE,yfinance,screener,yfinance,missing,screener,screener,missing,screener,screener,missing,yfinance,screener,yfinance,screener,screener,yfinance,screener,screener,screener,screener,yfinance,screener,screener,missing,screener,yfinance,screener,screener,screener,screener,screener,screener,missing,screener,screener,yfinance,yfinance,screener,yfinance,screener,screener,missing,screener,screener,screener,screener,missing,missing
ANTHEM,yfinance,screener,yfinance,missing,screener,screener,missing,screener,screener,missing,yfinance,screener,yfinance,screener,screener,yfinance,screener,screener,screener,screener,yfinance,screener,screener,missing,screener,yfinance,screener,screener,screener,screener,screener,screener,missing,screener,screener,yfinance,yfinance,screener,yfinance,screener,screener,missing,screener,screener,screener,screener,missing,missing
ANURAS,yfinance,screener,yfinance,missing,screener,screener,missing,screener,screener,missing,yfinance,screener,yfinance,screener,screener,yfinance,screener,screener,screener,screener,yfinance,screener,screener,missing,screener,yfinance,screener,screener,screener,screener,screener,screener,missing,screener,screener,yfinance,yfinance,screener,yfinance,screener,screener,missing,screener,screener,screener,screener,missing,missing
APARINDS,yfinance,screener,yfinance,missing,screener,screener,missing,screener,screener,missing,yfinance,screener,yfinance,screener,screener,yfinance,screener,screener,screener,screener,yfinance,screener,screener,missing,screener,yfinance,screener,screener,screener,screener,screener,screener,missing,screener,screener,yfinance,yfinance,screener,yfinance,screener,screener,missing,screener,screener,screener,screener,missing,missing
APLAPOLLO,yfinance,screener,yfinance,missing,screener,screener,missing,screener,screener,missing,yfinance,screener,yfinance,screener,screener,yfinance,screener,screener,screener,screener,yfinance,screener,screener,missing,screener,yfinance,screener,screener,screener,screener,screener,screener,missing,screener,screener,yfinance,yfinance,screener,yfinance,screener,screener,missing,screener,screener,screener,screener,missing,missing
APOLLOHOSP,yfinance,screener,yfinance,missing,screener,screener,missing,screener,screener,missing,yfinance,screener,yfinance,screener,screener,yfinance,screener,screener,screener,screener,yfinance,screener,screener,missing,screener,yfinance,screener,screener,screener,screener,screener,screener,missing,screener,screener,yfinance,yfinance,screener,yfinance,screener,screener,missing,screener,screener,screener,screener,missing,missing
APOLLOTYRE,yfinance,screener,yfinance,missing,screener,screener,missing,screener,screener,missing,yfinance,screener,yfinance,screener,screener,yfinance,screener,screener,screener,screener,yfinance,screener,screener,missing,screener,yfinance,screener,screener,screener,screener,screener,screener,missing,screener,screener,yfinance,yfinance,screener,yfinance,screener,screener,missing,screener,screener,screener,screener,missing,missing
APTUS,yfinance,screener,yfinance,missing,screener,yfinance,missing,screener,screener,missing,yfinance,screener,yfinance,screener,screener,yfinance,screener,screener,missing,screener,yfinance,screener,screener,missing,screener,yfinance,screener,screener,screener,screener,screener,screener,missing,missing,screener,yfinance,yfinance,screener,yfinance,screener,screener,missing,screener,screener,screener,screener,missing,missing
ARE&M,yfinance,screener,yfinance,missing,screener,screener,missing,screener,screener,missing,yfinance,screener,yfinance,screener,screener,yfinance,screener,screener,screener,screener,yfinance,screener,screener,missing,screener,yfinance,screener,screener,screener,screener,screener,screener,missing,screener,screener,yfinance,yfinance,screener,yfinance,screener,screener,missing,screener,screener,screener,screener,missing,missing
ASAHIINDIA,yfinance,screener,yfinance,missing,screener,screener,missing,screener,screener,missing,yfinance,screener,yfinance,screener,screener,yfinance,screener,screener,screener,screener,yfinance,screener,screener,missing,screener,yfinance,screener,screener,screener,screener,screener,screener,missing,screener,screener,yfinance,yfinance,screener,yfinance,screener,screener,missing,screener,screener,screener,screener,missing,missing
ASHOKLEY,yfinance,screener,yfinance,missing,screener,screener,missing,screener,screener,missing,yfinance,screener,yfinance,screener,screener,yfinance,screener,screener,screener,screener,yfinance,screener,screener,missing,screener,yfinance,screener,screener,screener,screener,screener,screener,missing,screener,screener,yfinance,yfinance,screener,yfinance,screener,screener,missing,screener,screener,screener,screener,missing,missing
ASIANPAINT,yfinance,screener,yfinance,missing,screener,screener,missing,screener,screener,missing,yfinance,screener,yfinance,screener,screener,yfinance,screener,screener,screener,screener,yfinance,screener,screener,missing,screener,yfinance,screener,screener,screener,screener,screener,screener,missing,screener,screener,yfinance,yfinance,screener,yfinance,screener,screener,missing,screener,screener,screener,screener,missing,missing
ASTERDM,yfinance,screener,yfinance,missing,screener,screener,missing,screener,screener,missing,yfinance,screener,yfinance,screener,screener,yfinance,screener,screener,screener,screener,yfinance,screener,screener,missing,screener,yfinance,screener,screener,screener,screener,screener,screener,missing,screener,screener,yfinance,yfinance,screener,yfinance,screener,screener,missing,screener,screener,screener,screener,missing,missing
ASTRAL,yfinance,screener,yfinance,missing,screener,screener,missing,screener,screener,missing,yfinance,screener,yfinance,screener,screener,yfinance,screener,screener,screener,screener,yfinance,screener,screener,missing,screener,yfinance,screener,screener,screener,screener,screener,screener,missing,screener,screener,yfinance,yfinance,screener,yfinance,screener,screener,missing,screener,screener,screener,screener,missing,missing
ATGL,missing,screener,yfinance,missing,screener,screener,missing,screener,screener,missing,yfinance,screener,yfinance,screener,screener,missing,screener,screener,screener,screener,yfinance,screener,screener,missing,screener,yfinance,screener,screener,screener,screener,screener,screener,missing,screener,screener,yfinance,yfinance,screener,missing,screener,screener,missing,screener,screener,screener,screener,missing,missing
ATHERENERG,yfinance,yfinance,yfinance,missing,screener,yfinance,missing,missing,missing,missing,yfinance,missing,yfinance,screener,screener,yfinance,missing,screener,missing,screener,missing,missing,screener,missing,screener,yfinance,missing,screener,screener,screener,screener,screener,missing,missing,missing,yfinance,yfinance,missing,yfinance,screener,missing,missing,screener,missing,missing,screener,missing,missing
ATUL,yfinance,screener,yfinance,missing,screener,screener,missing,screener,screener,missing,yfinance,screener,yfinance,screener,screener,yfinance,screener,screener,screener,screener,yfinance,screener,screener,missing,screener,yfinance,screener,screener,screener,screener,screener,screener,missing,screener,screener,yfinance,yfinance,screener,yfinance,screener,screener,missing,screener,screener,screener,screener,missing,missing
AUBANK,yfinance,yfinance,yfinance,missing,screener,yfinance,missing,screener,screener,missing,yfinance,screener,yfinance,screener,screener,yfinance,screener,screener,missing,screener,yfinance,screener,screener,missing,screener,yfinance,screener,screener,screener,screener,screener,screener,missing,missing,screener,yfinance,yfinance,screener,yfinance,screener,screener,missing,screener,screener,screener,screener,missing,missing
AUROPHARMA,yfinance,screener,yfinance,missing,screener,screener,missing,screener,screener,missing,yfinance,screener,yfinance,screener,screener,yfinance,screener,screener,screener,screener,yfinance,screener,screener,missing,screener,yfinance,screener,screener,screener,screener,screener,screener,missing,screener,screener,yfinance,yfinance,screener,yfinance,screener,screener,missing,screener,screener,screener,screener,missing,missing
AWL,yfinance,screener,yfinance,missing,screener,screener,missing,screener,screener,missing,yfinance,screener,yfinance,screener,screener,yfinance,screener,screener,screener,screener,yfinance,screener,screener,missing,screener,yfinance,screener,screener,screener,screener,screener,screener,missing,screener,screener,yfinance,yfinance,screener,yfinance,screener,screener,missing,screener,screener,screener,screener,missing,missing
AXISBANK,yfinance,screener,yfinance,missing,screener,yfinance,missing,screener,screener,missing,yfinance,screener,yfinance,screener,screener,yfinance,screener,screener,missing,screener,yfinance,screener,screener,missing,screener,yfinance,screener,screener,screener,screener,screener,screener,missing,missing,screener,yfinance,yfinance,screener,yfinance,screener,screener,missing,screener,screener,screener,screener,missing,missing
BAJAJ-AUTO,yfinance,screener,yfinance,missing,screener,screener,missing,screener,screener,missing,yfinance,screener,yfinance,screener,screener,yfinance,screener,screener,screener,screener,yfinance,screener,screener,missing,screener,yfinance,screener,screener,screener,screener,screener,screener,missing,screener,screener,yfinance,yfinance,screener,yfinance,screener,screener,missing,screener,screener,screener,screener,missing,missing
BAJAJFINSV,yfinance,screener,yfinance,missing,screener,screener,missing,screener,screener,missing,yfinance,screener,yfinance,screener,screener,yfinance,screener,screener,screener,screener,yfinance,screener,screener,missing,screener,yfinance,screener,screener,screener,screener,screener,screener,missing,screener,screener,yfinance,yfinance,screener,yfinance,screener,screener,missing,screener,screener,screener,screener,missing,missing
BAJAJHFL,yfinance,yfinance,yfinance,missing,yfinance,yfinance,missing,missing,missing,missing,yfinance,missing,yfinance,missing,missing,yfinance,missing,yfinance,missing,yfinance,yfinance,missing,screener,missing,screener,yfinance,missing,missing,screener,screener,screener,yfinance,missing,missing,missing,yfinance,yfinance,missing,yfinance,missing,missing,missing,yfinance,missing,missing,screener,missing,missing
BAJAJHLDNG,missing,screener,yfinance,missing,screener,screener,missing,screener,screener,missing,yfinance,screener,yfinance,screener,screener,missing,screener,screener,screener,screener,yfinance,screener,screener,missing,screener,yfinance,screener,screener,screener,screener,screener,screener,missing,screener,screener,yfinance,yfinance,screener,missing,screener,screener,missing,screener,screener,screener,screener,missing,missing
BAJFINANCE,yfinance,screener,yfinance,missing,screener,yfinance,missing,screener,screener,missing,yfinance,screener,yfinance,screener,screener,yfinance,screener,screener,missing,screener,yfinance,screener,screener,missing,screener,yfinance,screener,screener,screener,screener,screener,screener,missing,missing,screener,yfinance,yfinance,screener,yfinance,screener,screener,missing,screener,screener,screener,screener,missing,missing
BALKRISIND,yfinance,screener,yfinance,missing,screener,screener,missing,screener,screener,missing,yfinance,screener,yfinance,screener,screener,yfinance,screener,screener,screener,screener,yfinance,screener,screener,missing,screener,yfinance,screener,screener,screener,screener,screener,screener,missing,screener,screener,yfinance,yfinance,screener,yfinance,screener,screener,missing,screener,screener,screener,screener,missing,missing
BALRAMCHIN,yfinance,screener,yfinance,missing,screener,screener,missing,screener,screener,missing,yfinance,screener,missing,screener,screener,yfinance,screener,screener,screener,screener,yfinance,screener,screener,missing,screener,yfinance,screener,screener,screener,screener,screener,screener,missing,screener,screener,yfinance,yfinance,screener,yfinance,screener,screener,missing,screener,screener,screener,screener,missing,missing
BANDHANBNK,yfinance,yfinance,yfinance,missing,yfinance,yfinance,missing,missing,missing,missing,yfinance,missing,yfinance,yfinance,missing,yfinance,missing,yfinance,missing,yfinance,yfinance,missing,screener,missing,screener,yfinance,missing,missing,screener,screener,screener,yfinance,missing,missing,missing,yfinance,yfinance,missing,yfinance,missing,missing,missing,yfinance,missing,missing,screener,missing,missing
BANKBARODA,yfinance,screener,yfinance,missing,screener,yfinance,missing,screener,screener,missing,yfinance,screener,yfinance,screener,screener,yfinance,screener,screener,missing,screener,yfinance,screener,screener,missing,screener,yfinance,screener,screener,screener,screener,screener,screener,missing,missing,screener,yfinance,yfinance,screener,yfinance,screener,screener,missing,screener,screener,screener,screener,missing,missing
BANKINDIA,yfinance,screener,yfinance,missing,screener,yfinance,missing,screener,screener,missing,yfinance,screener,yfinance,screener,screener,yfinance,screener,screener,missing,screener,yfinance,screener,screener,missing,screener,yfinance,screener,screener,screener,screener,screener,screener,missing,missing,screener,yfinance,yfinance,screener,yfinance,screener,screener,missing,screener,screener,screener,screener,missing,missing
BATAINDIA,yfinance,screener,yfinance,missing,screener,screener,missing,screener,screener,missing,yfinance,screener,yfinance,screener,screener,yfinance,screener,screener,screener,screener,yfinance,screener,screener,missing,screener,yfinance,screener,screener,screener,screener,screener,screener,missing,screener,screener,yfinance,yfinance,screener,yfinance,screener,screener,missing,screener,screener,screener,screener,missing,missing
BAYERCROP,yfinance,screener,yfinance,missing,screener,screener,missing,screener,screener,missing,yfinance,screener,yfinance,screener,screener,yfinance,screener,screener,screener,screener,yfinance,screener,screener,missing,screener,yfinance,screener,screener,screener,screener,screener,screener,missing,screener,screener,yfinance,yfinance,screener,yfinance,screener,screener,missing,screener,screener,screener,screener,missing,missing
BBTC,missing,screener,yfinance,missing,screener,screener,missing,screener,screener,missing,yfinance,screener,yfinance,screener,screener,yfinance,screener,screener,screener,screener,yfinance,screener,screener,missing,screener,yfinance,screener,screener,screener,screener,screener,screener,missing,screener,screener,yfinance,yfinance,screener,missing,screener,screener,missing,screener,screener,screener,screener,missing,missing
BDL,yfinance,yfinance,yfinance,missing,yfinance,yfinance,missing,missing,missing,missing,yfinance,missing,yfinance,yfinance,yfinance,yfinance,missing,yfinance,missing,yfinance,yfinance,yfinance,screener,missing,screener,yfinance,missing,missing,screener,screener,screener,yfinance,missing,missing,missing,yfinance,yfinance,missing,yfinance,yfinance,missing,missing,yfinance,missing,missing,screener,missing,missing
BEL,yfinance,screener,yfinance,missing,screener,screener,missing,screener,screener,missing,yfinance,screener,yfinance,screener,screener,yfinance,screener,screener,screener,screener,yfinance,screener,screener,missing,screener,yfinance,screener,screener,screener,screener,screener,screener,missing,screener,screener,yfinance,yfinance,screener,yfinance,screener,screener,missing,screener,screener,screener,screener,missing,missing
BELRISE,yfinance,screener,yfinance,missing,screener,screener,missing,screener,screener,missing,yfinance,screener,yfinance,screener,screener,yfinance,screener,screener,screener,screener,yfinance,screener,screener,missing,screener,yfinance,screener,screener,screener,screener,screener,screener,missing,screener,screener,yfinance,yfinance,screener,yfinance,screener,screener,missing,screener,screener,screener,screener,missing,missing
BEML,yfinance,screener,yfinance,missing,screener,screener,missing,screener,screener,missing,yfinance,screener,yfinance,screener,screener,yfinance,screener,screener,screener,screener,missing,screener,screener,missing,screener,yfinance,screener,screener,screener,screener,screener,screener,missing,screener,screener,yfinance,yfinance,screener,yfinance,screener,screener,missing,screener,screener,screener,screener,missing,missing
BERGEPAINT,yfinance,screener,yfinance,missing,screener,screener,missing,screener,screener,missing,yfinance,screener,yfinance,screener,screener,yfinance,screener,screener,screener,screener,yfinance,screener,screener,missing,screener,yfinance,screener,screener,screener,screener,screener,screener,missing,screener,screener,yfinance,yfinance,screener,yfinance,screener,screener,missing,screener,screener,screener,screener,missing,missing
BHARATFORG,yfinance,screener,yfinance,missing,screener,screener,missing,screener,screener,missing,yfinance,screener,yfinance,screener,screener,yfinance,screener,screener,screener,screener,missing,screener,screener,missing,screener,yfinance,screener,screener,screener,screener,screener,screener,missing,screener,screener,yfinance,yfinance,screener,yfinance,screener,screener,missing,screener,screener,screener,screener,missing,missing
BHARTIARTL,yfinance,screener,yfinance,missing,screener,screener,missing,screener,screener,missing,yfinance,screener,yfinance,screener,screener,yfinance,screener,screener,screener,screener,yfinance,screener,screener,missing,screener,yfinance,screener,screener,screener,screener,screener,screener,missing,screener,screener,yfinance,yfinance,screener,yfinance,screener,screener,missing,screener,screener,screener,screener,missing,missing
BHARTIHEXA,yfinance,yfinance,yfinance,missing,yfinance,yfinance,missing,missing,missing,missing,yfinance,missing,yfinance,yfinance,yfinance,yfinance,missing,yfinance,missing,yfinance,yfinance,missing,screener,missing,screener,yfinance,missing,missing,screener,screener,screener,yfinance,missing,missing,missing,yfinance,yfinance,missing,yfinance,yfinance,missing,missing,yfinance,missing,missing,screener,missing,missing
BHEL,yfinance,screener,yfinance,missing,screener,screener,missing,screener,screener,missing,yfinance,screener,yfinance,screener,screener,yfinance,screener,screener,screener,screener,missing,screener,screener,missing,screener,yfinance,screener,screener,screener,screener,screener,screener,missing,screener,screener,yfinance,yfinance,screener,yfinance,screener,screener,missing,screener,screener,screener,screener,missing,missing
BIKAJI,yfinance,screener,yfinance,missing,screener,screener,missing,screener,screener,missing,yfinance,screener,yfinance,screener,screener,yfinance,screener,screener,screener,screener,yfinance,screener,screener,missing,screener,yfinance,screener,screener,screener,screener,screener,screener,missing,screener,screener,yfinance,yfinance,screener,yfinance,screener,screener,missing,screener,screener,screener,screener,missing,missing
BIOCON,yfinance,screener,yfinance,missing,screener,screener,missing,screener,screener,missing,yfinance,screener,yfinance,screener,screener,yfinance,screener,screener,screener,screener,yfinance,screener,screener,missing,screener,yfinance,screener,screener,screener,screener,screener,screener,missing,screener,screener,yfinance,yfinance,screener,yfinance,screener,screener,missing,screener,screener,screener,screener,missing,missing
BLS,yfinance,screener,yfinance,missing,screener,screener,missing,screener,screener,missing,yfinance,screener,missing,screener,screener,yfinance,screener,screener,screener,screener,yfinance,screener,screener,missing,screener,yfinance,screener,screener,screener,screener,screener,screener,missing,screener,screener,yfinance,yfinance,screener,yfinance,screener,screener,missing,screener,screener,screener,screener,missing,missing
BLUEDART,yfinance,screener,yfinance,missing,screener,screener,missing,screener,screener,missing,yfinance,screener,missing,screener,screener,yfinance,screener,screener,screener,screener,yfinance,screener,screener,missing,screener,yfinance,screener,screener,screener,screener,screener,screener,missing,screener,screener,yfinance,yfinance,screener,yfinance,screener,screener,missing,screener,screener,screener,screener,missing,missing
BLUEJET,yfinance,yfinance,yfinance,missing,screener,screener,missing,screener,screener,missing,yfinance,screener,yfinance,screener,screener,yfinance,screener,screener,screener,screener,yfinance,screener,screener,missing,screener,yfinance,screener,screener,screener,screener,screener,screener,missing,screener,screener,yfinance,yfinance,screener,yfinance,screener,screener,missing,screener,screener,screener,screener,missing,missing
BLUESTARCO,yfinance,screener,yfinance,missing,screener,screener,missing,screener,screener,missing,yfinance,screener,yfinance,screener,screener,yfinance,screener,screener,screener,screener,yfinance,screener,screener,missing,screener,yfinance,screener,screener,screener,screener,screener,screener,missing,screener,screener,yfinance,yfinance,screener,yfinance,screener,screener,missing,screener,screener,screener,screener,missing,missing
BOSCHLTD,yfinance,screener,yfinance,missing,screener,screener,missing,screener,screener,missing,yfinance,screener,yfinance,screener,screener,yfinance,screener,screener,screener,screener,yfinance,screener,screener,missing,screener,yfinance,screener,screener,screener,screener,screener,screener,missing,screener,screener,yfinance,yfinance,screener,yfinance,screener,screener,missing,screener,screener,screener,screener,missing,missing
BPCL,yfinance,screener,yfinance,missing,screener,screener,missing,screener,screener,missing,yfinance,screener,yfinance,screener,screener,yfinance,screener,screener,screener,screener,missing,screener,screener,missing,screener,yfinance,screener,screener,screener,screener,screener,screener,missing,screener,screener,yfinance,yfinance,screener,yfinance,screener,screener,missing,screener,screener,screener,screener,missing,missing
BRIGADE,yfinance,screener,yfinance,missing,screener,screener,missing,screener,screener,missing,yfinance,screener,yfinance,screener,screener,yfinance,screener,screener,screener,screener,yfinance,screener,screener,missing,screener,yfinance,screener,screener,screener,screener,screener,screener,missing,screener,screener,yfinance,yfinance,screener,yfinance,screener,screener,missing,screener,screener,screener,screener,missing,missing
BRITANNIA,yfinance,screener,yfinance,missing,screener,screener,missing,screener,screener,missing,yfinance,screener,yfinance,screener,screener,yfinance,screener,screener,screener,screener,yfinance,screener,screener,missing,screener,yfinance,screener,screener,screener,screener,screener,screener,missing,screener,screener,yfinance,yfinance,screener,yfinance,screener,screener,missing,screener,screener,screener,screener,missing,missing
BSE,yfinance,screener,yfinance,missing,screener,screener,missing,screener,screener,missing,yfinance,screener,yfinance,screener,screener,yfinance,screener,screener,screener,screener,yfinance,screener,screener,missing,screener,yfinance,screener,screener,screener,screener,missing,screener,missing,screener,screener,yfinance,yfinance,screener,yfinance,screener,screener,missing,screener,screener,screener,missing,missing,missing
BSOFT,yfinance,screener,yfinance,missing,screener,screener,missing,screener,screener,missing,yfinance,screener,yfinance,screener,screener,yfinance,screener,screener,screener,screener,yfinance,screener,screener,missing,screener,yfinance,screener,screener,screener,screener,screener,screener,missing,screener,screener,yfinance,yfinance,screener,yfinance,screener,screener,missing,screener,screener,screener,screener,missing,missing
CAMS,yfinance,screener,yfinance,missing,screener,screener,missing,screener,screener,missing,yfinance,screener,yfinance,screener,screener,yfinance,screener,screener,screener,screener,yfinance,screener,screener,missing,screener,yfinance,screener,screener,screener,screener,screener,screener,missing,screener,screener,yfinance,yfinance,screener,yfinance,screener,screener,missing,screener,screener,screener,screener,missing,missing
CANBK,yfinance,screener,yfinance,missing,screener,yfinance,missing,screener,screener,missing,yfinance,screener,yfinance,screener,screener,yfinance,screener,screener,missing,screener,yfinance,screener,screener,missing,screener,yfinance,screener,screener,screener,screener,screener,screener,missing,missing,screener,yfinance,yfinance,screener,yfinance,screener,screener,missing,screener,screener,screener,screener,missing,missing
CANFINHOME,yfinance,yfinance,yfinance,missing,yfinance,yfinance,missing,missing,missing,missing,yfinance,missing,yfinance,yfinance,missing,yfinance,missing,yfinance,missing,yfinance,yfinance,missing,screener,missing,screener,yfinance,missing,missing,screener,screener,screener,yfinance,missing,missing,missing,yfinance,yfinance,missing,yfinance,missing,missing,missing,yfinance,missing,missing,screener,missing,missing
CANHLIFE,yfinance,yfinance,yfinance,missing,yfinance,yfinance,missing,missing,missing,missing,yfinance,missing,yfinance,yfinance,missing,yfinance,missing,yfinance,missing,yfinance,yfinance,missing,screener,missing,screener,yfinance,missing,missing,screener,screener,screener,yfinance,missing,missing,missing,yfinance,yfinance,missing,yfinance,missing,missing,missing,yfinance,missing,missing,screener,missing,missing
CAPLIPOINT,yfinance,screener,yfinance,missing,screener,screener,missing,screener,screener,missing,yfinance,screener,yfinance,screener,screener,yfinance,screener,screener,screener,screener,yfinance,screener,screener,missing,screener,yfinance,screener,screener,screener,screener,screener,screener,missing,screener,screener,yfinance,yfinance,screener,yfinance,screener,screener,missing,screener,screener,screener,screener,missing,missing
CARBORUNIV,yfinance,screener,yfinance,missing,screener,screener,missing,screener,screener,missing,yfinance,screener,yfinance,screener,screener,yfinance,screener,screener,screener,screener,yfinance,screener,screener,missing,screener,yfinance,screener,screener,screener,screener,screener,screener,missing,screener,screener,yfinance,yfinance,screener,yfinance,screener,screener,missing,screener,screener,screener,screener,missing,missing
CARTRADE,yfinance,screener,yfinance,missing,screener,screener,missing,screener,screener,missing,yfinance,screener,yfinance,screener,screener,yfinance,screener,screener,screener,screener,yfinance,screener,screener,missing,screener,yfinance,screener,screener,screener,screener,missing,screener,missing,screener,screener,yfinance,yfinance,screener,yfinance,screener,screener,missing,screener,screener,screener,missing,missing,missing
CASTROLIND,yfinance,yfinance,yfinance,missing,yfinance,yfinance,missing,missing,missing,missing,yfinance,missing,yfinance,yfinance,yfinance,yfinance,missing,yfinance,missing,yfinance,yfinance,yfinance,screener,missing,screener,yfinance,missing,missing,screener,screener,screener,yfinance,missing,missing,missing,yfinance,yfinance,missing,yfinance,yfinance,missing,missing,yfinance,missing,missing,screener,missing,missing
CCL,yfinance,screener,yfinance,missing,screener,screener,missing,screener,screener,missing,yfinance,screener,yfinance,screener,screener,yfinance,screener,screener,screener,screener,yfinance,screener,screener,missing,screener,yfinance,screener,screener,screener,screener,screener,screener,missing,screener,screener,yfinance,yfinance,screener,yfinance,screener,screener,missing,screener,screener,screener,screener,missing,missing
CDSL,yfinance,screener,yfinance,missing,screener,screener,missing,screener,screener,missing,yfinance,screener,yfinance,screener,screener,yfinance,screener,screener,screener,screener,yfinance,screener,screener,missing,screener,yfinance,screener,screener,screener,screener,screener,screener,missing,screener,screener,yfinance,yfinance,screener,yfinance,screener,screener,missing,screener,screener,screener,screener,missing,missing
CEATLTD,yfinance,screener,yfinance,missing,screener,screener,missing,screener,screener,missing,yfinance,screener,yfinance,screener,screener,yfinance,screener,screener,screener,screener,yfinance,screener,screener,missing,screener,yfinance,screener,screener,screener,screener,screener,screener,missing,screener,screener,yfinance,yfinance,screener,yfinance,screener,screener,missing,screener,screener,screener,screener,missing,missing
CEMPRO,yfinance,screener,yfinance,missing,screener,screener,missing,screener,screener,missing,yfinance,screener,yfinance,screener,screener,yfinance,screener,screener,screener,screener,yfinance,screener,screener,missing,screener,yfinance,screener,screener,screener,screener,screener,screener,missing,screener,screener,yfinance,yfinance,screener,yfinance,screener,screener,missing,screener,screener,screener,screener,missing,missing
CENTRALBK,missing,screener,yfinance,missing,screener,yfinance,missing,screener,screener,missing,yfinance,screener,yfinance,screener,screener,missing,screener,screener,missing,screener,yfinance,screener,screener,missing,screener,yfinance,screener,screener,screener,screener,screener,screener,missing,missing,screener,yfinance,yfinance,screener,missing,screener,screener,missing,screener,screener,screener,screener,missing,missing
CESC,yfinance,screener,yfinance,missing,screener,screener,missing,screener,screener,missing,yfinance,screener,yfinance,screener,screener,yfinance,screener,screener,screener,screener,yfinance,screener,screener,missing,screener,yfinance,screener,screener,screener,screener,screener,screener,missing,screener,screener,yfinance,yfinance,screener,yfinance,screener,screener,missing,screener,screener,screener,screener,missing,missing
CGCL,yfinance,screener,yfinance,missing,screener,yfinance,missing,screener,screener,missing,yfinance,screener,yfinance,screener,screener,yfinance,screener,screener,missing,screener,yfinance,screener,screener,missing,screener,yfinance,screener,screener,screener,screener,screener,screener,missing,missing,screener,yfinance,yfinance,screener,yfinance,screener,screener,missing,screener,screener,screener,screener,missing,missing
CGPOWER,yfinance,screener,yfinance,missing,screener,screener,missing,screener,screener,missing,yfinance,screener,yfinance,screener,screener,yfinance,screener,screener,screener,screener,yfinance,screener,screener,missing,screener,yfinance,screener,screener,screener,screener,screener,screener,missing,screener,screener,yfinance,yfinance,screener,yfinance,screener,screener,missing,screener,screener,screener,screener,missing,missing
CHALET,yfinance,screener,yfinance,missing,screener,screener,missing,screener,screener,missing,yfinance,screener,yfinance,screener,screener,yfinance,screener,screener,screener,screener,yfinance,screener,screener,missing,screener,yfinance,screener,screener,screener,screener,screener,screener,missing,screener,screener,yfinance,yfinance,screener,yfinance,screener,screener,missing,screener,screener,screener,screener,missing,missing
CHAMBLFERT,yfinance,screener,yfinance,missing,screener,screener,missing,screener,screener,missing,yfinance,screener,yfinance,screener,screener,yfinance,screener,screener,screener,screener,yfinance,screener,screener,missing,screener,yfinance,screener,screener,screener,screener,screener,screener,missing,screener,screener,yfinance,yfinance,screener,yfinance,screener,screener,missing,screener,screener,screener,screener,missing,missing
CHENNPETRO,yfinance,screener,yfinance,missing,screener,screener,missing,screener,screener,missing,yfinance,screener,yfinance,screener,screener,yfinance,screener,screener,screener,screener,missing,screener,screener,missing,screener,yfinance,screener,screener,screener,screener,screener,screener,missing,screener,screener,yfinance,yfinance,screener,yfinance,screener,screener,missing,screener,screener,screener,screener,missing,missing
CHOICEIN,missing,screener,yfinance,missing,screener,screener,missing,screener,screener,missing,yfinance,screener,missing,screener,screener,yfinance,screener,screener,screener,screener,yfinance,screener,screener,missing,screener,yfinance,screener,screener,screener,screener,screener,screener,missing,screener,screener,yfinance,yfinance,screener,missing,screener,screener,missing,screener,screener,screener,screener,missing,missing
CHOLAFIN,yfinance,screener,yfinance,missing,screener,yfinance,missing,screener,screener,missing,yfinance,screener,yfinance,screener,screener,yfinance,screener,screener,missing,screener,yfinance,screener,screener,missing,screener,yfinance,screener,screener,screener,screener,screener,screener,missing,missing,screener,yfinance,yfinance,screener,yfinance,screener,screener,missing,screener,screener,screener,screener,missing,missing
CHOLAHLDNG,yfinance,screener,yfinance,missing,screener,yfinance,missing,screener,screener,missing,yfinance,screener,yfinance,screener,screener,yfinance,screener,screener,missing,screener,yfinance,screener,screener,missing,screener,yfinance,screener,screener,screener,screener,screener,screener,missing,missing,screener,yfinance,yfinance,screener,yfinance,screener,screener,missing,screener,screener,screener,screener,missing,missing
CIEINDIA,yfinance,screener,yfinance,missing,screener,screener,missing,screener,screener,missing,yfinance,screener,yfinance,screener,screener,yfinance,screener,screener,screener,screener,yfinance,screener,screener,missing,screener,yfinance,screener,screener,screener,screener,screener,screener,missing,screener,screener,yfinance,yfinance,screener,yfinance,screener,screener,missing,screener,screener,screener,screener,missing,missing
CIPLA,yfinance,screener,yfinance,missing,screener,screener,missing,screener,screener,missing,yfinance,screener,yfinance,screener,screener,yfinance,screener,screener,screener,screener,yfinance,screener,screener,missing,screener,yfinance,screener,screener,screener,screener,screener,screener,missing,screener,screener,yfinance,yfinance,screener,yfinance,screener,screener,missing,screener,screener,screener,screener,missing,missing
CLEAN,yfinance,screener,yfinance,missing,screener,screener,missing,screener,screener,missing,yfinance,screener,yfinance,screener,screener,yfinance,screener,screener,screener,screener,yfinance,screener,screener,missing,screener,yfinance,screener,screener,screener,screener,screener,screener,missing,screener,screener,yfinance,yfinance,screener,yfinance,screener,screener,missing,screener,screener,screener,screener,missing,missing
COALINDIA,yfinance,screener,yfinance,missing,screener,screener,missing,screener,screener,missing,yfinance,screener,yfinance,screener,screener,yfinance,screener,screener,screener,screener,yfinance,screener,screener,missing,screener,yfinance,screener,screener,screener,screener,screener,screener,missing,screener,screener,yfinance,yfinance,screener,yfinance,screener,screener,missing,screener,screener,screener,screener,missing,missing
COCHINSHIP,yfinance,screener,yfinance,missing,screener,screener,missing,screener,screener,missing,yfinance,screener,yfinance,screener,screener,yfinance,screener,screener,screener,screener,yfinance,screener,screener,missing,screener,yfinance,screener,screener,screener,screener,screener,screener,missing,screener,screener,yfinance,yfinance,screener,yfinance,screener,screener,missing,screener,screener,screener,screener,missing,missing
COFORGE,yfinance,screener,yfinance,missing,screener,screener,missing,screener,screener,missing,yfinance,screener,yfinance,screener,screener,yfinance,screener,screener,screener,screener,yfinance,screener,screener,missing,screener,yfinance,screener,screener,screener,screener,missing,screener,missing,screener,screener,yfinance,yfinance,screener,yfinance,screener,screener,missing,screener,screener,screener,missing,missing,missing
COHANCE,yfinance,screener,yfinance,missing,screener,screener,missing,screener,screener,missing,yfinance,screener,yfinance,screener,screener,yfinance,screener,screener,screener,screener,yfinance,screener,screener,missing,screener,yfinance,screener,screener,screener,screener,screener,screener,missing,screener,screener,yfinance,yfinance,screener,yfinance,screener,screener,missing,screener,screener,screener,screener,missing,missing
COLPAL,yfinance,screener,yfinance,missing,screener,screener,missing,screener,screener,missing,yfinance,screener,yfinance,screener,screener,yfinance,screener,screener,screener,screener,yfinance,screener,screener,missing,screener,yfinance,screener,screener,screener,screener,screener,screener,missing,screener,screener,yfinance,yfinance,screener,yfinance,screener,screener,missing,screener,screener,screener,screener,missing,missing
CONCOR,yfinance,screener,yfinance,missing,screener,screener,missing,screener,screener,missing,yfinance,screener,yfinance,screener,screener,yfinance,screener,screener,screener,screener,yfinance,screener,screener,missing,screener,yfinance,screener,screener,screener,screener,screener,screener,missing,screener,screener,yfinance,yfinance,screener,yfinance,screener,screener,missing,screener,screener,screener,screener,missing,missing
CONCORDBIO,yfinance,screener,yfinance,missing,screener,screener,missing,screener,screener,missing,yfinance,screener,yfinance,screener,screener,yfinance,screener,screener,screener,screener,yfinance,screener,screener,missing,screener,yfinance,screener,screener,screener,screener,screener,screener,missing,screener,screener,yfinance,yfinance,screener,yfinance,screener,screener,missing,screener,screener,screener,screener,missing,missing
COROMANDEL,yfinance,screener,yfinance,missing,screener,screener,missing,screener,screener,missing,yfinance,screener,yfinance,screener,screener,yfinance,screener,screener,screener,screener,yfinance,screener,screener,missing,screener,yfinance,screener,screener,screener,screener,screener,screener,missing,screener,screener,yfinance,yfinance,screener,yfinance,screener,screener,missing,screener,screener,screener,screener,missing,missing
CPPLUS,yfinance,screener,yfinance,missing,screener,screener,missing,screener,screener,missing,yfinance,screener,yfinance,screener,screener,yfinance,screener,screener,screener,screener,yfinance,screener,screener,missing,screener,yfinance,screener,screener,screener,screener,screener,screener,missing,screener,screener,yfinance,yfinance,screener,yfinance,screener,screener,missing,screener,screener,screener,screener,missing,missing
CRAFTSMAN,yfinance,screener,yfinance,missing,screener,screener,missing,screener,screener,missing,yfinance,screener,yfinance,screener,screener,yfinance,screener,screener,screener,screener,yfinance,screener,screener,missing,screener,yfinance,screener,screener,screener,screener,screener,screener,missing,screener,screener,yfinance,yfinance,screener,yfinance,screener,screener,missing,screener,screener,screener,screener,missing,missing
CREDITACC,yfinance,screener,yfinance,missing,screener,yfinance,missing,screener,screener,missing,yfinance,screener,yfinance,screener,screener,yfinance,screener,screener,missing,screener,yfinance,screener,screener,missing,screener,yfinance,screener,screener,screener,screener,screener,screener,missing,missing,screener,yfinance,yfinance,screener,yfinance,screener,screener,missing,screener,screener,screener,screener,missing,missing
CRISIL,yfinance,screener,yfinance,missing,screener,screener,missing,screener,screener,missing,yfinance,screener,yfinance,screener,screener,yfinance,screener,screener,screener,screener,yfinance,screener,screener,missing,screener,yfinance,screener,screener,screener,screener,screener,screener,missing,screener,screener,yfinance,yfinance,screener,yfinance,screener,screener,missing,screener,screener,screener,screener,missing,missing
CROMPTON,yfinance,screener,yfinance,missing,screener,screener,missing,screener,screener,missing,yfinance,screener,yfinance,screener,screener,yfinance,screener,screener,screener,screener,yfinance,screener,screener,missing,screener,yfinance,screener,screener,screener,screener,missing,screener,missing,screener,screener,yfinance,yfinance,screener,yfinance,screener,screener,missing,screener,screener,screener,missing,missing,missing
CUB,yfinance,yfinance,yfinance,missing,yfinance,yfinance,missing,missing,missing,missing,yfinance,missing,yfinance,yfinance,missing,yfinance,missing,yfinance,missing,yfinance,yfinance,missing,screener,missing,screener,yfinance,missing,missing,screener,screener,missing,yfinance,missing,missing,missing,yfinance,yfinance,missing,yfinance,missing,missing,missing,yfinance,missing,missing,missing,missing,missing
CUMMINSIND,yfinance,screener,yfinance,missing,screener,screener,missing,screener,screener,missing,yfinance,screener,yfinance,screener,screener,yfinance,screener,screener,screener,screener,yfinance,screener,screener,missing,screener,yfinance,screener,screener,screener,screener,screener,screener,missing,screener,screener,yfinance,yfinance,screener,yfinance,screener,screener,missing,screener,screener,screener,screener,missing,missing
CYIENT,yfinance,screener,yfinance,missing,screener,screener,missing,screener,screener,missing,yfinance,screener,yfinance,screener,screener,yfinance,screener,screener,screener,screener,yfinance,screener,screener,missing,screener,yfinance,screener,screener,screener,screener,screener,screener,missing,screener,screener,yfinance,yfinance,screener,yfinance,screener,screener,missing,screener,screener,screener,screener,missing,missing
DABUR,yfinance,screener,yfinance,missing,screener,screener,missing,screener,screener,missing,yfinance,screener,yfinance,screener,screener,yfinance,screener,screener,screener,screener,yfinance,screener,screener,missing,screener,yfinance,screener,screener,screener,screener,screener,screener,missing,screener,screener,yfinance,yfinance,screener,yfinance,screener,screener,missing,screener,screener,screener,screener,missing,missing
DALBHARAT,yfinance,screener,yfinance,missing,screener,screener,missing,screener,screener,missing,yfinance,screener,yfinance,screener,screener,yfinance,screener,screener,screener,screener,yfinance,screener,screener,missing,screener,yfinance,screener,screener,screener,screener,screener,screener,missing,screener,screener,yfinance,yfinance,screener,yfinance,screener,screener,missing,screener,screener,screener,screener,missing,missing
DATAPATTNS,yfinance,yfinance,yfinance,missing,yfinance,yfinance,missing,missing,missing,missing,yfinance,missing,yfinance,yfinance,yfinance,yfinance,missing,yfinance,missing,yfinance,yfinance,missing,screener,missing,screener,yfinance,missing,missing,screener,screener,screener,yfinance,missing,missing,missing,yfinance,yfinance,missing,yfinance,yfinance,missing,missing,yfinance,missing,missing,screener,missing,missing
DCMSHRIRAM,missing,screener,yfinance,missing,screener,screener,missing,screener,screener,missing,yfinance,screener,yfinance,screener,screener,yfinance,screener,screener,screener,screener,yfinance,screener,screener,missing,screener,yfinance,screener,screener,screener,screener,screener,screener,missing,screener,screener,yfinance,yfinance,screener,missing,screener,screener,missing,screener,screener,screener,screener,missing,missing
DEEPAKFERT,yfinance,screener,yfinance,missing,screener,screener,missing,screener,screener,missing,yfinance,screener,yfinance,screener,screener,yfinance,screener,screener,screener,screener,yfinance,screener,screener,missing,screener,yfinance,screener,screener,screener,screener,screener,screener,missing,screener,screener,yfinance,yfinance,screener,yfinance,screener,screener,missing,screener,screener,screener,screener,missing,missing
DEEPAKNTR,yfinance,screener,yfinance,missing,screener,screener,missing,screener,screener,missing,yfinance,screener,yfinance,screener,screener,yfinance,screener,screener,screener,screener,yfinance,screener,screener,missing,screener,yfinance,screener,screener,screener,screener,screener,screener,missing,screener,screener,yfinance,yfinance,screener,yfinance,screener,screener,missing,screener,screener,screener,screener,missing,missing
DELHIVERY,yfinance,screener,yfinance,missing,screener,screener,missing,screener,screener,missing,yfinance,screener,yfinance,screener,screener,yfinance,screener,screener,screener,screener,yfinance,screener,screener,missing,screener,yfinance,screener,screener,screener,screener,missing,screener,missing,screener,screener,yfinance,yfinance,screener,yfinance,screener,screener,missing,screener,screener,screener,missing,missing,missing
DEVYANI,yfinance,screener,yfinance,missing,screener,screener,missing,screener,screener,missing,yfinance,screener,yfinance,screener,screener,yfinance,screener,screener,screener,screener,yfinance,screener,screener,missing,screener,yfinance,screener,screener,screener,screener,screener,screener,missing,screener,screener,yfinance,yfinance,screener,yfinance,screener,screener,missing,screener,screener,screener,screener,missing,missing
DIVISLAB,yfinance,screener,yfinance,missing,screener,screener,missing,screener,screener,missing,yfinance,screener,yfinance,screener,screener,yfinance,screener,screener,screener,screener,yfinance,screener,screener,missing,screener,yfinance,screener,screener,screener,screener,screener,screener,missing,screener,screener,yfinance,yfinance,screener,yfinance,screener,screener,missing,screener,screener,screener,screener,missing,missing
DIXON,yfinance,screener,yfinance,missing,screener,screener,missing,screener,screener,missing,yfinance,screener,yfinance,screener,screener,yfinance,screener,screener,screener,screener,yfinance,screener,screener,missing,screener,yfinance,screener,screener,screener,screener,screener,screener,missing,screener,screener,yfinance,yfinance,screener,yfinance,screener,screener,missing,screener,screener,screener,screener,missing,missing
DLF,yfinance,screener,yfinance,missing,screener,screener,missing,screener,screener,missing,yfinance,screener,yfinance,screener,screener,yfinance,screener,screener,screener,screener,yfinance,screener,screener,missing,screener,yfinance,screener,screener,screener,screener,screener,screener,missing,screener,screener,yfinance,yfinance,screener,yfinance,screener,screener,missing,screener,screener,screener,screener,missing,missing
DMART,yfinance,screener,yfinance,missing,screener,screener,missing,screener,screener,missing,yfinance,screener,yfinance,screener,screener,yfinance,screener,screener,screener,screener,yfinance,screener,screener,missing,screener,yfinance,screener,screener,screener,screener,screener,screener,missing,screener,screener,yfinance,yfinance,screener,yfinance,screener,screener,missing,screener,screener,screener,screener,missing,missing
DOMS,yfinance,screener,yfinance,missing,screener,screener,missing,screener,screener,missing,yfinance,screener,yfinance,screener,screener,yfinance,screener,screener,screener,screener,yfinance,screener,screener,missing,screener,yfinance,screener,screener,screener,screener,screener,screener,missing,screener,screener,yfinance,yfinance,screener,yfinance,screener,screener,missing,screener,screener,screener,screener,missing,missing
DRREDDY,yfinance,screener,yfinance,missing,screener,screener,missing,screener,screener,missing,yfinance,screener,yfinance,screener,screener,yfinance,screener,screener,screener,screener,yfinance,screener,screener,missing,screener,yfinance,screener,screener,screener,screener,screener,screener,missing,screener,screener,yfinance,yfinance,screener,yfinance,screener,screener,missing,screener,screener,screener,screener,missing,missing
ECLERX,yfinance,screener,yfinance,missing,screener,screener,missing,screener,screener,missing,yfinance,screener,yfinance,screener,screener,yfinance,screener,screener,screener,screener,yfinance,screener,screener,missing,screener,yfinance,screener,screener,screener,screener,screener,screener,missing,screener,screener,yfinance,yfinance,screener,yfinance,screener,screener,missing,screener,screener,screener,screener,missing,missing
EICHERMOT,yfinance,screener,yfinance,missing,screener,screener,missing,screener,screener,missing,yfinance,screener,yfinance,screener,screener,yfinance,screener,screener,screener,screener,yfinance,screener,screener,missing,screener,yfinance,screener,screener,screener,screener,screener,screener,missing,screener,screener,yfinance,yfinance,screener,yfinance,screener,screener,missing,screener,screener,screener,screener,missing,missing
EIDPARRY,yfinance,screener,yfinance,missing,screener,screener,missing,screener,screener,missing,yfinance,screener,yfinance,screener,screener,yfinance,screener,screener,screener,screener,missing,screener,screener,missing,screener,yfinance,screener,screener,screener,screener,screener,screener,missing,screener,screener,yfinance,yfinance,screener,yfinance,screener,screener,missing,screener,screener,screener,screener,missing,missing
EIHOTEL,yfinance,screener,yfinance,missing,screener,screener,missing,screener,screener,missing,yfinance,screener,yfinance,screener,screener,yfinance,screener,screener,screener,screener,yfinance,screener,screener,missing,screener,yfinance,screener,screener,screener,screener,screener,screener,missing,screener,screener,yfinance,yfinance,screener,yfinance,screener,screener,missing,screener,screener,screener,screener,missing,missing
ELECON,yfinance,screener,yfinance,missing,screener,screener,missing,screener,screener,missing,yfinance,screener,yfinance,screener,screener,yfinance,screener,screener,screener,screener,yfinance,screener,screener,missing,screener,yfinance,screener,screener,screener,screener,screener,screener,missing,screener,screener,yfinance,yfinance,screener,yfinance,screener,screener,missing,screener,screener,screener,screener,missing,missing
ELGIEQUIP,yfinance,screener,yfinance,missing,screener,screener,missing,screener,screener,missing,yfinance,screener,yfinance,screener,screener,yfinance,screener,screener,screener,screener,yfinance,screener,screener,missing,screener,yfinance,screener,screener,screener,screener,screener,screener,missing,screener,screener,yfinance,yfinance,screener,yfinance,screener,screener,missing,screener,screener,screener,screener,missing,missing
EMAMILTD,yfinance,screener,yfinance,missing,screener,screener,missing,screener,screener,missing,yfinance,screener,yfinance,screener,screener,yfinance,screener,screener,screener,screener,yfinance,screener,screener,missing,screener,yfinance,screener,screener,screener,screener,screener,screener,missing,screener,screener,yfinance,yfinance,screener,yfinance,screener,screener,missing,screener,screener,screener,screener,missing,missing
EMCURE,yfinance,screener,yfinance,missing,screener,screener,missing,screener,screener,missing,yfinance,screener,yfinance,screener,screener,yfinance,screener,screener,screener,screener,yfinance,screener,screener,missing,screener,yfinance,screener,screener,screener,screener,screener,screener,missing,screener,screener,yfinance,yfinance,screener,yfinance,screener,screener,missing,screener,screener,screener,screener,missing,missing
EMMVEE,yfinance,screener,yfinance,missing,screener,screener,missing,screener,screener,missing,yfinance,screener,yfinance,screener,screener,yfinance,screener,screener,screener,screener,yfinance,screener,screener,missing,screener,yfinance,screener,screener,screener,screener,screener,screener,missing,screener,screener,yfinance,yfinance,screener,yfinance,screener,screener,missing,screener,screener,screener,screener,missing,missing
ENDURANCE,yfinance,screener,yfinance,missing,screener,screener,missing,screener,screener,missing,yfinance,screener,yfinance,screener,screener,yfinance,screener,screener,screener,screener,yfinance,screener,screener,missing,screener,yfinance,screener,screener,screener,screener,screener,screener,missing,screener,screener,yfinance,yfinance,screener,yfinance,screener,screener,missing,screener,screener,screener,screener,missing,missing
ENGINERSIN,yfinance,screener,yfinance,missing,screener,screener,missing,screener,screener,missing,yfinance,screener,yfinance,screener,screener,yfinance,screener,screener,screener,screener,yfinance,screener,screener,missing,screener,yfinance,screener,screener,screener,screener,screener,screener,missing,screener,screener,yfinance,yfinance,screener,yfinance,screener,screener,missing,screener,screener,screener,screener,missing,missing
ENRIN,yfinance,yfinance,yfinance,missing,yfinance,yfinance,missing,missing,missing,missing,yfinance,missing,yfinance,yfinance,yfinance,yfinance,missing,yfinance,missing,yfinance,yfinance,missing,screener,missing,screener,yfinance,missing,missing,screener,screener,screener,yfinance,missing,missing,missing,yfinance,yfinance,missing,yfinance,yfinance,missing,missing,yfinance,missing,missing,screener,missing,missing
ERIS,yfinance,screener,yfinance,missing,screener,screener,missing,screener,screener,missing,yfinance,screener,yfinance,screener,screener,yfinance,screener,screener,screener,screener,yfinance,screener,screener,missing,screener,yfinance,screener,screener,screener,screener,screener,screener,missing,screener,screener,yfinance,yfinance,screener,yfinance,screener,screener,missing,screener,screener,screener,screener,missing,missing
ESCORTS,yfinance,screener,yfinance,missing,screener,screener,missing,screener,screener,missing,yfinance,screener,yfinance,screener,screener,yfinance,screener,screener,screener,screener,yfinance,screener,screener,missing,screener,yfinance,screener,screener,screener,screener,screener,screener,missing,screener,screener,yfinance,yfinance,screener,yfinance,screener,screener,missing,screener,screener,screener,screener,missing,missing
ETERNAL,yfinance,screener,yfinance,missing,screener,screener,missing,screener,screener,missing,yfinance,screener,yfinance,screener,screener,yfinance,screener,screener,screener,screener,yfinance,screener,screener,missing,screener,yfinance,screener,screener,screener,screener,missing,screener,missing,screener,screener,yfinance,yfinance,screener,yfinance,screener,screener,missing,screener,screener,screener,missing,missing,missing
EXIDEIND,yfinance,screener,yfinance,missing,screener,screener,missing,screener,screener,missing,yfinance,screener,yfinance,screener,screener,yfinance,screener,screener,screener,screener,yfinance,screener,screener,missing,screener,yfinance,screener,screener,screener,screener,screener,screener,missing,screener,screener,yfinance,yfinance,screener,yfinance,screener,screener,missing,screener,screener,screener,screener,missing,missing
FACT,missing,screener,yfinance,missing,screener,screener,missing,screener,screener,missing,yfinance,screener,yfinance,screener,screener,missing,screener,screener,screener,screener,yfinance,screener,screener,missing,screener,yfinance,screener,screener,screener,screener,screener,screener,missing,screener,screener,yfinance,yfinance,screener,missing,screener,screener,missing,screener,screener,screener,screener,missing,missing
FEDERALBNK,yfinance,screener,yfinance,missing,screener,yfinance,missing,screener,screener,missing,yfinance,screener,yfinance,screener,screener,yfinance,screener,screener,missing,screener,yfinance,screener,screener,missing,screener,yfinance,screener,screener,screener,screener,missing,screener,missing,missing,screener,yfinance,yfinance,screener,yfinance,screener,screener,missing,screener,screener,screener,missing,missing,missing
FINCABLES,yfinance,screener,yfinance,missing,screener,screener,missing,screener,screener,missing,yfinance,screener,missing,screener,screener,yfinance,screener,screener,screener,screener,yfinance,screener,screener,missing,screener,yfinance,screener,screener,screener,screener,screener,screener,missing,screener,screener,yfinance,yfinance,screener,yfinance,screener,screener,missing,screener,screener,screener,screener,missing,missing
FIRSTCRY,yfinance,screener,yfinance,missing,screener,screener,missing,screener,screener,missing,yfinance,screener,yfinance,screener,screener,yfinance,screener,screener,screener,screener,missing,screener,screener,missing,screener,yfinance,screener,screener,screener,screener,missing,screener,missing,screener,screener,yfinance,yfinance,screener,yfinance,screener,screener,missing,screener,screener,screener,missing,missing,missing
FIVESTAR,yfinance,yfinance,yfinance,missing,screener,yfinance,missing,screener,screener,missing,yfinance,screener,yfinance,screener,screener,yfinance,screener,screener,missing,screener,yfinance,screener,screener,missing,screener,yfinance,screener,screener,screener,screener,screener,screener,missing,missing,screener,yfinance,yfinance,screener,yfinance,screener,screener,missing,screener,screener,screener,screener,missing,missing
FLUOROCHEM,yfinance,screener,yfinance,missing,screener,screener,missing,screener,screener,missing,yfinance,screener,yfinance,screener,screener,yfinance,screener,screener,screener,screener,yfinance,screener,screener,missing,screener,yfinance,screener,screener,screener,screener,screener,screener,missing,screener,screener,yfinance,yfinance,screener,yfinance,screener,screener,missing,screener,screener,screener,screener,missing,missing
FORCEMOT,missing,screener,yfinance,missing,screener,screener,missing,screener,screener,missing,yfinance,screener,yfinance,screener,screener,missing,screener,screener,screener,screener,yfinance,screener,screener,missing,screener,yfinance,screener,screener,screener,screener,screener,screener,missing,screener,screener,yfinance,yfinance,screener,missing,screener,screener,missing,screener,screener,screener,screener,missing,missing
FORTIS,yfinance,screener,yfinance,missing,screener,screener,missing,screener,screener,missing,yfinance,screener,yfinance,screener,screener,yfinance,screener,screener,screener,screener,yfinance,screener,screener,missing,screener,yfinance,screener,screener,screener,screener,screener,screener,missing,screener,screener,yfinance,yfinance,screener,yfinance,screener,screener,missing,screener,screener,screener,screener,missing,missing
FSL,yfinance,screener,yfinance,missing,screener,screener,missing,screener,screener,missing,yfinance,screener,yfinance,screener,screener,yfinance,screener,screener,screener,screener,yfinance,screener,screener,missing,screener,yfinance,screener,screener,screener,screener,screener,screener,missing,screener,screener,yfinance,yfinance,screener,yfinance,screener,screener,missing,screener,screener,screener,screener,missing,missing
GABRIEL,yfinance,screener,yfinance,missing,screener,screener,missing,screener,screener,missing,yfinance,screener,yfinance,screener,screener,yfinance,screener,screener,screener,screener,yfinance,screener,screener,missing,screener,yfinance,screener,screener,screener,screener,screener,screener,missing,screener,screener,yfinance,yfinance,screener,yfinance,screener,screener,missing,screener,screener,screener,screener,missing,missing
GAIL,yfinance,screener,yfinance,missing,screener,screener,missing,screener,screener,missing,yfinance,screener,yfinance,screener,screener,yfinance,screener,screener,screener,screener,yfinance,screener,screener,missing,screener,yfinance,screener,screener,screener,screener,screener,screener,missing,screener,screener,yfinance,yfinance,screener,yfinance,screener,screener,missing,screener,screener,screener,screener,missing,missing
GALLANTT,missing,screener,yfinance,missing,screener,screener,missing,screener,screener,missing,yfinance,screener,missing,screener,screener,missing,screener,screener,screener,screener,missing,screener,screener,missing,screener,yfinance,screener,screener,screener,screener,screener,screener,missing,screener,screener,yfinance,yfinance,screener,missing,screener,screener,missing,screener,screener,screener,screener,missing,missing
GESHIP,yfinance,screener,yfinance,missing,screener,screener,missing,screener,screener,missing,yfinance,screener,yfinance,screener,screener,yfinance,screener,screener,screener,screener,yfinance,screener,screener,missing,screener,yfinance,screener,screener,screener,screener,screener,screener,missing,screener,screener,yfinance,yfinance,screener,yfinance,screener,screener,missing,screener,screener,screener,screener,missing,missing
GICRE,yfinance,screener,yfinance,missing,screener,screener,missing,screener,screener,missing,yfinance,screener,yfinance,screener,screener,yfinance,screener,screener,screener,screener,yfinance,screener,screener,missing,screener,yfinance,screener,screener,screener,screener,screener,screener,missing,screener,screener,yfinance,yfinance,screener,yfinance,screener,screener,missing,screener,screener,screener,screener,missing,missing
GILLETTE,missing,yfinance,yfinance,missing,yfinance,yfinance,missing,missing,missing,missing,yfinance,missing,yfinance,yfinance,yfinance,missing,missing,yfinance,missing,yfinance,yfinance,missing,screener,missing,screener,yfinance,missing,missing,screener,screener,screener,yfinance,missing,missing,missing,yfinance,yfinance,missing,missing,yfinance,missing,missing,yfinance,missing,missing,screener,missing,missing
GLAND,yfinance,screener,yfinance,missing,screener,screener,missing,screener,screener,missing,yfinance,screener,yfinance,screener,screener,yfinance,screener,screener,screener,screener,yfinance,screener,screener,missing,screener,yfinance,screener,screener,screener,screener,screener,screener,missing,screener,screener,yfinance,yfinance,screener,yfinance,screener,screener,missing,screener,screener,screener,screener,missing,missing
GLAXO,yfinance,screener,yfinance,missing,screener,screener,missing,screener,screener,missing,yfinance,screener,yfinance,screener,screener,yfinance,screener,screener,screener,screener,yfinance,screener,screener,missing,screener,yfinance,screener,screener,screener,screener,screener,screener,missing,screener,screener,yfinance,yfinance,screener,yfinance,screener,screener,missing,screener,screener,screener,screener,missing,missing
GLENMARK,yfinance,screener,yfinance,missing,screener,screener,missing,screener,screener,missing,yfinance,screener,yfinance,screener,screener,yfinance,screener,screener,screener,screener,yfinance,screener,screener,missing,screener,yfinance,screener,screener,screener,screener,screener,screener,missing,screener,screener,yfinance,yfinance,screener,yfinance,screener,screener,missing,screener,screener,screener,screener,missing,missing
GMDCLTD,yfinance,screener,yfinance,missing,screener,screener,missing,screener,screener,missing,yfinance,screener,yfinance,screener,screener,yfinance,screener,screener,screener,screener,yfinance,screener,screener,missing,screener,yfinance,screener,screener,screener,screener,screener,screener,missing,screener,screener,yfinance,yfinance,screener,yfinance,screener,screener,missing,screener,screener,screener,screener,missing,missing
GMRAIRPORT,yfinance,screener,yfinance,missing,screener,screener,missing,screener,screener,missing,yfinance,screener,yfinance,screener,screener,yfinance,screener,screener,screener,screener,missing,screener,screener,missing,screener,yfinance,screener,screener,screener,screener,screener,screener,missing,screener,screener,yfinance,yfinance,screener,yfinance,screener,missing,missing,screener,screener,screener,screener,missing,missing
GODFRYPHLP,missing,screener,yfinance,missing,screener,screener,missing,screener,screener,missing,yfinance,screener,yfinance,screener,screener,yfinance,screener,screener,screener,screener,yfinance,screener,screener,missing,screener,yfinance,screener,screener,screener,screener,screener,screener,missing,screener,screener,yfinance,yfinance,screener,missing,screener,screener,missing,screener,screener,screener,screener,missing,missing
GODIGIT,yfinance,yfinance,yfinance,missing,yfinance,yfinance,missing,missing,missing,missing,yfinance,missing,yfinance,missing,yfinance,yfinance,missing,yfinance,missing,yfinance,yfinance,missing,screener,missing,screener,yfinance,missing,missing,screener,screener,screener,yfinance,missing,missing,missing,yfinance,yfinance,missing,yfinance,yfinance,missing,missing,yfinance,missing,missing,screener,missing,missing
GODREJCP,yfinance,screener,yfinance,missing,screener,screener,missing,screener,screener,missing,yfinance,screener,yfinance,screener,screener,yfinance,screener,screener,screener,screener,yfinance,screener,screener,missing,screener,yfinance,screener,screener,screener,screener,screener,screener,missing,screener,screener,yfinance,yfinance,screener,yfinance,screener,screener,missing,screener,screener,screener,screener,missing,missing
GODREJIND,missing,screener,yfinance,missing,screener,screener,missing,screener,screener,missing,yfinance,screener,yfinance,screener,screener,missing,screener,screener,screener,screener,yfinance,screener,screener,missing,screener,yfinance,screener,screener,screener,screener,screener,screener,missing,screener,screener,yfinance,yfinance,screener,missing,screener,screener,missing,screener,screener,screener,screener,missing,missing
GODREJPROP,yfinance,screener,yfinance,missing,screener,screener,missing,screener,screener,missing,yfinance,screener,yfinance,screener,screener,yfinance,screener,screener,screener,screener,yfinance,screener,screener,missing,screener,yfinance,screener,screener,screener,screener,screener,screener,missing,screener,screener,yfinance,yfinance,screener,yfinance,screener,screener,missing,screener,screener,screener,screener,missing,missing
GPIL,yfinance,screener,yfinance,missing,screener,screener,missing,screener,screener,missing,yfinance,screener,missing,screener,screener,yfinance,screener,screener,screener,screener,yfinance,screener,screener,missing,screener,yfinance,screener,screener,screener,screener,screener,screener,missing,screener,screener,yfinance,yfinance,screener,yfinance,screener,screener,missing,screener,screener,screener,screener,missing,missing
GRANULES,yfinance,screener,yfinance,missing,screener,screener,missing,screener,screener,missing,yfinance,screener,yfinance,screener,screener,yfinance,screener,screener,screener,screener,yfinance,screener,screener,missing,screener,yfinance,screener,screener,screener,screener,screener,screener,missing,screener,screener,yfinance,yfinance,screener,yfinance,screener,screener,missing,screener,screener,screener,screener,missing,missing
GRAPHITE,yfinance,screener,yfinance,missing,screener,screener,missing,screener,screener,missing,yfinance,screener,yfinance,screener,screener,yfinance,screener,screener,screener,screener,yfinance,screener,screener,missing,screener,yfinance,screener,screener,screener,screener,screener,screener,missing,screener,screener,yfinance,yfinance,screener,yfinance,screener,screener,missing,screener,screener,screener,screener,missing,missing
GRASIM,yfinance,screener,yfinance,missing,screener,screener,missing,screener,screener,missing,yfinance,screener,yfinance,screener,screener,yfinance,screener,screener,screener,screener,yfinance,screener,screener,missing,screener,yfinance,screener,screener,screener,screener,screener,screener,missing,screener,screener,yfinance,yfinance,screener,yfinance,screener,screener,missing,screener,screener,screener,screener,missing,missing
GRAVITA,yfinance,screener,yfinance,missing,screener,screener,missing,screener,screener,missing,yfinance,screener,yfinance,screener,screener,yfinance,screener,screener,screener,screener,yfinance,screener,screener,missing,screener,yfinance,screener,screener,screener,screener,screener,screener,missing,screener,screener,yfinance,yfinance,screener,yfinance,screener,screener,missing,screener,screener,screener,screener,missing,missing
GROWW,yfinance,screener,yfinance,missing,screener,screener,missing,screener,screener,missing,yfinance,screener,yfinance,screener,screener,yfinance,screener,screener,screener,screener,yfinance,screener,screener,missing,screener,yfinance,screener,screener,screener,screener,screener,screener,missing,screener,screener,yfinance,yfinance,screener,yfinance,screener,screener,missing,screener,screener,screener,screener,missing,missing
GRSE,yfinance,yfinance,yfinance,missing,yfinance,yfinance,missing,missing,missing,missing,yfinance,missing,yfinance,yfinance,yfinance,yfinance,missing,yfinance,missing,yfinance,yfinance,missing,screener,missing,screener,yfinance,missing,missing,screener,screener,screener,yfinance,missing,missing,missing,yfinance,yfinance,missing,yfinance,yfinance,missing,missing,yfinance,missing,missing,screener,missing,missing
GVT&D,yfinance,screener,yfinance,missing,screener,screener,missing,missing,missing,missing,yfinance,screener,yfinance,screener,screener,yfinance,screener,screener,missing,screener,yfinance,screener,screener,missing,screener,yfinance,screener,screener,screener,screener,screener,screener,missing,screener,missing,yfinance,yfinance,screener,yfinance,screener,screener,missing,screener,screener,missing,screener,missing,missing
HAL,yfinance,screener,yfinance,missing,screener,screener,missing,screener,screener,missing,yfinance,screener,yfinance,screener,screener,yfinance,screener,screener,screener,screener,yfinance,screener,screener,missing,screener,yfinance,screener,screener,screener,screener,screener,screener,missing,screener,screener,yfinance,yfinance,screener,yfinance,screener,screener,missing,screener,screener,screener,screener,missing,missing
HAVELLS,yfinance,screener,yfinance,missing,screener,screener,missing,screener,screener,missing,yfinance,screener,yfinance,screener,screener,yfinance,screener,screener,screener,screener,yfinance,screener,screener,missing,screener,yfinance,screener,screener,screener,screener,screener,screener,missing,screener,screener,yfinance,yfinance,screener,yfinance,screener,screener,missing,screener,screener,screener,screener,missing,missing
HBLENGINE,missing,screener,yfinance,missing,screener,screener,missing,screener,screener,missing,yfinance,screener,yfinance,screener,screener,missing,screener,screener,screener,screener,yfinance,screener,screener,missing,screener,yfinance,screener,screener,screener,screener,screener,screener,missing,screener,screener,yfinance,yfinance,screener,missing,screener,screener,missing,screener,screener,screener,screener,missing,missing
HCLTECH,yfinance,screener,yfinance,missing,screener,screener,missing,screener,screener,missing,yfinance,screener,yfinance,screener,screener,yfinance,screener,screener,screener,screener,yfinance,screener,screener,missing,screener,yfinance,screener,screener,screener,screener,screener,screener,missing,screener,screener,yfinance,yfinance,screener,yfinance,screener,screener,missing,screener,screener,screener,screener,missing,missing
HDBFS,yfinance,yfinance,yfinance,missing,screener,yfinance,missing,screener,screener,missing,yfinance,screener,yfinance,screener,screener,yfinance,screener,screener,missing,screener,yfinance,screener,screener,missing,screener,yfinance,screener,screener,screener,screener,screener,screener,missing,missing,screener,yfinance,yfinance,screener,yfinance,screener,screener,missing,screener,screener,screener,screener,missing,missing
HDFCAMC,yfinance,screener,yfinance,missing,screener,screener,missing,screener,screener,missing,yfinance,screener,yfinance,screener,screener,yfinance,screener,screener,screener,screener,yfinance,screener,screener,missing,screener,yfinance,screener,screener,screener,screener,screener,screener,missing,screener,screener,yfinance,yfinance,screener,yfinance,screener,screener,missing,screener,screener,screener,screener,missing,missing
HDFCBANK,yfinance,screener,yfinance,missing,screener,yfinance,missing,screener,screener,missing,yfinance,screener,yfinance,screener,screener,yfinance,screener,screener,missing,screener,yfinance,screener,screener,missing,screener,yfinance,screener,screener,screener,screener,missing,screener,missing,missing,screener,yfinance,yfinance,screener,yfinance,screener,screener,missing,screener,screener,screener,missing,missing,missing
HDFCLIFE,yfinance,screener,yfinance,missing,screener,screener,missing,screener,screener,missing,yfinance,screener,yfinance,screener,screener,yfinance,screener,screener,screener,screener,yfinance,screener,screener,missing,screener,yfinance,screener,screener,screener,screener,screener,screener,missing,screener,screener,yfinance,yfinance,screener,yfinance,screener,screener,missing,screener,screener,screener,screener,missing,missing
HEG,yfinance,screener,yfinance,missing,screener,screener,missing,screener,screener,missing,yfinance,screener,yfinance,screener,screener,yfinance,screener,screener,screener,screener,yfinance,screener,screener,missing,screener,yfinance,screener,screener,screener,screener,screener,screener,missing,screener,screener,yfinance,yfinance,screener,yfinance,screener,screener,missing,screener,screener,screener,screener,missing,missing
HEROMOTOCO,yfinance,screener,yfinance,missing,screener,screener,missing,screener,screener,missing,yfinance,screener,yfinance,screener,screener,yfinance,screener,screener,screener,screener,yfinance,screener,screener,missing,screener,yfinance,screener,screener,screener,screener,screener,screener,missing,screener,screener,yfinance,yfinance,screener,yfinance,screener,screener,missing,screener,screener,screener,screener,missing,missing
HEXT,yfinance,screener,yfinance,missing,screener,screener,missing,screener,screener,missing,yfinance,screener,yfinance,screener,screener,yfinance,screener,screener,screener,screener,yfinance,screener,screener,missing,screener,yfinance,screener,screener,screener,screener,screener,screener,missing,screener,screener,yfinance,yfinance,screener,yfinance,screener,screener,missing,screener,screener,screener,screener,missing,missing
HFCL,yfinance,screener,yfinance,missing,screener,screener,missing,screener,screener,missing,yfinance,screener,yfinance,screener,screener,yfinance,screener,screener,screener,screener,missing,screener,screener,missing,screener,yfinance,screener,screener,screener,screener,screener,screener,missing,screener,screener,yfinance,yfinance,screener,yfinance,screener,screener,missing,screener,screener,screener,screener,missing,missing
HINDALCO,yfinance,screener,yfinance,missing,screener,screener,missing,screener,screener,missing,yfinance,screener,yfinance,screener,screener,yfinance,screener,screener,screener,screener,yfinance,screener,screener,missing,screener,yfinance,screener,screener,screener,screener,screener,screener,missing,screener,screener,yfinance,yfinance,screener,yfinance,screener,screener,missing,screener,screener,screener,screener,missing,missing
HINDCOPPER,yfinance,screener,yfinance,missing,screener,screener,missing,screener,screener,missing,yfinance,screener,missing,screener,screener,yfinance,screener,screener,screener,screener,yfinance,screener,screener,missing,screener,yfinance,screener,screener,screener,screener,screener,screener,missing,screener,screener,yfinance,yfinance,screener,yfinance,screener,screener,missing,screener,screener,screener,screener,missing,missing
HINDPETRO,yfinance,screener,yfinance,missing,screener,screener,missing,screener,screener,missing,yfinance,screener,yfinance,screener,screener,yfinance,screener,screener,screener,screener,missing,screener,screener,missing,screener,yfinance,screener,screener,screener,screener,screener,screener,missing,screener,screener,yfinance,yfinance,screener,yfinance,screener,screener,missing,screener,screener,screener,screener,missing,missing
HINDUNILVR,yfinance,screener,yfinance,missing,screener,screener,missing,screener,screener,missing,yfinance,screener,yfinance,screener,screener,yfinance,screener,screener,screener,screener,yfinance,screener,screener,missing,screener,yfinance,screener,screener,screener,screener,screener,screener,missing,screener,screener,yfinance,yfinance,screener,yfinance,screener,screener,missing,screener,screener,screener,screener,missing,missing
HINDZINC,yfinance,screener,yfinance,missing,screener,screener,missing,screener,screener,missing,yfinance,screener,yfinance,screener,screener,yfinance,screener,screener,screener,screener,yfinance,screener,screener,missing,screener,yfinance,screener,screener,screener,screener,screener,screener,missing,screener,screener,yfinance,yfinance,screener,yfinance,screener,screener,missing,screener,screener,screener,screener,missing,missing
HOMEFIRST,yfinance,yfinance,yfinance,missing,yfinance,yfinance,missing,missing,missing,missing,yfinance,missing,yfinance,yfinance,missing,yfinance,missing,yfinance,missing,yfinance,yfinance,missing,screener,missing,screener,yfinance,missing,missing,screener,screener,screener,yfinance,missing,missing,missing,yfinance,yfinance,missing,yfinance,missing,missing,missing,yfinance,missing,missing,screener,missing,missing
HONASA,yfinance,screener,yfinance,missing,screener,screener,missing,screener,screener,missing,yfinance,screener,yfinance,screener,screener,yfinance,screener,screener,screener,screener,yfinance,screener,screener,missing,screener,yfinance,screener,screener,screener,screener,screener,screener,missing,screener,screener,yfinance,yfinance,screener,yfinance,screener,screener,missing,screener,screener,screener,screener,missing,missing
HONAUT,yfinance,yfinance,yfinance,missing,yfinance,yfinance,missing,missing,missing,missing,yfinance,missing,yfinance,yfinance,yfinance,yfinance,missing,yfinance,missing,yfinance,yfinance,missing,screener,missing,screener,yfinance,missing,missing,screener,screener,screener,yfinance,missing,missing,missing,yfinance,yfinance,missing,yfinance,yfinance,missing,missing,yfinance,missing,missing,screener,missing,missing
HSCL,yfinance,screener,yfinance,missing,screener,screener,missing,screener,screener,missing,yfinance,screener,yfinance,screener,screener,yfinance,screener,screener,screener,screener,yfinance,screener,screener,missing,screener,yfinance,screener,screener,screener,screener,screener,screener,missing,screener,screener,yfinance,yfinance,screener,yfinance,screener,screener,missing,screener,screener,screener,screener,missing,missing
HUDCO,yfinance,screener,yfinance,missing,screener,yfinance,missing,screener,screener,missing,yfinance,screener,yfinance,screener,screener,yfinance,screener,screener,missing,screener,yfinance,screener,screener,missing,screener,yfinance,screener,screener,screener,screener,screener,screener,missing,missing,screener,yfinance,yfinance,screener,yfinance,screener,screener,missing,screener,screener,screener,screener,missing,missing
HYUNDAI,yfinance,screener,yfinance,missing,screener,screener,missing,screener,screener,missing,yfinance,screener,yfinance,screener,screener,yfinance,screener,screener,screener,screener,yfinance,screener,screener,missing,screener,yfinance,screener,screener,screener,screener,screener,screener,missing,screener,screener,yfinance,yfinance,screener,yfinance,screener,screener,missing,screener,screener,screener,screener,missing,missing
ICICIAMC,yfinance,yfinance,yfinance,missing,screener,yfinance,missing,missing,missing,missing,yfinance,missing,yfinance,screener,screener,yfinance,missing,screener,missing,screener,yfinance,missing,screener,missing,screener,yfinance,missing,screener,screener,screener,screener,screener,missing,missing,screener,yfinance,yfinance,missing,yfinance,screener,missing,missing,screener,missing,screener,screener,missing,missing
ICICIBANK,yfinance,screener,yfinance,missing,screener,yfinance,missing,screener,screener,missing,yfinance,screener,yfinance,screener,screener,yfinance,screener,screener,missing,screener,yfinance,screener,screener,missing,screener,yfinance,screener,screener,screener,screener,missing,screener,missing,missing,screener,yfinance,yfinance,screener,yfinance,screener,screener,missing,screener,screener,screener,missing,missing,missing
ICICIGI,yfinance,yfinance,yfinance,missing,yfinance,yfinance,missing,missing,missing,missing,yfinance,missing,yfinance,yfinance,yfinance,yfinance,missing,yfinance,missing,yfinance,yfinance,missing,screener,missing,screener,yfinance,missing,missing,screener,screener,screener,yfinance,missing,missing,missing,yfinance,yfinance,missing,yfinance,yfinance,missing,missing,yfinance,missing,missing,screener,missing,missing
ICICIPRULI,yfinance,screener,yfinance,missing,screener,screener,missing,screener,screener,missing,yfinance,screener,yfinance,screener,screener,yfinance,screener,screener,screener,screener,yfinance,screener,screener,missing,screener,yfinance,screener,screener,screener,screener,screener,screener,missing,screener,screener,yfinance,yfinance,screener,yfinance,screener,screener,missing,screener,screener,screener,screener,missing,missing
IDBI,missing,screener,yfinance,missing,screener,yfinance,missing,screener,screener,missing,yfinance,screener,yfinance,screener,screener,yfinance,screener,screener,missing,screener,missing,screener,screener,missing,screener,yfinance,screener,screener,screener,screener,screener,screener,missing,missing,screener,yfinance,yfinance,screener,missing,screener,screener,missing,screener,screener,screener,screener,missing,missing
IDEA,yfinance,screener,yfinance,missing,screener,screener,missing,screener,screener,missing,yfinance,screener,yfinance,screener,screener,yfinance,screener,screener,screener,screener,missing,screener,screener,missing,screener,yfinance,screener,screener,screener,screener,screener,screener,missing,screener,screener,yfinance,yfinance,screener,yfinance,screener,missing,missing,screener,screener,screener,screener,missing,missing
IDFCFIRSTB,yfinance,screener,yfinance,missing,screener,missing,missing,screener,screener,missing,yfinance,screener,missing,screener,screener,yfinance,screener,screener,missing,screener,yfinance,screener,screener,missing,screener,yfinance,screener,screener,screener,screener,screener,screener,missing,missing,screener,yfinance,yfinance,screener,yfinance,screener,screener,missing,screener,screener,screener,screener,missing,missing
IEX,yfinance,screener,yfinance,missing,screener,screener,missing,screener,screener,missing,yfinance,screener,yfinance,screener,screener,yfinance,screener,screener,screener,screener,yfinance,screener,screener,missing,screener,yfinance,screener,screener,screener,screener,missing,screener,missing,screener,screener,yfinance,yfinance,screener,yfinance,screener,screener,missing,screener,screener,screener,missing,missing,missing
IFCI,missing,screener,yfinance,missing,screener,missing,missing,screener,screener,missing,yfinance,screener,missing,screener,screener,yfinance,screener,screener,missing,screener,missing,screener,screener,missing,screener,yfinance,screener,screener,screener,screener,screener,screener,missing,missing,screener,yfinance,yfinance,screener,missing,screener,screener,missing,screener,screener,screener,screener,missing,missing
IGIL,yfinance,screener,yfinance,missing,screener,screener,missing,screener,screener,missing,yfinance,screener,yfinance,screener,screener,yfinance,screener,screener,screener,screener,yfinance,screener,screener,missing,screener,yfinance,screener,screener,screener,screener,screener,screener,missing,screener,screener,yfinance,yfinance,screener,yfinance,screener,screener,missing,screener,screener,screener,screener,missing,missing
IGL,yfinance,screener,yfinance,missing,screener,screener,missing,screener,screener,missing,yfinance,screener,yfinance,screener,screener,yfinance,screener,screener,screener,screener,yfinance,screener,screener,missing,screener,yfinance,screener,screener,screener,screener,screener,screener,missing,screener,screener,yfinance,yfinance,screener,yfinance,screener,screener,missing,screener,screener,screener,screener,missing,missing
IIFL,yfinance,screener,yfinance,missing,screener,yfinance,missing,screener,screener,missing,yfinance,screener,yfinance,screener,screener,yfinance,screener,screener,missing,screener,yfinance,screener,screener,missing,screener,yfinance,screener,screener,screener,screener,screener,screener,missing,missing,screener,yfinance,yfinance,screener,yfinance,screener,screener,missing,screener,screener,screener,screener,missing,missing
IKS,yfinance,screener,yfinance,missing,screener,screener,missing,screener,screener,missing,yfinance,screener,yfinance,screener,screener,yfinance,screener,screener,screener,screener,yfinance,screener,screener,missing,screener,yfinance,screener,screener,screener,screener,screener,screener,missing,screener,screener,yfinance,yfinance,screener,yfinance,screener,screener,missing,screener,screener,screener,screener,missing,missing
INDGN,yfinance,screener,yfinance,missing,screener,screener,missing,screener,screener,missing,yfinance,screener,yfinance,screener,screener,yfinance,screener,screener,screener,screener,yfinance,screener,screener,missing,screener,yfinance,screener,screener,screener,screener,missing,screener,missing,screener,screener,yfinance,yfinance,screener,yfinance,screener,screener,missing,screener,screener,screener,missing,missing,missing
INDHOTEL,yfinance,screener,yfinance,missing,screener,screener,missing,screener,screener,missing,yfinance,screener,yfinance,screener,screener,yfinance,screener,screener,screener,screener,yfinance,screener,screener,missing,screener,yfinance,screener,screener,screener,screener,screener,screener,missing,screener,screener,yfinance,yfinance,screener,yfinance,screener,screener,missing,screener,screener,screener,screener,missing,missing
INDIACEM,yfinance,screener,yfinance,missing,screener,screener,missing,screener,screener,missing,yfinance,screener,yfinance,screener,screener,yfinance,screener,screener,screener,screener,missing,screener,screener,missing,screener,yfinance,screener,screener,screener,screener,screener,screener,missing,screener,screener,yfinance,yfinance,screener,yfinance,screener,screener,missing,screener,screener,screener,screener,missing,missing
INDIAMART,yfinance,screener,yfinance,missing,screener,screener,missing,screener,screener,missing,yfinance,screener,yfinance,screener,screener,yfinance,screener,screener,screener,screener,yfinance,screener,screener,missing,screener,yfinance,screener,screener,screener,screener,screener,screener,missing,screener,screener,yfinance,yfinance,screener,yfinance,screener,screener,missing,screener,screener,screener,screener,missing,missing
INDIANB,yfinance,screener,yfinance,missing,screener,yfinance,missing,screener,screener,missing,yfinance,screener,yfinance,screener,screener,yfinance,screener,screener,missing,screener,yfinance,screener,screener,missing,screener,yfinance,screener,screener,screener,screener,screener,screener,missing,missing,screener,yfinance,yfinance,screener,yfinance,screener,screener,missing,screener,screener,screener,screener,missing,missing
INDIGO,yfinance,screener,yfinance,missing,screener,screener,missing,screener,screener,missing,yfinance,screener,yfinance,screener,screener,yfinance,screener,screener,screener,screener,yfinance,screener,screener,missing,screener,yfinance,screener,screener,screener,screener,screener,screener,missing,screener,screener,yfinance,yfinance,screener,yfinance,screener,screener,missing,screener,screener,screener,screener,missing,missing
INDUSINDBK,yfinance,screener,yfinance,missing,screener,yfinance,missing,screener,screener,missing,yfinance,screener,yfinance,screener,screener,yfinance,screener,screener,missing,screener,yfinance,screener,screener,missing,screener,yfinance,screener,screener,screener,screener,screener,screener,missing,missing,screener,yfinance,yfinance,screener,yfinance,screener,screener,missing,screener,screener,screener,screener,missing,missing
INDUSTOWER,yfinance,screener,yfinance,missing,screener,screener,missing,screener,screener,missing,yfinance,screener,yfinance,screener,screener,yfinance,screener,screener,screener,screener,yfinance,screener,screener,missing,screener,yfinance,screener,screener,screener,screener,screener,screener,missing,screener,screener,yfinance,yfinance,screener,yfinance,screener,screener,missing,screener,screener,screener,screener,missing,missing
INFY,yfinance,screener,yfinance,missing,screener,screener,missing,screener,screener,missing,yfinance,screener,yfinance,screener,screener,yfinance,screener,screener,screener,screener,yfinance,screener,screener,missing,screener,yfinance,screener,screener,screener,screener,screener,screener,missing,screener,screener,yfinance,yfinance,screener,yfinance,screener,screener,missing,screener,screener,screener,screener,missing,missing
INOXWIND,yfinance,screener,yfinance,missing,screener,screener,missing,screener,screener,missing,yfinance,screener,missing,screener,screener,yfinance,screener,screener,screener,screener,yfinance,screener,screener,missing,screener,yfinance,screener,screener,screener,screener,screener,screener,missing,screener,screener,yfinance,yfinance,screener,yfinance,screener,screener,missing,screener,screener,screener,screener,missing,missing
INTELLECT,yfinance,screener,yfinance,missing,screener,screener,missing,screener,screener,missing,yfinance,screener,yfinance,screener,screener,yfinance,screener,screener,screener,screener,yfinance,screener,screener,missing,screener,yfinance,screener,screener,screener,screener,screener,screener,missing,screener,screener,yfinance,yfinance,screener,yfinance,screener,screener,missing,screener,screener,screener,screener,missing,missing
IOB,missing,screener,yfinance,missing,screener,yfinance,missing,screener,screener,missing,yfinance,screener,yfinance,screener,screener,yfinance,screener,screener,missing,screener,yfinance,screener,screener,missing,screener,yfinance,screener,screener,screener,screener,screener,screener,missing,missing,screener,yfinance,yfinance,screener,missing,screener,screener,missing,screener,screener,screener,screener,missing,missing
IOC,yfinance,screener,yfinance,missing,screener,screener,missing,screener,screener,missing,yfinance,screener,yfinance,screener,screener,yfinance,screener,screener,screener,screener,missing,screener,screener,missing,screener,yfinance,screener,screener,screener,screener,screener,screener,missing,screener,screener,yfinance,yfinance,screener,yfinance,screener,screener,missing,screener,screener,screener,screener,missing,missing
IPCALAB,yfinance,screener,yfinance,missing,screener,screener,missing,screener,screener,missing,yfinance,screener,yfinance,screener,screener,yfinance,screener,screener,screener,screener,yfinance,screener,screener,missing,screener,yfinance,screener,screener,screener,screener,screener,screener,missing,screener,screener,yfinance,yfinance,screener,yfinance,screener,screener,missing,screener,screener,screener,screener,missing,missing
IRB,yfinance,screener,yfinance,missing,screener,screener,missing,screener,screener,missing,yfinance,screener,yfinance,screener,screener,yfinance,screener,screener,screener,screener,yfinance,screener,screener,missing,screener,yfinance,screener,screener,screener,screener,screener,screener,missing,screener,screener,yfinance,yfinance,screener,yfinance,screener,screener,missing,screener,screener,screener,screener,missing,missing
IRCON,yfinance,screener,yfinance,missing,screener,screener,missing,screener,screener,missing,yfinance,screener,yfinance,screener,screener,yfinance,screener,screener,screener,screener,yfinance,screener,screener,missing,screener,yfinance,screener,screener,screener,screener,screener,screener,missing,screener,screener,yfinance,yfinance,screener,yfinance,screener,screener,missing,screener,screener,screener,screener,missing,missing
IRCTC,yfinance,screener,yfinance,missing,screener,screener,missing,screener,screener,missing,yfinance,screener,yfinance,screener,screener,yfinance,screener,screener,screener,screener,yfinance,screener,screener,missing,screener,yfinance,screener,screener,screener,screener,screener,screener,missing,screener,screener,yfinance,yfinance,screener,yfinance,screener,screener,missing,screener,screener,screener,screener,missing,missing
IREDA,yfinance,screener,yfinance,missing,screener,yfinance,missing,screener,screener,missing,yfinance,screener,yfinance,screener,screener,yfinance,screener,screener,missing,screener,yfinance,screener,screener,missing,screener,yfinance,screener,screener,screener,screener,screener,screener,missing,missing,screener,yfinance,yfinance,screener,yfinance,screener,screener,missing,screener,screener,screener,screener,missing,missing
IRFC,yfinance,yfinance,yfinance,missing,yfinance,yfinance,missing,missing,missing,missing,yfinance,missing,yfinance,yfinance,missing,yfinance,missing,yfinance,missing,yfinance,yfinance,missing,screener,missing,screener,yfinance,missing,missing,screener,screener,screener,yfinance,missing,missing,missing,yfinance,yfinance,missing,yfinance,missing,missing,missing,yfinance,missing,missing,screener,missing,missing
ITC,yfinance,screener,yfinance,missing,screener,screener,missing,screener,screener,missing,yfinance,screener,yfinance,screener,screener,yfinance,screener,screener,screener,screener,yfinance,screener,screener,missing,screener,yfinance,screener,screener,screener,screener,missing,screener,missing,screener,screener,yfinance,yfinance,screener,yfinance,screener,screener,missing,screener,screener,screener,missing,missing,missing
ITCHOTELS,yfinance,screener,yfinance,missing,screener,screener,missing,screener,screener,missing,yfinance,screener,yfinance,screener,screener,yfinance,screener,screener,screener,screener,yfinance,screener,screener,missing,screener,yfinance,screener,screener,screener,screener,screener,screener,missing,screener,screener,yfinance,yfinance,screener,yfinance,screener,screener,missing,screener,screener,screener,screener,missing,missing
ITI,missing,screener,yfinance,missing,screener,screener,missing,screener,screener,missing,yfinance,screener,yfinance,screener,screener,missing,screener,screener,screener,screener,missing,screener,screener,missing,screener,yfinance,screener,screener,screener,screener,screener,screener,missing,screener,screener,yfinance,yfinance,screener,missing,screener,screener,missing,screener,screener,screener,screener,missing,missing
J&KBANK,yfinance,screener,yfinance,missing,screener,missing,missing,screener,screener,missing,yfinance,screener,missing,screener,screener,yfinance,screener,screener,missing,screener,missing,screener,screener,missing,screener,yfinance,screener,screener,screener,screener,screener,screener,missing,missing,screener,yfinance,yfinance,screener,yfinance,screener,screener,missing,screener,screener,screener,screener,missing,missing
JAINREC,yfinance,screener,yfinance,missing,screener,screener,missing,screener,screener,missing,yfinance,screener,yfinance,screener,screener,yfinance,screener,screener,screener,screener,yfinance,screener,screener,missing,screener,yfinance,screener,screener,screener,screener,screener,screener,missing,screener,screener,yfinance,yfinance,screener,yfinance,screener,screener,missing,screener,screener,screener,screener,missing,missing
JBCHEPHARM,yfinance,screener,yfinance,missing,screener,screener,missing,screener,screener,missing,yfinance,screener,yfinance,screener,screener,yfinance,screener,screener,screener,screener,yfinance,screener,screener,missing,screener,yfinance,screener,screener,screener,screener,screener,screener,missing,screener,screener,yfinance,yfinance,screener,yfinance,screener,screener,missing,screener,screener,screener,screener,missing,missing
JBMA,missing,screener,yfinance,missing,screener,screener,missing,screener,screener,missing,yfinance,screener,yfinance,screener,screener,yfinance,screener,screener,screener,screener,yfinance,screener,screener,missing,screener,yfinance,screener,screener,screener,screener,screener,screener,missing,screener,screener,yfinance,yfinance,screener,missing,screener,screener,missing,screener,screener,screener,screener,missing,missing
JINDALSAW,yfinance,screener,yfinance,missing,screener,screener,missing,screener,screener,missing,yfinance,screener,yfinance,screener,screener,yfinance,screener,screener,screener,screener,yfinance,screener,screener,missing,screener,yfinance,screener,screener,screener,screener,screener,screener,missing,screener,screener,yfinance,yfinance,screener,yfinance,screener,screener,missing,screener,screener,screener,screener,missing,missing
JINDALSTEL,yfinance,screener,yfinance,missing,screener,screener,missing,screener,screener,missing,yfinance,screener,yfinance,screener,screener,yfinance,screener,screener,screener,screener,yfinance,screener,screener,missing,screener,yfinance,screener,screener,screener,screener,screener,screener,missing,screener,screener,yfinance,yfinance,screener,yfinance,screener,screener,missing,screener,screener,screener,screener,missing,missing
JIOFIN,yfinance,screener,yfinance,missing,screener,screener,missing,screener,screener,missing,yfinance,screener,yfinance,screener,screener,yfinance,screener,screener,screener,screener,yfinance,screener,screener,missing,screener,yfinance,screener,screener,screener,screener,screener,screener,missing,screener,screener,yfinance,yfinance,screener,yfinance,screener,screener,missing,screener,screener,screener,screener,missing,missing
JKCEMENT,yfinance,screener,yfinance,missing,screener,screener,missing,screener,screener,missing,yfinance,screener,yfinance,screener,screener,yfinance,screener,screener,screener,screener,yfinance,screener,screener,missing,screener,yfinance,screener,screener,screener,screener,screener,screener,missing,screener,screener,yfinance,yfinance,screener,yfinance,screener,screener,missing,screener,screener,screener,screener,missing,missing
JKTYRE,yfinance,screener,yfinance,missing,screener,screener,missing,screener,screener,missing,yfinance,screener,yfinance,screener,screener,yfinance,screener,screener,screener,screener,yfinance,screener,screener,missing,screener,yfinance,screener,screener,screener,screener,screener,screener,missing,screener,screener,yfinance,yfinance,screener,yfinance,screener,screener,missing,screener,screener,screener,screener,missing,missing
JMFINANCIL,yfinance,screener,yfinance,missing,screener,screener,missing,screener,screener,missing,yfinance,screener,yfinance,screener,screener,yfinance,screener,screener,screener,screener,yfinance,screener,screener,missing,screener,yfinance,screener,screener,screener,screener,screener,screener,missing,screener,screener,yfinance,yfinance,screener,yfinance,screener,screener,missing,screener,screener,screener,screener,missing,missing
JPPOWER,missing,screener,yfinance,missing,screener,screener,missing,screener,screener,missing,yfinance,screener,yfinance,screener,screener,yfinance,screener,screener,screener,screener,yfinance,screener,screener,missing,screener,yfinance,screener,screener,screener,screener,screener,screener,missing,screener,screener,yfinance,yfinance,screener,missing,screener,screener,missing,screener,screener,screener,screener,missing,missing
JSL,yfinance,screener,yfinance,missing,screener,screener,missing,screener,screener,missing,yfinance,screener,yfinance,screener,screener,yfinance,screener,screener,screener,screener,yfinance,screener,screener,missing,screener,yfinance,screener,screener,screener,screener,screener,screener,missing,screener,screener,yfinance,yfinance,screener,yfinance,screener,screener,missing,screener,screener,screener,screener,missing,missing
JSWCEMENT,yfinance,screener,yfinance,missing,screener,screener,missing,screener,screener,missing,yfinance,screener,yfinance,screener,screener,yfinance,screener,screener,screener,screener,yfinance,screener,screener,missing,screener,yfinance,screener,screener,screener,screener,screener,screener,missing,screener,screener,yfinance,yfinance,screener,yfinance,screener,screener,missing,screener,screener,screener,screener,missing,missing
JSWDULUX,yfinance,screener,missing,missing,screener,screener,missing,screener,screener,missing,yfinance,screener,missing,screener,screener,missing,screener,screener,screener,screener,missing,screener,screener,missing,screener,missing,screener,screener,screener,screener,screener,screener,missing,screener,screener,missing,missing,screener,yfinance,screener,screener,missing,screener,screener,screener,screener,missing,missing
JSWENERGY,yfinance,screener,yfinance,missing,screener,screener,missing,screener,screener,missing,yfinance,screener,yfinance,screener,screener,yfinance,screener,screener,screener,screener,yfinance,screener,screener,missing,screener,yfinance,screener,screener,screener,screener,screener,screener,missing,screener,screener,yfinance,yfinance,screener,yfinance,screener,screener,missing,screener,screener,screener,screener,missing,missing
JSWINFRA,yfinance,screener,yfinance,missing,screener,screener,missing,screener,screener,missing,yfinance,screener,yfinance,screener,screener,yfinance,screener,screener,screener,screener,yfinance,screener,screener,missing,screener,yfinance,screener,screener,screener,screener,screener,screener,missing,screener,screener,yfinance,yfinance,screener,yfinance,screener,screener,missing,screener,screener,screener,screener,missing,missing
JSWSTEEL,yfinance,screener,yfinance,missing,screener,screener,missing,screener,screener,missing,yfinance,screener,yfinance,screener,screener,yfinance,screener,screener,screener,screener,yfinance,screener,screener,missing,screener,yfinance,screener,screener,screener,screener,screener,screener,missing,screener,screener,yfinance,yfinance,screener,yfinance,screener,screener,missing,screener,screener,screener,screener,missing,missing
JUBLFOOD,yfinance,screener,yfinance,missing,screener,screener,missing,screener,screener,missing,yfinance,screener,yfinance,screener,screener,yfinance,screener,screener,screener,screener,missing,screener,screener,missing,screener,yfinance,screener,screener,screener,screener,screener,screener,missing,screener,screener,yfinance,yfinance,screener,yfinance,screener,screener,missing,screener,screener,screener,screener,missing,missing
JUBLINGREA,yfinance,screener,yfinance,missing,screener,screener,missing,screener,screener,missing,yfinance,screener,yfinance,screener,screener,yfinance,screener,screener,screener,screener,yfinance,screener,screener,missing,screener,yfinance,screener,screener,screener,screener,screener,screener,missing,screener,screener,yfinance,yfinance,screener,yfinance,screener,screener,missing,screener,screener,screener,screener,missing,missing
JUBLPHARMA,yfinance,screener,yfinance,missing,screener,screener,missing,screener,screener,missing,yfinance,screener,missing,screener,screener,yfinance,screener,screener,screener,screener,yfinance,screener,screener,missing,screener,yfinance,screener,screener,screener,screener,screener,screener,missing,screener,screener,yfinance,yfinance,screener,yfinance,screener,screener,missing,screener,screener,screener,screener,missing,missing
JWL,yfinance,screener,yfinance,missing,screener,screener,missing,screener,screener,missing,yfinance,screener,yfinance,screener,screener,yfinance,screener,screener,screener,screener,yfinance,screener,screener,missing,screener,yfinance,screener,screener,screener,screener,screener,screener,missing,screener,screener,yfinance,yfinance,screener,yfinance,screener,screener,missing,screener,screener,screener,screener,missing,missing
JYOTICNC,yfinance,screener,yfinance,missing,screener,screener,missing,screener,screener,missing,yfinance,screener,yfinance,screener,screener,yfinance,screener,screener,screener,screener,yfinance,screener,screener,missing,screener,yfinance,screener,screener,screener,screener,screener,screener,missing,screener,screener,yfinance,yfinance,screener,yfinance,screener,screener,missing,screener,screener,screener,screener,missing,missing
KAJARIACER,yfinance,screener,yfinance,missing,screener,screener,missing,screener,screener,missing,yfinance,screener,yfinance,screener,screener,yfinance,screener,screener,screener,screener,yfinance,screener,screener,missing,screener,yfinance,screener,screener,screener,screener,screener,screener,missing,screener,screener,yfinance,yfinance,screener,yfinance,screener,screener,missing,screener,screener,screener,screener,missing,missing
KALYANKJIL,yfinance,screener,yfinance,missing,screener,screener,missing,screener,screener,missing,yfinance,screener,yfinance,screener,screener,yfinance,screener,screener,screener,screener,yfinance,screener,screener,missing,screener,yfinance,screener,screener,screener,screener,screener,screener,missing,screener,screener,yfinance,yfinance,screener,yfinance,screener,screener,missing,screener,screener,screener,screener,missing,missing
KARURVYSYA,yfinance,yfinance,yfinance,missing,yfinance,yfinance,missing,missing,missing,missing,yfinance,missing,yfinance,yfinance,missing,yfinance,missing,yfinance,missing,yfinance,yfinance,missing,screener,missing,screener,yfinance,missing,missing,screener,screener,screener,yfinance,missing,missing,missing,yfinance,yfinance,missing,yfinance,missing,missing,missing,yfinance,missing,missing,screener,missing,missing
KAYNES,yfinance,screener,yfinance,missing,screener,screener,missing,screener,screener,missing,yfinance,screener,missing,screener,screener,yfinance,screener,screener,screener,screener,yfinance,screener,screener,missing,screener,yfinance,screener,screener,screener,screener,screener,screener,missing,screener,screener,yfinance,yfinance,screener,yfinance,screener,screener,missing,screener,screener,screener,screener,missing,missing
KEC,yfinance,screener,yfinance,missing,screener,screener,missing,screener,screener,missing,yfinance,screener,missing,screener,screener,yfinance,screener,screener,screener,screener,yfinance,screener,screener,missing,screener,yfinance,screener,screener,screener,screener,screener,screener,missing,screener,screener,yfinance,yfinance,screener,yfinance,screener,screener,missing,screener,screener,screener,screener,missing,missing
KEI,yfinance,screener,yfinance,missing,screener,screener,missing,screener,screener,missing,yfinance,screener,yfinance,screener,screener,yfinance,screener,screener,screener,screener,yfinance,screener,screener,missing,screener,yfinance,screener,screener,screener,screener,screener,screener,missing,screener,screener,yfinance,yfinance,screener,yfinance,screener,screener,missing,screener,screener,screener,screener,missing,missing
KFINTECH,yfinance,screener,yfinance,missing,screener,screener,missing,screener,screener,missing,yfinance,screener,yfinance,screener,screener,yfinance,screener,screener,screener,screener,yfinance,screener,screener,missing,screener,yfinance,screener,screener,screener,screener,screener,screener,missing,screener,screener,yfinance,yfinance,screener,yfinance,screener,screener,missing,screener,screener,screener,screener,missing,missing
KIMS,yfinance,screener,yfinance,missing,screener,screener,missing,screener,screener,missing,yfinance,screener,yfinance,screener,screener,yfinance,screener,screener,screener,screener,yfinance,screener,screener,missing,screener,yfinance,screener,screener,screener,screener,screener,screener,missing,screener,screener,yfinance,yfinance,screener,yfinance,screener,screener,missing,screener,screener,screener,screener,missing,missing
KIRLOSENG,yfinance,screener,yfinance,missing,screener,screener,missing,screener,screener,missing,yfinance,screener,yfinance,screener,screener,yfinance,screener,screener,screener,screener,yfinance,screener,screener,missing,screener,yfinance,screener,screener,screener,screener,screener,screener,missing,screener,screener,yfinance,yfinance,screener,yfinance,screener,screener,missing,screener,screener,screener,screener,missing,missing
KOTAKBANK,yfinance,screener,yfinance,missing,screener,yfinance,missing,screener,screener,missing,yfinance,screener,yfinance,screener,screener,yfinance,screener,screener,missing,screener,yfinance,screener,screener,missing,screener,yfinance,screener,screener,screener,screener,screener,screener,missing,missing,screener,yfinance,yfinance,screener,yfinance,screener,screener,missing,screener,screener,screener,screener,missing,missing
KPIL,yfinance,screener,yfinance,missing,screener,screener,missing,screener,screener,missing,yfinance,screener,missing,screener,screener,yfinance,screener,screener,screener,screener,yfinance,screener,screener,missing,screener,yfinance,screener,screener,screener,screener,screener,screener,missing,screener,screener,yfinance,yfinance,screener,yfinance,screener,screener,missing,screener,screener,screener,screener,missing,missing
KPITTECH,yfinance,screener,yfinance,missing,screener,screener,missing,screener,screener,missing,yfinance,screener,yfinance,screener,screener,yfinance,screener,screener,screener,screener,yfinance,screener,screener,missing,screener,yfinance,screener,screener,screener,screener,screener,screener,missing,screener,screener,yfinance,yfinance,screener,yfinance,screener,screener,missing,screener,screener,screener,screener,missing,missing
KPRMILL,yfinance,screener,yfinance,missing,screener,screener,missing,screener,screener,missing,yfinance,screener,yfinance,screener,screener,yfinance,screener,screener,screener,screener,yfinance,screener,screener,missing,screener,yfinance,screener,screener,screener,screener,screener,screener,missing,screener,screener,yfinance,yfinance,screener,yfinance,screener,screener,missing,screener,screener,screener,screener,missing,missing
LALPATHLAB,yfinance,screener,yfinance,missing,screener,screener,missing,screener,screener,missing,yfinance,screener,yfinance,screener,screener,yfinance,screener,screener,screener,screener,yfinance,screener,screener,missing,screener,yfinance,screener,screener,screener,screener,screener,screener,missing,screener,screener,yfinance,yfinance,screener,yfinance,screener,screener,missing,screener,screener,screener,screener,missing,missing
LATENTVIEW,yfinance,screener,yfinance,missing,screener,screener,missing,screener,screener,missing,yfinance,screener,yfinance,screener,screener,yfinance,screener,screener,screener,screener,yfinance,screener,screener,missing,screener,yfinance,screener,screener,screener,screener,screener,screener,missing,screener,screener,yfinance,yfinance,screener,yfinance,screener,screener,missing,screener,screener,screener,screener,missing,missing
LAURUSLABS,yfinance,screener,yfinance,missing,screener,screener,missing,screener,screener,missing,yfinance,screener,yfinance,screener,screener,yfinance,screener,screener,screener,screener,yfinance,screener,screener,missing,screener,yfinance,screener,screener,screener,screener,screener,screener,missing,screener,screener,yfinance,yfinance,screener,yfinance,screener,screener,missing,screener,screener,screener,screener,missing,missing
LEMONTREE,yfinance,screener,yfinance,missing,screener,screener,missing,screener,screener,missing,yfinance,screener,yfinance,screener,screener,yfinance,screener,screener,screener,screener,yfinance,screener,screener,missing,screener,yfinance,screener,screener,screener,screener,screener,screener,missing,screener,screener,yfinance,yfinance,screener,yfinance,screener,screener,missing,screener,screener,screener,screener,missing,missing
LENSKART,yfinance,screener,yfinance,missing,screener,screener,missing,screener,screener,missing,yfinance,screener,yfinance,screener,screener,yfinance,screener,screener,screener,screener,yfinance,screener,screener,missing,screener,yfinance,screener,screener,screener,screener,screener,screener,missing,screener,screener,yfinance,yfinance,screener,yfinance,screener,screener,missing,screener,screener,screener,screener,missing,missing
LGEINDIA,yfinance,yfinance,yfinance,missing,yfinance,yfinance,missing,missing,missing,missing,yfinance,missing,yfinance,missing,yfinance,yfinance,missing,yfinance,missing,yfinance,yfinance,yfinance,screener,missing,screener,yfinance,missing,missing,screener,screener,screener,yfinance,missing,missing,missing,yfinance,yfinance,missing,yfinance,yfinance,missing,missing,yfinance,missing,missing,screener,missing,missing
LICHSGFIN,yfinance,screener,yfinance,missing,screener,yfinance,missing,screener,screener,missing,yfinance,screener,yfinance,screener,screener,yfinance,screener,screener,missing,screener,yfinance,screener,screener,missing,screener,yfinance,screener,screener,screener,screener,screener,screener,missing,missing,screener,yfinance,yfinance,screener,yfinance,screener,screener,missing,screener,screener,screener,screener,missing,missing
LICI,yfinance,screener,yfinance,missing,screener,screener,missing,screener,screener,missing,yfinance,screener,yfinance,screener,screener,yfinance,screener,screener,screener,screener,yfinance,screener,screener,missing,screener,yfinance,screener,screener,screener,screener,screener,screener,missing,screener,screener,yfinance,yfinance,screener,yfinance,screener,screener,missing,screener,screener,screener,screener,missing,missing
LINDEINDIA,yfinance,screener,yfinance,missing,screener,screener,missing,screener,screener,missing,yfinance,screener,missing,screener,screener,yfinance,screener,screener,screener,screener,yfinance,screener,screener,missing,screener,yfinance,screener,screener,screener,screener,screener,screener,missing,screener,screener,yfinance,yfinance,screener,yfinance,screener,screener,missing,screener,screener,screener,screener,missing,missing
LLOYDSME,yfinance,screener,yfinance,missing,screener,screener,missing,screener,screener,missing,yfinance,screener,missing,screener,screener,yfinance,screener,screener,screener,screener,yfinance,screener,screener,missing,screener,yfinance,screener,screener,screener,screener,screener,screener,missing,screener,screener,yfinance,yfinance,screener,yfinance,screener,screener,missing,screener,screener,screener,screener,missing,missing
LODHA,yfinance,screener,yfinance,missing,screener,screener,missing,screener,screener,missing,yfinance,screener,yfinance,screener,screener,yfinance,screener,screener,screener,screener,yfinance,screener,screener,missing,screener,yfinance,screener,screener,screener,screener,screener,screener,missing,screener,screener,yfinance,yfinance,screener,yfinance,screener,screener,missing,screener,screener,screener,screener,missing,missing
LT,yfinance,screener,yfinance,missing,screener,screener,missing,screener,screener,missing,yfinance,screener,yfinance,screener,screener,yfinance,screener,screener,screener,screener,yfinance,screener,screener,missing,screener,yfinance,screener,screener,screener,screener,missing,screener,missing,screener,screener,yfinance,yfinance,screener,yfinance,screener,screener,missing,screener,screener,screener,missing,missing,missing
LTF,yfinance,screener,yfinance,missing,screener,yfinance,missing,screener,screener,missing,yfinance,screener,yfinance,screener,screener,yfinance,screener,screener,missing,screener,yfinance,screener,screener,missing,screener,yfinance,screener,screener,screener,screener,screener,screener,missing,missing,screener,yfinance,yfinance,screener,yfinance,screener,screener,missing,screener,screener,screener,screener,missing,missing
LTFOODS,yfinance,screener,yfinance,missing,screener,screener,missing,screener,screener,missing,yfinance,screener,yfinance,screener,screener,yfinance,screener,screener,screener,screener,yfinance,screener,screener,missing,screener,yfinance,screener,screener,screener,screener,screener,screener,missing,screener,screener,yfinance,yfinance,screener,yfinance,screener,screener,missing,screener,screener,screener,screener,missing,missing
LTM,yfinance,screener,yfinance,missing,screener,screener,missing,screener,screener,missing,yfinance,screener,yfinance,screener,screener,yfinance,screener,screener,screener,screener,yfinance,screener,screener,missing,screener,yfinance,screener,screener,screener,screener,screener,screener,missing,screener,screener,yfinance,yfinance,screener,yfinance,screener,screener,missing,screener,screener,screener,screener,missing,missing
LTTS,yfinance,screener,yfinance,missing,screener,screener,missing,screener,screener,missing,yfinance,screener,yfinance,screener,screener,yfinance,screener,screener,screener,screener,yfinance,screener,screener,missing,screener,yfinance,screener,screener,screener,screener,screener,screener,missing,screener,screener,yfinance,yfinance,screener,yfinance,screener,screener,missing,screener,screener,screener,screener,missing,missing
LUPIN,yfinance,screener,yfinance,missing,screener,screener,missing,screener,screener,missing,yfinance,screener,yfinance,screener,screener,yfinance,screener,screener,screener,screener,yfinance,screener,screener,missing,screener,yfinance,screener,screener,screener,screener,screener,screener,missing,screener,screener,yfinance,yfinance,screener,yfinance,screener,screener,missing,screener,screener,screener,screener,missing,missing
M&M,yfinance,screener,yfinance,missing,screener,screener,missing,screener,screener,missing,yfinance,screener,yfinance,screener,screener,yfinance,screener,screener,screener,screener,yfinance,screener,screener,missing,screener,yfinance,screener,screener,screener,screener,screener,screener,missing,screener,screener,yfinance,yfinance,screener,yfinance,screener,screener,missing,screener,screener,screener,screener,missing,missing
M&MFIN,yfinance,screener,yfinance,missing,screener,yfinance,missing,screener,screener,missing,yfinance,screener,yfinance,screener,screener,yfinance,screener,screener,missing,screener,yfinance,screener,screener,missing,screener,yfinance,screener,screener,screener,screener,screener,screener,missing,missing,screener,yfinance,yfinance,screener,yfinance,screener,screener,missing,screener,screener,screener,screener,missing,missing
MAHABANK,yfinance,screener,yfinance,missing,screener,yfinance,missing,screener,screener,missing,yfinance,screener,yfinance,screener,screener,yfinance,screener,screener,missing,screener,yfinance,screener,screener,missing,screener,yfinance,screener,screener,screener,screener,screener,screener,missing,missing,screener,yfinance,yfinance,screener,yfinance,screener,screener,missing,screener,screener,screener,screener,missing,missing
MANAPPURAM,yfinance,screener,yfinance,missing,screener,missing,missing,screener,screener,missing,yfinance,screener,missing,screener,screener,yfinance,screener,screener,missing,screener,yfinance,screener,screener,missing,screener,yfinance,screener,screener,screener,screener,screener,screener,missing,missing,screener,yfinance,yfinance,screener,yfinance,screener,screener,missing,screener,screener,screener,screener,missing,missing
MANKIND,yfinance,screener,yfinance,missing,screener,screener,missing,screener,screener,missing,yfinance,screener,yfinance,screener,screener,yfinance,screener,screener,screener,screener,yfinance,screener,screener,missing,screener,yfinance,screener,screener,screener,screener,screener,screener,missing,screener,screener,yfinance,yfinance,screener,yfinance,screener,screener,missing,screener,screener,screener,screener,missing,missing
MAPMYINDIA,yfinance,screener,yfinance,missing,screener,screener,missing,screener,screener,missing,yfinance,screener,yfinance,screener,screener,yfinance,screener,screener,screener,screener,yfinance,screener,screener,missing,screener,yfinance,screener,screener,screener,screener,screener,screener,missing,screener,screener,yfinance,yfinance,screener,yfinance,screener,screener,missing,screener,screener,screener,screener,missing,missing
MARICO,yfinance,screener,yfinance,missing,screener,screener,missing,screener,screener,missing,yfinance,screener,yfinance,screener,screener,yfinance,screener,screener,screener,screener,yfinance,screener,screener,missing,screener,yfinance,screener,screener,screener,screener,screener,screener,missing,screener,screener,yfinance,yfinance,screener,yfinance,screener,screener,missing,screener,screener,screener,screener,missing,missing
MARUTI,yfinance,screener,yfinance,missing,screener,screener,missing,screener,screener,missing,yfinance,screener,yfinance,screener,screener,yfinance,screener,screener,screener,screener,yfinance,screener,screener,missing,screener,yfinance,screener,screener,screener,screener,screener,screener,missing,screener,screener,yfinance,yfinance,screener,yfinance,screener,screener,missing,screener,screener,screener,screener,missing,missing
MAXHEALTH,yfinance,screener,yfinance,missing,screener,screener,missing,screener,screener,missing,yfinance,screener,yfinance,screener,screener,yfinance,screener,screener,screener,screener,yfinance,screener,screener,missing,screener,yfinance,screener,screener,screener,screener,screener,screener,missing,screener,screener,yfinance,yfinance,screener,yfinance,screener,screener,missing,screener,screener,screener,screener,missing,missing
MAZDOCK,yfinance,screener,yfinance,missing,screener,screener,missing,screener,screener,missing,yfinance,screener,yfinance,screener,screener,yfinance,screener,screener,screener,screener,yfinance,screener,screener,missing,screener,yfinance,screener,screener,screener,screener,screener,screener,missing,screener,screener,yfinance,yfinance,screener,yfinance,screener,screener,missing,screener,screener,screener,screener,missing,missing
MCX,yfinance,screener,yfinance,missing,screener,screener,missing,screener,screener,missing,yfinance,screener,yfinance,screener,screener,yfinance,screener,screener,screener,screener,yfinance,screener,screener,missing,screener,yfinance,screener,screener,screener,screener,missing,screener,missing,screener,screener,yfinance,yfinance,screener,yfinance,screener,screener,missing,screener,screener,screener,missing,missing,missing
MEDANTA,yfinance,screener,yfinance,missing,screener,screener,missing,screener,screener,missing,yfinance,screener,yfinance,screener,screener,yfinance,screener,screener,screener,screener,yfinance,screener,screener,missing,screener,yfinance,screener,screener,screener,screener,screener,screener,missing,screener,screener,yfinance,yfinance,screener,yfinance,screener,screener,missing,screener,screener,screener,screener,missing,missing
MEESHO,yfinance,screener,yfinance,missing,screener,screener,missing,screener,screener,missing,yfinance,screener,yfinance,screener,screener,yfinance,screener,screener,screener,screener,missing,screener,screener,missing,screener,yfinance,screener,screener,screener,screener,screener,screener,missing,screener,screener,yfinance,yfinance,screener,yfinance,screener,screener,missing,screener,screener,screener,screener,missing,missing
MFSL,yfinance,screener,yfinance,missing,screener,screener,missing,screener,screener,missing,yfinance,screener,yfinance,screener,screener,yfinance,screener,screener,screener,screener,missing,screener,screener,missing,screener,yfinance,screener,screener,screener,screener,screener,screener,missing,screener,screener,yfinance,yfinance,screener,yfinance,screener,screener,missing,screener,screener,screener,screener,missing,missing
MGL,yfinance,screener,yfinance,missing,screener,screener,missing,screener,screener,missing,yfinance,screener,yfinance,screener,screener,yfinance,screener,screener,screener,screener,yfinance,screener,screener,missing,screener,yfinance,screener,screener,screener,screener,screener,screener,missing,screener,screener,yfinance,yfinance,screener,yfinance,screener,screener,missing,screener,screener,screener,screener,missing,missing
MINDACORP,yfinance,screener,yfinance,missing,screener,screener,missing,screener,screener,missing,yfinance,screener,yfinance,screener,screener,yfinance,screener,screener,screener,screener,yfinance,screener,screener,missing,screener,yfinance,screener,screener,screener,screener,screener,screener,missing,screener,screener,yfinance,yfinance,screener,yfinance,screener,screener,missing,screener,screener,screener,screener,missing,missing
MMTC,missing,screener,yfinance,missing,screener,screener,missing,screener,screener,missing,yfinance,screener,missing,screener,screener,missing,screener,screener,screener,screener,yfinance,screener,screener,missing,screener,yfinance,screener,screener,screener,screener,screener,screener,missing,screener,screener,yfinance,yfinance,screener,missing,screener,screener,missing,screener,screener,screener,screener,missing,missing
MOTHERSON,yfinance,screener,yfinance,missing,screener,screener,missing,screener,screener,missing,yfinance,screener,yfinance,screener,screener,yfinance,screener,screener,screener,screener,yfinance,screener,screener,missing,screener,yfinance,screener,screener,screener,screener,screener,screener,missing,screener,screener,yfinance,yfinance,screener,yfinance,screener,screener,missing,screener,screener,screener,screener,missing,missing
MOTILALOFS,yfinance,screener,yfinance,missing,screener,screener,missing,screener,screener,missing,yfinance,screener,yfinance,screener,screener,yfinance,screener,screener,screener,screener,yfinance,screener,screener,missing,screener,yfinance,screener,screener,screener,screener,screener,screener,missing,screener,screener,yfinance,yfinance,screener,yfinance,screener,screener,missing,screener,screener,screener,screener,missing,missing
MPHASIS,yfinance,screener,yfinance,missing,screener,screener,missing,screener,screener,missing,yfinance,screener,yfinance,screener,screener,yfinance,screener,screener,screener,screener,yfinance,screener,screener,missing,screener,yfinance,screener,screener,screener,screener,screener,screener,missing,screener,screener,yfinance,yfinance,screener,yfinance,screener,screener,missing,screener,screener,screener,screener,missing,missing
MRF,yfinance,screener,yfinance,missing,screener,screener,missing,screener,screener,missing,yfinance,screener,missing,screener,screener,yfinance,screener,screener,screener,screener,yfinance,screener,screener,missing,screener,yfinance,screener,screener,screener,screener,screener,screener,missing,screener,screener,yfinance,yfinance,screener,yfinance,screener,screener,missing,screener,screener,screener,screener,missing,missing
MRPL,yfinance,screener,yfinance,missing,screener,screener,missing,screener,screener,missing,yfinance,screener,yfinance,screener,screener,yfinance,screener,screener,screener,screener,missing,screener,screener,missing,screener,yfinance,screener,screener,screener,screener,screener,screener,missing,screener,screener,yfinance,yfinance,screener,yfinance,screener,screener,missing,screener,screener,screener,screener,missing,missing
MSUMI,yfinance,yfinance,yfinance,missing,yfinance,yfinance,missing,missing,missing,missing,yfinance,missing,yfinance,yfinance,yfinance,yfinance,missing,yfinance,missing,yfinance,yfinance,missing,screener,missing,screener,yfinance,missing,missing,screener,screener,screener,yfinance,missing,missing,missing,yfinance,yfinance,missing,yfinance,yfinance,missing,missing,yfinance,missing,missing,screener,missing,missing
MUTHOOTFIN,yfinance,screener,yfinance,missing,screener,yfinance,missing,screener,screener,missing,yfinance,screener,yfinance,screener,screener,yfinance,screener,screener,missing,screener,yfinance,screener,screener,missing,screener,yfinance,screener,screener,screener,screener,screener,screener,missing,missing,screener,yfinance,yfinance,screener,yfinance,screener,screener,missing,screener,screener,screener,screener,missing,missing
NAM-INDIA,yfinance,screener,yfinance,missing,screener,screener,missing,screener,screener,missing,yfinance,screener,yfinance,screener,screener,yfinance,screener,screener,screener,screener,yfinance,screener,screener,missing,screener,yfinance,screener,screener,screener,screener,screener,screener,missing,screener,screener,yfinance,yfinance,screener,yfinance,screener,screener,missing,screener,screener,screener,screener,missing,missing
NATCOPHARM,yfinance,screener,yfinance,missing,screener,screener,missing,screener,screener,missing,yfinance,screener,yfinance,screener,screener,yfinance,screener,screener,screener,screener,yfinance,screener,screener,missing,screener,yfinance,screener,screener,screener,screener,screener,screener,missing,screener,screener,yfinance,yfinance,screener,yfinance,screener,screener,missing,screener,screener,screener,screener,missing,missing
NATIONALUM,yfinance,screener,yfinance,missing,screener,screener,missing,screener,screener,missing,yfinance,screener,yfinance,screener,screener,yfinance,screener,screener,screener,screener,yfinance,screener,screener,missing,screener,yfinance,screener,screener,screener,screener,screener,screener,missing,screener,screener,yfinance,yfinance,screener,yfinance,screener,screener,missing,screener,screener,screener,screener,missing,missing
NAUKRI,yfinance,screener,yfinance,missing,screener,screener,missing,screener,screener,missing,yfinance,screener,yfinance,screener,screener,yfinance,screener,screener,screener,screener,yfinance,screener,screener,missing,screener,yfinance,screener,screener,screener,screener,screener,screener,missing,screener,screener,yfinance,yfinance,screener,yfinance,screener,screener,missing,screener,screener,screener,screener,missing,missing
NAVA,missing,screener,yfinance,missing,screener,screener,missing,screener,screener,missing,yfinance,screener,yfinance,screener,screener,missing,screener,screener,screener,screener,yfinance,screener,screener,missing,screener,yfinance,screener,screener,screener,screener,screener,screener,missing,screener,screener,yfinance,yfinance,screener,missing,screener,screener,missing,screener,screener,screener,screener,missing,missing
NAVINFLUOR,yfinance,screener,yfinance,missing,screener,screener,missing,screener,screener,missing,yfinance,screener,yfinance,screener,screener,yfinance,screener,screener,screener,screener,yfinance,screener,screener,missing,screener,yfinance,screener,screener,screener,screener,screener,screener,missing,screener,screener,yfinance,yfinance,screener,yfinance,screener,screener,missing,screener,screener,screener,screener,missing,missing
NBCC,yfinance,screener,yfinance,missing,screener,screener,missing,screener,screener,missing,yfinance,screener,missing,screener,screener,yfinance,screener,screener,screener,screener,yfinance,screener,screener,missing,screener,yfinance,screener,screener,screener,screener,screener,screener,missing,screener,screener,yfinance,yfinance,screener,yfinance,screener,screener,missing,screener,screener,screener,screener,missing,missing
NCC,yfinance,screener,yfinance,missing,screener,screener,missing,screener,screener,missing,yfinance,screener,yfinance,screener,screener,yfinance,screener,screener,screener,screener,yfinance,screener,screener,missing,screener,yfinance,screener,screener,screener,screener,screener,screener,missing,screener,screener,yfinance,yfinance,screener,yfinance,screener,screener,missing,screener,screener,screener,screener,missing,missing
NESTLEIND,yfinance,screener,yfinance,missing,screener,screener,missing,screener,screener,missing,yfinance,screener,yfinance,screener,screener,yfinance,screener,screener,screener,screener,yfinance,screener,screener,missing,screener,yfinance,screener,screener,screener,screener,screener,screener,missing,screener,screener,yfinance,yfinance,screener,yfinance,screener,screener,missing,screener,screener,screener,screener,missing,missing
NETWEB,yfinance,yfinance,yfinance,missing,yfinance,yfinance,missing,missing,missing,missing,yfinance,missing,yfinance,yfinance,yfinance,yfinance,missing,yfinance,missing,yfinance,yfinance,missing,screener,missing,screener,yfinance,missing,missing,screener,screener,screener,yfinance,missing,missing,missing,yfinance,yfinance,missing,yfinance,yfinance,missing,missing,yfinance,missing,missing,screener,missing,missing
NEULANDLAB,yfinance,screener,yfinance,missing,screener,screener,missing,screener,screener,missing,yfinance,screener,yfinance,screener,screener,yfinance,screener,screener,screener,screener,yfinance,screener,screener,missing,screener,yfinance,screener,screener,screener,screener,screener,screener,missing,screener,screener,yfinance,yfinance,screener,yfinance,screener,screener,missing,screener,screener,screener,screener,missing,missing
NEWGEN,yfinance,screener,yfinance,missing,screener,screener,missing,screener,screener,missing,yfinance,screener,yfinance,screener,screener,yfinance,screener,screener,screener,screener,yfinance,screener,screener,missing,screener,yfinance,screener,screener,screener,screener,screener,screener,missing,screener,screener,yfinance,yfinance,screener,yfinance,screener,screener,missing,screener,screener,screener,screener,missing,missing
NH,yfinance,screener,yfinance,missing,screener,screener,missing,screener,screener,missing,yfinance,screener,missing,screener,screener,yfinance,screener,screener,screener,screener,yfinance,screener,screener,missing,screener,yfinance,screener,screener,screener,screener,screener,screener,missing,screener,screener,yfinance,yfinance,screener,yfinance,screener,screener,missing,screener,screener,screener,screener,missing,missing
NHPC,yfinance,screener,yfinance,missing,screener,screener,missing,screener,screener,missing,yfinance,screener,yfinance,screener,screener,yfinance,screener,screener,screener,screener,yfinance,screener,screener,missing,screener,yfinance,screener,screener,screener,screener,screener,screener,missing,screener,screener,yfinance,yfinance,screener,yfinance,screener,screener,missing,screener,screener,screener,screener,missing,missing
NIACL,yfinance,screener,yfinance,missing,screener,screener,missing,screener,screener,missing,yfinance,screener,yfinance,screener,screener,yfinance,screener,screener,screener,screener,missing,screener,screener,missing,screener,yfinance,screener,screener,screener,screener,screener,screener,missing,screener,screener,yfinance,yfinance,screener,yfinance,screener,screener,missing,screener,screener,screener,screener,missing,missing
NIVABUPA,yfinance,yfinance,yfinance,missing,yfinance,yfinance,missing,missing,missing,missing,yfinance,missing,missing,missing,yfinance,yfinance,missing,yfinance,missing,yfinance,missing,missing,screener,missing,screener,yfinance,missing,missing,screener,screener,screener,yfinance,missing,missing,missing,yfinance,yfinance,missing,yfinance,yfinance,missing,missing,yfinance,missing,missing,screener,missing,missing
NLCINDIA,yfinance,screener,yfinance,missing,screener,screener,missing,screener,screener,missing,yfinance,screener,yfinance,screener,screener,yfinance,screener,screener,screener,screener,yfinance,screener,screener,missing,screener,yfinance,screener,screener,screener,screener,screener,screener,missing,screener,screener,yfinance,yfinance,screener,yfinance,screener,screener,missing,screener,screener,screener,screener,missing,missing
NMDC,yfinance,screener,yfinance,missing,screener,screener,missing,screener,screener,missing,yfinance,screener,yfinance,screener,screener,yfinance,screener,screener,screener,screener,yfinance,screener,screener,missing,screener,yfinance,screener,screener,screener,screener,screener,screener,missing,screener,screener,yfinance,yfinance,screener,yfinance,screener,screener,missing,screener,screener,screener,screener,missing,missing
NSLNISP,missing,yfinance,yfinance,missing,yfinance,yfinance,missing,missing,missing,missing,yfinance,missing,yfinance,missing,yfinance,missing,missing,yfinance,missing,yfinance,missing,yfinance,screener,missing,screener,yfinance,missing,missing,screener,screener,screener,yfinance,missing,missing,missing,yfinance,yfinance,missing,missing,yfinance,missing,missing,yfinance,missing,missing,screener,missing,missing
NTPC,yfinance,screener,yfinance,missing,screener,screener,missing,screener,screener,missing,yfinance,screener,yfinance,screener,screener,yfinance,screener,screener,screener,screener,yfinance,screener,screener,missing,screener,yfinance,screener,screener,screener,screener,screener,screener,missing,screener,screener,yfinance,yfinance,screener,yfinance,screener,screener,missing,screener,screener,screener,screener,missing,missing
NTPCGREEN,yfinance,screener,yfinance,missing,screener,screener,missing,screener,screener,missing,yfinance,screener,yfinance,screener,screener,yfinance,screener,screener,screener,screener,yfinance,screener,screener,missing,screener,yfinance,screener,screener,screener,screener,screener,screener,missing,screener,screener,yfinance,yfinance,screener,yfinance,screener,screener,missing,screener,screener,screener,screener,missing,missing
NUVAMA,yfinance,screener,yfinance,missing,screener,screener,missing,screener,screener,missing,yfinance,screener,yfinance,screener,screener,yfinance,screener,screener,screener,screener,yfinance,screener,screener,missing,screener,yfinance,screener,screener,screener,screener,screener,screener,missing,screener,screener,yfinance,yfinance,screener,yfinance,screener,screener,missing,screener,screener,screener,screener,missing,missing
NUVOCO,yfinance,screener,yfinance,missing,screener,screener,missing,screener,screener,missing,yfinance,screener,yfinance,screener,screener,yfinance,screener,screener,screener,screener,yfinance,screener,screener,missing,screener,yfinance,screener,screener,screener,screener,screener,screener,missing,screener,screener,yfinance,yfinance,screener,yfinance,screener,screener,missing,screener,screener,screener,screener,missing,missing
NYKAA,yfinance,screener,yfinance,missing,screener,screener,missing,screener,screener,missing,yfinance,screener,yfinance,screener,screener,yfinance,screener,screener,screener,screener,yfinance,screener,screener,missing,screener,yfinance,screener,screener,screener,screener,screener,screener,missing,screener,screener,yfinance,yfinance,screener,yfinance,screener,screener,missing,screener,screener,screener,screener,missing,missing
OBEROIRLTY,yfinance,screener,yfinance,missing,screener,screener,missing,screener,screener,missing,yfinance,screener,yfinance,screener,screener,yfinance,screener,screener,screener,screener,yfinance,screener,screener,missing,screener,yfinance,screener,screener,screener,screener,screener,screener,missing,screener,screener,yfinance,yfinance,screener,yfinance,screener,screener,missing,screener,screener,screener,screener,missing,missing
OFSS,yfinance,screener,yfinance,missing,screener,screener,missing,screener,screener,missing,yfinance,screener,yfinance,screener,screener,yfinance,screener,screener,screener,screener,yfinance,screener,screener,missing,screener,yfinance,screener,screener,screener,screener,screener,screener,missing,screener,screener,yfinance,yfinance,screener,yfinance,screener,screener,missing,screener,screener,screener,screener,missing,missing
OIL,yfinance,screener,yfinance,missing,screener,screener,missing,screener,screener,missing,yfinance,screener,yfinance,screener,screener,yfinance,screener,screener,screener,screener,yfinance,screener,screener,missing,screener,yfinance,screener,screener,screener,screener,screener,screener,missing,screener,screener,yfinance,yfinance,screener,yfinance,screener,screener,missing,screener,screener,screener,screener,missing,missing
OLAELEC,yfinance,screener,yfinance,missing,screener,screener,missing,screener,screener,missing,yfinance,screener,yfinance,screener,screener,yfinance,screener,screener,screener,screener,missing,screener,screener,missing,screener,yfinance,screener,screener,screener,screener,screener,screener,missing,screener,screener,yfinance,yfinance,screener,yfinance,screener,screener,missing,screener,screener,screener,screener,missing,missing
OLECTRA,missing,screener,yfinance,missing,screener,screener,missing,screener,screener,missing,yfinance,screener,yfinance,screener,screener,yfinance,screener,screener,screener,screener,yfinance,screener,screener,missing,screener,yfinance,screener,screener,screener,screener,screener,screener,missing,screener,screener,yfinance,yfinance,screener,missing,screener,screener,missing,screener,screener,screener,screener,missing,missing
ONESOURCE,yfinance,screener,yfinance,missing,screener,screener,missing,screener,screener,missing,yfinance,screener,yfinance,screener,screener,yfinance,screener,screener,screener,screener,missing,screener,screener,missing,screener,yfinance,screener,screener,screener,screener,screener,screener,missing,screener,screener,yfinance,yfinance,screener,yfinance,screener,screener,missing,screener,screener,screener,screener,missing,missing
ONGC,yfinance,screener,yfinance,missing,screener,screener,missing,screener,screener,missing,yfinance,screener,yfinance,screener,screener,yfinance,screener,screener,screener,screener,yfinance,screener,screener,missing,screener,yfinance,screener,screener,screener,screener,screener,screener,missing,screener,screener,yfinance,yfinance,screener,yfinance,screener,screener,missing,screener,screener,screener,screener,missing,missing
PAGEIND,yfinance,yfinance,yfinance,missing,yfinance,yfinance,missing,missing,missing,missing,yfinance,missing,yfinance,yfinance,yfinance,yfinance,missing,yfinance,missing,yfinance,yfinance,yfinance,screener,missing,screener,yfinance,missing,missing,screener,screener,screener,yfinance,missing,missing,missing,yfinance,yfinance,missing,yfinance,yfinance,missing,missing,yfinance,missing,missing,screener,missing,missing
PARADEEP,yfinance,screener,yfinance,missing,screener,screener,missing,screener,screener,missing,yfinance,screener,yfinance,screener,screener,yfinance,screener,screener,screener,screener,yfinance,screener,screener,missing,screener,yfinance,screener,screener,screener,screener,screener,screener,missing,screener,screener,yfinance,yfinance,screener,yfinance,screener,screener,missing,screener,screener,screener,screener,missing,missing
PATANJALI,yfinance,screener,yfinance,missing,screener,screener,missing,screener,screener,missing,yfinance,screener,yfinance,screener,screener,yfinance,screener,screener,screener,screener,yfinance,screener,screener,missing,screener,yfinance,screener,screener,screener,screener,screener,screener,missing,screener,screener,yfinance,yfinance,screener,yfinance,screener,screener,missing,screener,screener,screener,screener,missing,missing
PAYTM,yfinance,screener,yfinance,missing,screener,screener,missing,screener,screener,missing,yfinance,screener,yfinance,screener,screener,yfinance,screener,screener,screener,screener,yfinance,screener,screener,missing,screener,yfinance,screener,screener,screener,screener,missing,screener,missing,screener,screener,yfinance,yfinance,screener,yfinance,screener,screener,missing,screener,screener,screener,missing,missing,missing
PCBL,yfinance,screener,yfinance,missing,screener,screener,missing,screener,screener,missing,yfinance,screener,yfinance,screener,screener,yfinance,screener,screener,screener,screener,yfinance,screener,screener,missing,screener,yfinance,screener,screener,screener,screener,screener,screener,missing,screener,screener,yfinance,yfinance,screener,yfinance,screener,screener,missing,screener,screener,screener,screener,missing,missing
PERSISTENT,yfinance,screener,yfinance,missing,screener,screener,missing,screener,screener,missing,yfinance,screener,yfinance,screener,screener,yfinance,screener,screener,screener,screener,yfinance,screener,screener,missing,screener,yfinance,screener,screener,screener,screener,screener,screener,missing,screener,screener,yfinance,yfinance,screener,yfinance,screener,screener,missing,screener,screener,screener,screener,missing,missing
PETRONET,yfinance,screener,yfinance,missing,screener,screener,missing,screener,screener,missing,yfinance,screener,yfinance,screener,screener,yfinance,screener,screener,screener,screener,yfinance,screener,screener,missing,screener,yfinance,screener,screener,screener,screener,screener,screener,missing,screener,screener,yfinance,yfinance,screener,yfinance,screener,screener,missing,screener,screener,screener,screener,missing,missing
PFC,yfinance,screener,yfinance,missing,screener,yfinance,missing,screener,screener,missing,yfinance,screener,yfinance,screener,screener,yfinance,screener,screener,missing,screener,yfinance,screener,screener,missing,screener,yfinance,screener,screener,screener,screener,screener,screener,missing,missing,screener,yfinance,yfinance,screener,yfinance,screener,screener,missing,screener,screener,screener,screener,missing,missing
PFIZER,yfinance,screener,yfinance,missing,screener,screener,missing,screener,screener,missing,yfinance,screener,yfinance,screener,screener,yfinance,screener,screener,screener,screener,yfinance,screener,screener,missing,screener,yfinance,screener,screener,screener,screener,screener,screener,missing,screener,screener,yfinance,yfinance,screener,yfinance,screener,screener,missing,screener,screener,screener,screener,missing,missing
PGEL,yfinance,screener,yfinance,missing,screener,screener,missing,screener,screener,missing,yfinance,screener,yfinance,screener,screener,yfinance,screener,screener,screener,screener,yfinance,screener,screener,missing,screener,yfinance,screener,screener,screener,screener,screener,screener,missing,screener,screener,yfinance,yfinance,screener,yfinance,screener,screener,missing,screener,screener,screener,screener,missing,missing
PHOENIXLTD,yfinance,screener,yfinance,missing,screener,screener,missing,screener,screener,missing,yfinance,screener,yfinance,screener,screener,yfinance,screener,screener,screener,screener,yfinance,screener,screener,missing,screener,yfinance,screener,screener,screener,screener,screener,screener,missing,screener,screener,yfinance,yfinance,screener,yfinance,screener,screener,missing,screener,screener,screener,screener,missing,missing
PIDILITIND,yfinance,screener,yfinance,missing,screener,screener,missing,screener,screener,missing,yfinance,screener,yfinance,screener,screener,yfinance,screener,screener,screener,screener,yfinance,screener,screener,missing,screener,yfinance,screener,screener,screener,screener,screener,screener,missing,screener,screener,yfinance,yfinance,screener,yfinance,screener,screener,missing,screener,screener,screener,screener,missing,missing
PIIND,yfinance,screener,yfinance,missing,screener,screener,missing,screener,screener,missing,yfinance,screener,missing,screener,screener,yfinance,screener,screener,screener,screener,yfinance,screener,screener,missing,screener,yfinance,screener,screener,screener,screener,screener,screener,missing,screener,screener,yfinance,yfinance,screener,yfinance,screener,screener,missing,screener,screener,screener,screener,missing,missing
PINELABS,yfinance,screener,yfinance,missing,screener,screener,missing,screener,screener,missing,yfinance,screener,yfinance,screener,screener,yfinance,screener,screener,screener,screener,yfinance,screener,screener,missing,screener,yfinance,screener,screener,screener,screener,missing,screener,missing,screener,screener,yfinance,yfinance,screener,yfinance,screener,screener,missing,screener,screener,screener,missing,missing,missing
PIRAMALFIN,yfinance,screener,yfinance,missing,screener,screener,missing,screener,screener,missing,yfinance,screener,yfinance,screener,screener,yfinance,screener,screener,screener,screener,yfinance,screener,screener,missing,screener,yfinance,screener,screener,screener,screener,screener,screener,missing,screener,screener,yfinance,yfinance,screener,yfinance,screener,screener,missing,screener,screener,screener,screener,missing,missing
PNB,yfinance,screener,yfinance,missing,screener,yfinance,missing,screener,screener,missing,yfinance,screener,yfinance,screener,screener,yfinance,screener,screener,missing,screener,yfinance,screener,screener,missing,screener,yfinance,screener,screener,screener,screener,screener,screener,missing,missing,screener,yfinance,yfinance,screener,yfinance,screener,screener,missing,screener,screener,screener,screener,missing,missing
PNBHOUSING,yfinance,screener,yfinance,missing,screener,yfinance,missing,screener,screener,missing,yfinance,screener,yfinance,screener,screener,yfinance,screener,screener,missing,screener,yfinance,screener,screener,missing,screener,yfinance,screener,screener,screener,screener,screener,screener,missing,missing,screener,yfinance,yfinance,screener,yfinance,screener,screener,missing,screener,screener,screener,screener,missing,missing
POLICYBZR,yfinance,screener,yfinance,missing,screener,screener,missing,screener,screener,missing,yfinance,screener,yfinance,screener,screener,yfinance,screener,screener,screener,screener,yfinance,screener,screener,missing,screener,yfinance,screener,screener,screener,screener,missing,screener,missing,screener,screener,yfinance,yfinance,screener,yfinance,screener,screener,missing,screener,screener,screener,missing,missing,missing
POLYCAB,yfinance,screener,yfinance,missing,screener,screener,missing,screener,screener,missing,yfinance,screener,yfinance,screener,screener,yfinance,screener,screener,screener,screener,yfinance,screener,screener,missing,screener,yfinance,screener,screener,screener,screener,screener,screener,missing,screener,screener,yfinance,yfinance,screener,yfinance,screener,screener,missing,screener,screener,screener,screener,missing,missing
POLYMED,yfinance,screener,yfinance,missing,screener,screener,missing,screener,screener,missing,yfinance,screener,missing,screener,screener,yfinance,screener,screener,screener,screener,yfinance,screener,screener,missing,screener,yfinance,screener,screener,screener,screener,screener,screener,missing,screener,screener,yfinance,yfinance,screener,yfinance,screener,screener,missing,screener,screener,screener,screener,missing,missing
POONAWALLA,yfinance,screener,yfinance,missing,screener,yfinance,missing,screener,screener,missing,yfinance,screener,yfinance,screener,screener,yfinance,screener,screener,missing,screener,yfinance,screener,screener,missing,screener,yfinance,screener,screener,screener,screener,screener,screener,missing,missing,screener,yfinance,yfinance,screener,yfinance,screener,screener,missing,screener,screener,screener,screener,missing,missing
POWERGRID,yfinance,screener,yfinance,missing,screener,screener,missing,screener,screener,missing,yfinance,screener,yfinance,screener,screener,yfinance,screener,screener,screener,screener,yfinance,screener,screener,missing,screener,yfinance,screener,screener,screener,screener,screener,screener,missing,screener,screener,yfinance,yfinance,screener,yfinance,screener,screener,missing,screener,screener,screener,screener,missing,missing
POWERINDIA,yfinance,yfinance,yfinance,missing,yfinance,yfinance,missing,missing,missing,missing,yfinance,missing,yfinance,yfinance,yfinance,yfinance,missing,yfinance,missing,yfinance,yfinance,missing,screener,missing,screener,yfinance,missing,missing,screener,screener,screener,yfinance,missing,missing,missing,yfinance,yfinance,missing,yfinance,yfinance,missing,missing,yfinance,missing,missing,screener,missing,missing
PPLPHARMA,yfinance,screener,yfinance,missing,screener,screener,missing,screener,screener,missing,yfinance,screener,yfinance,screener,screener,yfinance,screener,screener,screener,screener,missing,screener,screener,missing,screener,yfinance,screener,screener,screener,screener,screener,screener,missing,screener,screener,yfinance,yfinance,screener,yfinance,screener,screener,missing,screener,screener,screener,screener,missing,missing
PREMIERENE,yfinance,screener,yfinance,missing,screener,screener,missing,screener,screener,missing,yfinance,screener,yfinance,screener,screener,yfinance,screener,screener,screener,screener,yfinance,screener,screener,missing,screener,yfinance,screener,screener,screener,screener,screener,screener,missing,screener,screener,yfinance,yfinance,screener,yfinance,screener,screener,missing,screener,screener,screener,screener,missing,missing
PRESTIGE,yfinance,screener,yfinance,missing,screener,screener,missing,screener,screener,missing,yfinance,screener,yfinance,screener,screener,yfinance,screener,screener,screener,screener,yfinance,screener,screener,missing,screener,yfinance,screener,screener,screener,screener,screener,screener,missing,screener,screener,yfinance,yfinance,screener,yfinance,screener,screener,missing,screener,screener,screener,screener,missing,missing
PTCIL,yfinance,screener,yfinance,missing,screener,screener,missing,screener,screener,missing,yfinance,screener,yfinance,screener,screener,yfinance,screener,screener,screener,screener,yfinance,screener,screener,missing,screener,yfinance,screener,screener,screener,screener,screener,screener,missing,screener,screener,yfinance,yfinance,screener,yfinance,screener,screener,missing,screener,screener,screener,screener,missing,missing
PVRINOX,yfinance,screener,yfinance,missing,screener,screener,missing,screener,screener,missing,yfinance,screener,yfinance,screener,screener,yfinance,screener,screener,screener,screener,missing,screener,screener,missing,screener,yfinance,screener,screener,screener,screener,screener,screener,missing,screener,screener,yfinance,yfinance,screener,yfinance,screener,screener,missing,screener,screener,screener,screener,missing,missing
PWL,yfinance,screener,yfinance,missing,screener,screener,missing,screener,screener,missing,yfinance,screener,yfinance,screener,screener,yfinance,screener,screener,screener,screener,missing,screener,screener,missing,screener,yfinance,screener,screener,screener,screener,screener,screener,missing,screener,screener,yfinance,yfinance,screener,yfinance,screener,screener,missing,screener,screener,screener,screener,missing,missing
RADICO,yfinance,screener,yfinance,missing,screener,screener,missing,screener,screener,missing,yfinance,screener,yfinance,screener,screener,yfinance,screener,screener,screener,screener,yfinance,screener,screener,missing,screener,yfinance,screener,screener,screener,screener,screener,screener,missing,screener,screener,yfinance,yfinance,screener,yfinance,screener,screener,missing,screener,screener,screener,screener,missing,missing
RAILTEL,yfinance,screener,yfinance,missing,screener,screener,missing,screener,screener,missing,yfinance,screener,yfinance,screener,screener,yfinance,screener,screener,screener,screener,yfinance,screener,screener,missing,screener,yfinance,screener,screener,screener,screener,screener,screener,missing,screener,screener,yfinance,yfinance,screener,yfinance,screener,screener,missing,screener,screener,screener,screener,missing,missing
RAINBOW,yfinance,screener,yfinance,missing,screener,screener,missing,screener,screener,missing,yfinance,screener,yfinance,screener,screener,yfinance,screener,screener,screener,screener,yfinance,screener,screener,missing,screener,yfinance,screener,screener,screener,screener,screener,screener,missing,screener,screener,yfinance,yfinance,screener,yfinance,screener,screener,missing,screener,screener,screener,screener,missing,missing
RAMCOCEM,yfinance,screener,yfinance,missing,screener,screener,missing,screener,screener,missing,yfinance,screener,missing,screener,screener,yfinance,screener,screener,screener,screener,yfinance,screener,screener,missing,screener,yfinance,screener,screener,screener,screener,screener,screener,missing,screener,screener,yfinance,yfinance,screener,yfinance,screener,screener,missing,screener,screener,screener,screener,missing,missing
RBLBANK,yfinance,screener,yfinance,missing,screener,yfinance,missing,screener,screener,missing,yfinance,screener,yfinance,screener,screener,yfinance,screener,screener,missing,screener,yfinance,screener,screener,missing,screener,yfinance,screener,screener,screener,screener,screener,screener,missing,missing,screener,yfinance,yfinance,screener,yfinance,screener,screener,missing,screener,screener,screener,screener,missing,missing
RECLTD,yfinance,screener,yfinance,missing,screener,yfinance,missing,screener,screener,missing,yfinance,screener,yfinance,screener,screener,yfinance,screener,screener,missing,screener,yfinance,screener,screener,missing,screener,yfinance,screener,screener,screener,screener,screener,screener,missing,missing,screener,yfinance,yfinance,screener,yfinance,screener,screener,missing,screener,screener,screener,screener,missing,missing
REDINGTON,missing,screener,missing,missing,screener,screener,missing,screener,screener,missing,missing,screener,missing,screener,screener,missing,screener,screener,screener,screener,missing,screener,screener,missing,screener,missing,screener,screener,screener,screener,missing,screener,missing,screener,screener,missing,missing,screener,missing,screener,screener,missing,screener,screener,screener,missing,missing,missing
RELIANCE,yfinance,screener,yfinance,missing,screener,screener,missing,screener,screener,missing,yfinance,screener,yfinance,screener,screener,yfinance,screener,screener,screener,screener,yfinance,screener,screener,missing,screener,yfinance,screener,screener,screener,screener,screener,screener,missing,screener,screener,yfinance,yfinance,screener,yfinance,screener,screener,missing,screener,screener,screener,screener,missing,missing
RHIM,yfinance,screener,yfinance,missing,screener,screener,missing,screener,screener,missing,yfinance,screener,missing,screener,screener,yfinance,screener,screener,screener,screener,yfinance,screener,screener,missing,screener,yfinance,screener,screener,screener,screener,screener,screener,missing,screener,screener,yfinance,yfinance,screener,yfinance,screener,screener,missing,screener,screener,screener,screener,missing,missing
RITES,yfinance,screener,yfinance,missing,screener,screener,missing,screener,screener,missing,yfinance,screener,yfinance,screener,screener,yfinance,screener,screener,screener,screener,yfinance,screener,screener,missing,screener,yfinance,screener,screener,screener,screener,screener,screener,missing,screener,screener,yfinance,yfinance,screener,yfinance,screener,screener,missing,screener,screener,screener,screener,missing,missing
RKFORGE,missing,screener,missing,missing,screener,screener,missing,screener,screener,missing,missing,screener,missing,screener,screener,missing,screener,screener,screener,screener,missing,screener,screener,missing,screener,missing,screener,screener,screener,screener,screener,screener,missing,screener,screener,missing,missing,screener,missing,screener,screener,missing,screener,screener,screener,screener,missing,missing
RPOWER,missing,screener,yfinance,missing,screener,screener,missing,screener,screener,missing,yfinance,screener,yfinance,screener,screener,yfinance,screener,screener,screener,screener,yfinance,screener,screener,missing,screener,yfinance,screener,screener,screener,screener,screener,screener,missing,screener,screener,yfinance,yfinance,screener,missing,screener,screener,missing,screener,screener,screener,screener,missing,missing
RRKABEL,yfinance,screener,yfinance,missing,screener,screener,missing,screener,screener,missing,yfinance,screener,yfinance,screener,screener,yfinance,screener,screener,screener,screener,yfinance,screener,screener,missing,screener,yfinance,screener,screener,screener,screener,screener,screener,missing,screener,screener,yfinance,yfinance,screener,yfinance,screener,screener,missing,screener,screener,screener,screener,missing,missing
RVNL,yfinance,screener,yfinance,missing,screener,screener,missing,screener,screener,missing,yfinance,screener,missing,screener,screener,yfinance,screener,screener,screener,screener,yfinance,screener,screener,missing,screener,yfinance,screener,screener,screener,screener,screener,screener,missing,screener,screener,yfinance,yfinance,screener,yfinance,screener,screener,missing,screener,screener,screener,screener,missing,missing
SAGILITY,yfinance,screener,yfinance,missing,screener,screener,missing,screener,screener,missing,yfinance,screener,yfinance,screener,screener,yfinance,screener,screener,screener,screener,yfinance,screener,screener,missing,screener,yfinance,screener,screener,screener,screener,screener,screener,missing,screener,screener,yfinance,yfinance,screener,yfinance,screener,screener,missing,screener,screener,screener,screener,missing,missing
SAIL,yfinance,screener,yfinance,missing,screener,screener,missing,screener,screener,missing,yfinance,screener,yfinance,screener,screener,yfinance,screener,screener,screener,screener,yfinance,screener,screener,missing,screener,yfinance,screener,screener,screener,screener,screener,screener,missing,screener,screener,yfinance,yfinance,screener,yfinance,screener,screener,missing,screener,screener,screener,screener,missing,missing
SAILIFE,yfinance,screener,yfinance,missing,screener,screener,missing,screener,screener,missing,yfinance,screener,yfinance,screener,screener,yfinance,screener,screener,screener,screener,yfinance,screener,screener,missing,screener,yfinance,screener,screener,screener,screener,screener,screener,missing,screener,screener,yfinance,yfinance,screener,yfinance,screener,screener,missing,screener,screener,screener,screener,missing,missing
SAMMAANCAP,missing,screener,yfinance,missing,screener,yfinance,missing,screener,screener,missing,yfinance,screener,yfinance,screener,screener,missing,screener,screener,missing,screener,missing,screener,screener,missing,screener,yfinance,screener,screener,screener,screener,screener,screener,missing,missing,screener,yfinance,yfinance,screener,missing,screener,screener,missing,screener,screener,screener,screener,missing,missing
SAPPHIRE,yfinance,screener,yfinance,missing,screener,screener,missing,screener,screener,missing,yfinance,screener,yfinance,screener,screener,yfinance,screener,screener,screener,screener,missing,screener,screener,missing,screener,yfinance,screener,screener,screener,screener,screener,screener,missing,screener,screener,yfinance,yfinance,screener,yfinance,screener,screener,missing,screener,screener,screener,screener,missing,missing
SARDAEN,missing,screener,yfinance,missing,screener,screener,missing,screener,screener,missing,yfinance,screener,yfinance,screener,screener,yfinance,screener,screener,screener,screener,yfinance,screener,screener,missing,screener,yfinance,screener,screener,screener,screener,screener,screener,missing,screener,screener,yfinance,yfinance,screener,missing,screener,screener,missing,screener,screener,screener,screener,missing,missing
SAREGAMA,yfinance,screener,yfinance,missing,screener,screener,missing,screener,screener,missing,yfinance,screener,yfinance,screener,screener,yfinance,screener,screener,screener,screener,yfinance,screener,screener,missing,screener,yfinance,screener,screener,screener,screener,screener,screener,missing,screener,screener,yfinance,yfinance,screener,yfinance,screener,screener,missing,screener,screener,screener,screener,missing,missing
SBFC,yfinance,screener,yfinance,missing,screener,yfinance,missing,screener,screener,missing,yfinance,screener,yfinance,screener,screener,yfinance,screener,screener,missing,screener,yfinance,screener,screener,missing,screener,yfinance,screener,screener,screener,screener,screener,screener,missing,missing,screener,yfinance,yfinance,screener,yfinance,screener,screener,missing,screener,screener,screener,screener,missing,missing
SBICARD,yfinance,yfinance,yfinance,missing,yfinance,yfinance,missing,missing,missing,missing,yfinance,missing,yfinance,yfinance,missing,yfinance,missing,yfinance,missing,yfinance,yfinance,missing,screener,missing,screener,yfinance,missing,missing,screener,screener,screener,yfinance,missing,missing,missing,yfinance,yfinance,missing,yfinance,missing,missing,missing,yfinance,missing,missing,screener,missing,missing
SBILIFE,yfinance,yfinance,yfinance,missing,yfinance,yfinance,missing,missing,missing,missing,yfinance,missing,yfinance,yfinance,yfinance,yfinance,missing,yfinance,missing,yfinance,yfinance,missing,screener,missing,screener,yfinance,missing,missing,screener,screener,screener,yfinance,missing,missing,missing,yfinance,yfinance,missing,yfinance,yfinance,missing,missing,yfinance,missing,missing,screener,missing,missing
SBIN,yfinance,screener,yfinance,missing,screener,yfinance,missing,screener,screener,missing,yfinance,screener,yfinance,screener,screener,yfinance,screener,screener,missing,screener,yfinance,screener,screener,missing,screener,yfinance,screener,screener,screener,screener,screener,screener,missing,missing,screener,yfinance,yfinance,screener,yfinance,screener,screener,missing,screener,screener,screener,screener,missing,missing
SCHAEFFLER,yfinance,screener,yfinance,missing,screener,screener,missing,screener,screener,missing,yfinance,screener,yfinance,screener,screener,yfinance,screener,screener,screener,screener,yfinance,screener,screener,missing,screener,yfinance,screener,screener,screener,screener,screener,screener,missing,screener,screener,yfinance,yfinance,screener,yfinance,screener,screener,missing,screener,screener,screener,screener,missing,missing
SCHNEIDER,yfinance,yfinance,yfinance,missing,yfinance,yfinance,missing,missing,missing,missing,yfinance,missing,yfinance,missing,yfinance,yfinance,missing,yfinance,missing,yfinance,yfinance,yfinance,screener,missing,screener,yfinance,missing,missing,screener,screener,screener,yfinance,missing,missing,missing,yfinance,yfinance,missing,yfinance,yfinance,missing,missing,yfinance,missing,missing,screener,missing,missing
SCI,missing,screener,yfinance,missing,screener,screener,missing,screener,screener,missing,yfinance,screener,yfinance,screener,screener,yfinance,screener,screener,screener,screener,yfinance,screener,screener,missing,screener,yfinance,screener,screener,screener,screener,screener,screener,missing,screener,screener,yfinance,yfinance,screener,missing,screener,screener,missing,screener,screener,screener,screener,missing,missing
SHREECEM,yfinance,screener,yfinance,missing,screener,screener,missing,screener,screener,missing,yfinance,screener,yfinance,screener,screener,yfinance,screener,screener,screener,screener,yfinance,screener,screener,missing,screener,yfinance,screener,screener,screener,screener,screener,screener,missing,screener,screener,yfinance,yfinance,screener,yfinance,screener,screener,missing,screener,screener,screener,screener,missing,missing
SHRIRAMFIN,yfinance,screener,yfinance,missing,screener,yfinance,missing,screener,screener,missing,yfinance,screener,yfinance,screener,screener,yfinance,screener,screener,missing,screener,yfinance,screener,screener,missing,screener,yfinance,screener,screener,screener,screener,screener,screener,missing,missing,screener,yfinance,yfinance,screener,yfinance,screener,screener,missing,screener,screener,screener,screener,missing,missing
SHYAMMETL,yfinance,screener,yfinance,missing,screener,screener,missing,screener,screener,missing,yfinance,screener,yfinance,screener,screener,yfinance,screener,screener,screener,screener,yfinance,screener,screener,missing,screener,yfinance,screener,screener,screener,screener,screener,screener,missing,screener,screener,yfinance,yfinance,screener,yfinance,screener,screener,missing,screener,screener,screener,screener,missing,missing
SIEMENS,yfinance,screener,yfinance,missing,screener,screener,missing,screener,screener,missing,yfinance,screener,yfinance,screener,screener,yfinance,screener,screener,screener,screener,yfinance,screener,screener,missing,screener,yfinance,screener,screener,screener,screener,screener,screener,missing,screener,screener,yfinance,yfinance,screener,yfinance,screener,screener,missing,screener,screener,screener,screener,missing,missing
SIGNATURE,yfinance,screener,yfinance,missing,screener,screener,missing,screener,screener,missing,yfinance,screener,yfinance,screener,screener,yfinance,screener,screener,screener,screener,missing,screener,screener,missing,screener,yfinance,screener,screener,screener,screener,screener,screener,missing,screener,screener,yfinance,yfinance,screener,yfinance,screener,screener,missing,screener,screener,screener,screener,missing,missing
SJVN,yfinance,screener,yfinance,missing,screener,screener,missing,screener,screener,missing,yfinance,screener,yfinance,screener,screener,yfinance,screener,screener,screener,screener,yfinance,screener,screener,missing,screener,yfinance,screener,screener,screener,screener,screener,screener,missing,screener,screener,yfinance,yfinance,screener,yfinance,screener,screener,missing,screener,screener,screener,screener,missing,missing
SOBHA,yfinance,screener,yfinance,missing,screener,screener,missing,screener,screener,missing,yfinance,screener,yfinance,screener,screener,yfinance,screener,screener,screener,screener,yfinance,screener,screener,missing,screener,yfinance,screener,screener,screener,screener,screener,screener,missing,screener,screener,yfinance,yfinance,screener,yfinance,screener,screener,missing,screener,screener,screener,screener,missing,missing
SOLARINDS,yfinance,screener,yfinance,missing,screener,screener,missing,screener,screener,missing,yfinance,screener,yfinance,screener,screener,yfinance,screener,screener,screener,screener,yfinance,screener,screener,missing,screener,yfinance,screener,screener,screener,screener,screener,screener,missing,screener,screener,yfinance,yfinance,screener,yfinance,screener,screener,missing,screener,screener,screener,screener,missing,missing
SONACOMS,yfinance,screener,yfinance,missing,screener,screener,missing,screener,screener,missing,yfinance,screener,yfinance,screener,screener,yfinance,screener,screener,screener,screener,yfinance,screener,screener,missing,screener,yfinance,screener,screener,screener,screener,screener,screener,missing,screener,screener,yfinance,yfinance,screener,yfinance,screener,screener,missing,screener,screener,screener,screener,missing,missing
SONATSOFTW,yfinance,screener,yfinance,missing,screener,screener,missing,screener,screener,missing,yfinance,screener,yfinance,screener,screener,yfinance,screener,screener,screener,screener,yfinance,screener,screener,missing,screener,yfinance,screener,screener,screener,screener,screener,screener,missing,screener,screener,yfinance,yfinance,screener,yfinance,screener,screener,missing,screener,screener,screener,screener,missing,missing
SPLPETRO,yfinance,screener,yfinance,missing,screener,screener,missing,screener,missing,missing,yfinance,screener,yfinance,screener,screener,yfinance,screener,screener,screener,screener,yfinance,screener,screener,missing,screener,yfinance,screener,screener,screener,screener,screener,screener,missing,screener,screener,yfinance,yfinance,screener,yfinance,screener,screener,missing,screener,screener,screener,screener,missing,missing
SRF,yfinance,screener,yfinance,missing,screener,screener,missing,screener,screener,missing,yfinance,screener,yfinance,screener,screener,yfinance,screener,screener,screener,screener,yfinance,screener,screener,missing,screener,yfinance,screener,screener,screener,screener,screener,screener,missing,screener,screener,yfinance,yfinance,screener,yfinance,screener,screener,missing,screener,screener,screener,screener,missing,missing
STARHEALTH,yfinance,yfinance,yfinance,missing,yfinance,yfinance,missing,missing,missing,missing,yfinance,missing,missing,missing,missing,yfinance,missing,yfinance,missing,yfinance,yfinance,missing,screener,missing,screener,yfinance,missing,missing,screener,screener,screener,yfinance,missing,missing,missing,yfinance,yfinance,missing,yfinance,missing,missing,missing,yfinance,missing,missing,screener,missing,missing
SUMICHEM,yfinance,screener,yfinance,missing,screener,screener,missing,screener,screener,missing,yfinance,screener,yfinance,screener,screener,yfinance,screener,screener,screener,screener,yfinance,screener,screener,missing,screener,yfinance,screener,screener,screener,screener,screener,screener,missing,screener,screener,yfinance,yfinance,screener,yfinance,screener,screener,missing,screener,screener,screener,screener,missing,missing
SUNDARMFIN,yfinance,screener,yfinance,missing,screener,yfinance,missing,screener,screener,missing,yfinance,screener,yfinance,screener,screener,yfinance,screener,screener,missing,screener,yfinance,screener,screener,missing,screener,yfinance,screener,screener,screener,screener,screener,screener,missing,missing,screener,yfinance,yfinance,screener,yfinance,screener,screener,missing,screener,screener,screener,screener,missing,missing
SUNPHARMA,yfinance,screener,yfinance,missing,screener,screener,missing,screener,screener,missing,yfinance,screener,yfinance,screener,screener,yfinance,screener,screener,screener,screener,yfinance,screener,screener,missing,screener,yfinance,screener,screener,screener,screener,screener,screener,missing,screener,screener,yfinance,yfinance,screener,yfinance,screener,screener,missing,screener,screener,screener,screener,missing,missing
SUNTV,yfinance,screener,yfinance,missing,screener,screener,missing,screener,screener,missing,yfinance,screener,yfinance,screener,screener,yfinance,screener,screener,screener,screener,yfinance,screener,screener,missing,screener,yfinance,screener,screener,screener,screener,screener,screener,missing,screener,screener,yfinance,yfinance,screener,yfinance,screener,screener,missing,screener,screener,screener,screener,missing,missing
SUPREMEIND,yfinance,screener,yfinance,missing,screener,screener,missing,screener,screener,missing,yfinance,screener,yfinance,screener,screener,yfinance,screener,screener,screener,screener,yfinance,screener,screener,missing,screener,yfinance,screener,screener,screener,screener,screener,screener,missing,screener,screener,yfinance,yfinance,screener,yfinance,screener,screener,missing,screener,screener,screener,screener,missing,missing
SUZLON,yfinance,screener,yfinance,missing,screener,screener,missing,screener,screener,missing,yfinance,screener,yfinance,screener,screener,yfinance,screener,screener,screener,screener,yfinance,screener,screener,missing,screener,yfinance,screener,screener,screener,screener,screener,screener,missing,screener,screener,yfinance,yfinance,screener,yfinance,screener,screener,missing,screener,screener,screener,screener,missing,missing
SWANCORP,missing,screener,yfinance,missing,screener,screener,missing,screener,screener,missing,yfinance,screener,yfinance,screener,screener,missing,screener,screener,screener,screener,missing,screener,screener,missing,screener,yfinance,screener,screener,screener,screener,screener,screener,missing,screener,screener,yfinance,yfinance,screener,missing,screener,screener,missing,screener,screener,screener,screener,missing,missing
SWIGGY,yfinance,screener,yfinance,missing,screener,screener,missing,screener,screener,missing,yfinance,screener,yfinance,screener,screener,yfinance,screener,screener,screener,screener,missing,screener,screener,missing,screener,yfinance,screener,screener,screener,screener,missing,screener,missing,screener,screener,yfinance,yfinance,screener,yfinance,screener,screener,missing,screener,screener,screener,missing,missing,missing
SYNGENE,yfinance,screener,yfinance,missing,screener,screener,missing,screener,screener,missing,yfinance,screener,yfinance,screener,screener,yfinance,screener,screener,screener,screener,missing,screener,screener,missing,screener,yfinance,screener,screener,screener,screener,screener,screener,missing,screener,screener,yfinance,yfinance,screener,yfinance,screener,screener,missing,screener,screener,screener,screener,missing,missing
SYRMA,yfinance,screener,yfinance,missing,screener,screener,missing,screener,screener,missing,yfinance,screener,yfinance,screener,screener,yfinance,screener,screener,screener,screener,yfinance,screener,screener,missing,screener,yfinance,screener,screener,screener,screener,screener,screener,missing,screener,screener,yfinance,yfinance,screener,yfinance,screener,screener,missing,screener,screener,screener,screener,missing,missing
TARIL,yfinance,screener,yfinance,missing,screener,screener,missing,screener,screener,missing,yfinance,screener,yfinance,screener,screener,yfinance,screener,screener,screener,screener,yfinance,screener,screener,missing,screener,yfinance,screener,screener,screener,screener,screener,screener,missing,screener,screener,yfinance,yfinance,screener,yfinance,screener,screener,missing,screener,screener,screener,screener,missing,missing
TATACAP,yfinance,screener,yfinance,missing,screener,yfinance,missing,screener,screener,missing,yfinance,screener,yfinance,screener,screener,yfinance,screener,screener,missing,screener,yfinance,screener,screener,missing,screener,yfinance,screener,screener,screener,screener,screener,screener,missing,missing,screener,yfinance,yfinance,screener,yfinance,screener,screener,missing,screener,screener,screener,screener,missing,missing
TATACHEM,yfinance,screener,yfinance,missing,screener,screener,missing,screener,screener,missing,yfinance,screener,yfinance,screener,screener,yfinance,screener,screener,screener,screener,missing,screener,screener,missing,screener,yfinance,screener,screener,screener,screener,screener,screener,missing,screener,screener,yfinance,yfinance,screener,yfinance,screener,screener,missing,screener,screener,screener,screener,missing,missing
TATACOMM,yfinance,screener,yfinance,missing,screener,screener,missing,screener,screener,missing,yfinance,screener,yfinance,screener,screener,yfinance,screener,screener,screener,screener,yfinance,screener,screener,missing,screener,yfinance,screener,screener,screener,screener,screener,screener,missing,screener,screener,yfinance,yfinance,screener,yfinance,screener,screener,missing,screener,screener,screener,screener,missing,missing
TATACONSUM,yfinance,screener,yfinance,missing,screener,screener,missing,screener,screener,missing,yfinance,screener,yfinance,screener,screener,yfinance,screener,screener,screener,screener,yfinance,screener,screener,missing,screener,yfinance,screener,screener,screener,screener,screener,screener,missing,screener,screener,yfinance,yfinance,screener,yfinance,screener,screener,missing,screener,screener,screener,screener,missing,missing
TATAELXSI,yfinance,screener,yfinance,missing,screener,screener,missing,screener,screener,missing,yfinance,screener,yfinance,screener,screener,yfinance,screener,screener,screener,screener,yfinance,screener,screener,missing,screener,yfinance,screener,screener,screener,screener,screener,screener,missing,screener,screener,yfinance,yfinance,screener,yfinance,screener,screener,missing,screener,screener,screener,screener,missing,missing
TATAINVEST,missing,screener,yfinance,missing,screener,screener,missing,screener,screener,missing,yfinance,screener,yfinance,screener,screener,missing,screener,screener,screener,screener,yfinance,screener,screener,missing,screener,yfinance,screener,screener,screener,screener,screener,screener,missing,screener,screener,yfinance,yfinance,screener,missing,screener,screener,missing,screener,screener,screener,screener,missing,missing
TATAPOWER,yfinance,screener,yfinance,missing,screener,screener,missing,screener,screener,missing,yfinance,screener,yfinance,screener,screener,yfinance,screener,screener,screener,screener,yfinance,screener,screener,missing,screener,yfinance,screener,screener,screener,screener,screener,screener,missing,screener,screener,yfinance,yfinance,screener,yfinance,screener,screener,missing,screener,screener,screener,screener,missing,missing
TATASTEEL,yfinance,screener,yfinance,missing,screener,screener,missing,screener,screener,missing,yfinance,screener,yfinance,screener,screener,yfinance,screener,screener,screener,screener,yfinance,screener,screener,missing,screener,yfinance,screener,screener,screener,screener,screener,screener,missing,screener,screener,yfinance,yfinance,screener,yfinance,screener,screener,missing,screener,screener,screener,screener,missing,missing
TATATECH,yfinance,screener,yfinance,missing,screener,screener,missing,screener,screener,missing,yfinance,screener,yfinance,screener,screener,yfinance,screener,screener,screener,screener,yfinance,screener,screener,missing,screener,yfinance,screener,screener,screener,screener,screener,screener,missing,screener,screener,yfinance,yfinance,screener,yfinance,screener,screener,missing,screener,screener,screener,screener,missing,missing
TBOTEK,yfinance,screener,yfinance,missing,screener,screener,missing,screener,screener,missing,yfinance,screener,yfinance,screener,screener,yfinance,screener,screener,screener,screener,yfinance,screener,screener,missing,screener,yfinance,screener,screener,screener,screener,screener,screener,missing,screener,screener,yfinance,yfinance,screener,yfinance,screener,screener,missing,screener,screener,screener,screener,missing,missing
TCS,yfinance,screener,yfinance,missing,screener,screener,missing,screener,screener,missing,yfinance,screener,yfinance,screener,screener,yfinance,screener,screener,screener,screener,yfinance,screener,screener,missing,screener,yfinance,screener,screener,screener,screener,screener,screener,missing,screener,screener,yfinance,yfinance,screener,yfinance,screener,screener,missing,screener,screener,screener,screener,missing,missing
TECHM,yfinance,screener,yfinance,missing,screener,screener,missing,screener,screener,missing,yfinance,screener,yfinance,screener,screener,yfinance,screener,screener,screener,screener,yfinance,screener,screener,missing,screener,yfinance,screener,screener,screener,screener,screener,screener,missing,screener,screener,yfinance,yfinance,screener,yfinance,screener,screener,missing,screener,screener,screener,screener,missing,missing
TECHNOE,yfinance,screener,yfinance,missing,screener,screener,missing,screener,screener,missing,yfinance,screener,missing,screener,screener,yfinance,screener,screener,screener,screener,yfinance,screener,screener,missing,screener,yfinance,screener,screener,screener,screener,screener,screener,missing,screener,screener,yfinance,yfinance,screener,yfinance,screener,screener,missing,screener,screener,screener,screener,missing,missing
TEGA,yfinance,screener,yfinance,missing,screener,screener,missing,screener,screener,missing,yfinance,screener,yfinance,screener,screener,yfinance,screener,screener,screener,screener,yfinance,screener,screener,missing,screener,yfinance,screener,screener,screener,screener,screener,screener,missing,screener,screener,yfinance,yfinance,screener,yfinance,screener,screener,missing,screener,screener,screener,screener,missing,missing
TEJASNET,missing,screener,yfinance,missing,screener,screener,missing,screener,screener,missing,yfinance,screener,yfinance,screener,screener,missing,screener,screener,screener,screener,missing,screener,screener,missing,screener,yfinance,screener,screener,screener,screener,screener,screener,missing,screener,screener,yfinance,yfinance,screener,missing,screener,screener,missing,screener,screener,screener,screener,missing,missing
TENNIND,yfinance,screener,yfinance,missing,screener,screener,missing,screener,screener,missing,missing,screener,yfinance,screener,screener,yfinance,screener,screener,screener,screener,yfinance,screener,screener,missing,screener,yfinance,screener,screener,screener,screener,screener,screener,missing,screener,screener,yfinance,yfinance,screener,yfinance,screener,screener,missing,screener,screener,screener,screener,missing,missing
THELEELA,yfinance,screener,yfinance,missing,screener,screener,missing,screener,screener,missing,yfinance,screener,yfinance,screener,screener,yfinance,screener,screener,screener,screener,yfinance,screener,screener,missing,screener,yfinance,screener,screener,screener,screener,screener,screener,missing,screener,screener,yfinance,yfinance,screener,yfinance,screener,screener,missing,screener,screener,screener,screener,missing,missing
THERMAX,yfinance,screener,yfinance,missing,screener,screener,missing,screener,screener,missing,yfinance,screener,yfinance,screener,screener,yfinance,screener,screener,screener,screener,yfinance,screener,screener,missing,screener,yfinance,screener,screener,screener,screener,screener,screener,missing,screener,screener,yfinance,yfinance,screener,yfinance,screener,screener,missing,screener,screener,screener,screener,missing,missing
TIINDIA,yfinance,screener,yfinance,missing,screener,screener,missing,screener,screener,missing,yfinance,screener,yfinance,screener,screener,yfinance,screener,screener,screener,screener,yfinance,screener,screener,missing,screener,yfinance,screener,screener,screener,screener,screener,screener,missing,screener,screener,yfinance,yfinance,screener,yfinance,screener,screener,missing,screener,screener,screener,screener,missing,missing
TIMKEN,yfinance,screener,yfinance,missing,screener,screener,missing,screener,screener,missing,yfinance,screener,yfinance,screener,screener,yfinance,screener,screener,screener,screener,yfinance,screener,screener,missing,screener,yfinance,screener,screener,screener,screener,screener,screener,missing,screener,screener,yfinance,yfinance,screener,yfinance,screener,screener,missing,screener,screener,screener,screener,missing,missing
TITAGARH,yfinance,screener,yfinance,missing,screener,screener,missing,screener,screener,missing,yfinance,screener,yfinance,screener,screener,yfinance,screener,screener,screener,screener,yfinance,screener,screener,missing,screener,yfinance,screener,screener,screener,screener,screener,screener,missing,screener,screener,yfinance,yfinance,screener,yfinance,screener,screener,missing,screener,screener,screener,screener,missing,missing
TITAN,yfinance,screener,yfinance,missing,screener,screener,missing,screener,screener,missing,yfinance,screener,yfinance,screener,screener,yfinance,screener,screener,screener,screener,yfinance,screener,screener,missing,screener,yfinance,screener,screener,screener,screener,screener,screener,missing,screener,screener,yfinance,yfinance,screener,yfinance,screener,screener,missing,screener,screener,screener,screener,missing,missing
TMCV,yfinance,screener,yfinance,missing,screener,screener,missing,screener,screener,missing,yfinance,screener,yfinance,screener,screener,yfinance,screener,screener,screener,screener,yfinance,screener,screener,missing,screener,yfinance,screener,screener,screener,screener,screener,screener,missing,screener,screener,yfinance,yfinance,screener,yfinance,screener,screener,missing,screener,screener,screener,screener,missing,missing
TMPV,yfinance,screener,yfinance,missing,screener,screener,missing,screener,screener,missing,yfinance,screener,yfinance,screener,screener,yfinance,screener,screener,screener,screener,yfinance,screener,screener,missing,screener,yfinance,screener,screener,screener,screener,screener,screener,missing,screener,screener,yfinance,yfinance,screener,yfinance,screener,screener,missing,screener,screener,screener,screener,missing,missing
TORNTPHARM,yfinance,screener,yfinance,missing,screener,screener,missing,screener,screener,missing,yfinance,screener,yfinance,screener,screener,yfinance,screener,screener,screener,screener,yfinance,screener,screener,missing,screener,yfinance,screener,screener,screener,screener,screener,screener,missing,screener,screener,yfinance,yfinance,screener,yfinance,screener,screener,missing,screener,screener,screener,screener,missing,missing
TORNTPOWER,yfinance,screener,yfinance,missing,screener,screener,missing,screener,screener,missing,yfinance,screener,yfinance,screener,screener,yfinance,screener,screener,screener,screener,yfinance,screener,screener,missing,screener,yfinance,screener,screener,screener,screener,screener,screener,missing,screener,screener,yfinance,yfinance,screener,yfinance,screener,screener,missing,screener,screener,screener,screener,missing,missing
TRAVELFOOD,yfinance,screener,yfinance,missing,screener,screener,missing,screener,screener,missing,yfinance,screener,yfinance,screener,screener,yfinance,screener,screener,screener,screener,yfinance,screener,screener,missing,screener,yfinance,screener,screener,screener,screener,screener,screener,missing,screener,screener,yfinance,yfinance,screener,yfinance,screener,screener,missing,screener,screener,screener,screener,missing,missing
TRENT,yfinance,screener,yfinance,missing,screener,screener,missing,screener,screener,missing,yfinance,screener,yfinance,screener,screener,yfinance,screener,screener,screener,screener,yfinance,screener,screener,missing,screener,yfinance,screener,screener,screener,screener,screener,screener,missing,screener,screener,yfinance,yfinance,screener,yfinance,screener,screener,missing,screener,screener,screener,screener,missing,missing
TRIDENT,yfinance,screener,yfinance,missing,screener,screener,missing,screener,screener,missing,yfinance,screener,yfinance,screener,screener,yfinance,screener,screener,screener,screener,yfinance,screener,screener,missing,screener,yfinance,screener,screener,screener,screener,screener,screener,missing,screener,screener,yfinance,yfinance,screener,yfinance,screener,screener,missing,screener,screener,screener,screener,missing,missing
TRITURBINE,yfinance,screener,yfinance,missing,screener,screener,missing,screener,screener,missing,yfinance,screener,missing,screener,screener,yfinance,screener,screener,screener,screener,yfinance,screener,screener,missing,screener,yfinance,screener,screener,screener,screener,screener,screener,missing,screener,screener,yfinance,yfinance,screener,yfinance,screener,screener,missing,screener,screener,screener,screener,missing,missing
TTML,missing,screener,yfinance,missing,screener,screener,missing,screener,screener,missing,yfinance,screener,yfinance,screener,screener,missing,screener,screener,screener,screener,missing,screener,screener,missing,screener,yfinance,screener,screener,screener,screener,screener,screener,missing,screener,screener,yfinance,yfinance,screener,missing,screener,missing,missing,screener,screener,screener,screener,missing,missing
TVSMOTOR,yfinance,screener,yfinance,missing,screener,screener,missing,screener,screener,missing,yfinance,screener,yfinance,screener,screener,yfinance,screener,screener,screener,screener,yfinance,screener,screener,missing,screener,yfinance,screener,screener,screener,screener,screener,screener,missing,screener,screener,yfinance,yfinance,screener,yfinance,screener,screener,missing,screener,screener,screener,screener,missing,missing
UBL,yfinance,screener,yfinance,missing,screener,screener,missing,screener,screener,missing,yfinance,screener,yfinance,screener,screener,yfinance,screener,screener,screener,screener,yfinance,screener,screener,missing,screener,yfinance,screener,screener,screener,screener,screener,screener,missing,screener,screener,yfinance,yfinance,screener,yfinance,screener,screener,missing,screener,screener,screener,screener,missing,missing
UCOBANK,missing,screener,yfinance,missing,screener,yfinance,missing,screener,screener,missing,yfinance,screener,yfinance,screener,screener,yfinance,screener,screener,missing,screener,yfinance,screener,screener,missing,screener,yfinance,screener,screener,screener,screener,screener,screener,missing,missing,screener,yfinance,yfinance,screener,missing,screener,screener,missing,screener,screener,screener,screener,missing,missing
ULTRACEMCO,yfinance,screener,yfinance,missing,screener,screener,missing,screener,screener,missing,yfinance,screener,yfinance,screener,screener,yfinance,screener,screener,screener,screener,yfinance,screener,screener,missing,screener,yfinance,screener,screener,screener,screener,screener,screener,missing,screener,screener,yfinance,yfinance,screener,yfinance,screener,screener,missing,screener,screener,screener,screener,missing,missing
UNIONBANK,yfinance,screener,yfinance,missing,screener,missing,missing,screener,screener,missing,yfinance,screener,missing,screener,screener,yfinance,screener,screener,missing,screener,missing,screener,screener,missing,screener,yfinance,screener,screener,screener,screener,screener,screener,missing,missing,screener,yfinance,yfinance,screener,yfinance,screener,screener,missing,screener,screener,screener,screener,missing,missing
UNITDSPR,yfinance,screener,yfinance,missing,screener,screener,missing,screener,screener,missing,yfinance,screener,yfinance,screener,screener,yfinance,screener,screener,screener,screener,yfinance,screener,screener,missing,screener,yfinance,screener,screener,screener,screener,screener,screener,missing,screener,screener,yfinance,yfinance,screener,yfinance,screener,screener,missing,screener,screener,screener,screener,missing,missing
UNOMINDA,yfinance,screener,yfinance,missing,screener,screener,missing,screener,screener,missing,yfinance,screener,yfinance,screener,screener,yfinance,screener,screener,screener,screener,yfinance,screener,screener,missing,screener,yfinance,screener,screener,screener,screener,screener,screener,missing,screener,screener,yfinance,yfinance,screener,yfinance,screener,screener,missing,screener,screener,screener,screener,missing,missing
UPL,yfinance,screener,yfinance,missing,screener,screener,missing,screener,screener,missing,yfinance,screener,yfinance,screener,screener,yfinance,screener,screener,screener,screener,missing,screener,screener,missing,screener,yfinance,screener,screener,screener,screener,screener,screener,missing,screener,screener,yfinance,yfinance,screener,yfinance,screener,screener,missing,screener,screener,screener,screener,missing,missing
URBANCO,yfinance,screener,yfinance,missing,screener,screener,missing,screener,screener,missing,yfinance,screener,yfinance,screener,screener,yfinance,screener,screener,screener,screener,missing,screener,screener,missing,screener,yfinance,screener,screener,screener,screener,screener,screener,missing,screener,screener,yfinance,yfinance,screener,yfinance,screener,screener,missing,screener,screener,screener,screener,missing,missing
USHAMART,yfinance,screener,yfinance,missing,screener,screener,missing,screener,screener,missing,yfinance,screener,yfinance,screener,screener,yfinance,screener,screener,screener,screener,yfinance,screener,screener,missing,screener,yfinance,screener,screener,screener,screener,screener,screener,missing,screener,screener,yfinance,yfinance,screener,yfinance,screener,screener,missing,screener,screener,screener,screener,missing,missing
UTIAMC,yfinance,screener,yfinance,missing,screener,screener,missing,screener,screener,missing,yfinance,screener,yfinance,screener,screener,yfinance,screener,screener,screener,screener,yfinance,screener,screener,missing,screener,yfinance,screener,screener,screener,screener,missing,screener,missing,screener,screener,yfinance,yfinance,screener,yfinance,screener,screener,missing,screener,screener,screener,missing,missing,missing
VBL,yfinance,screener,yfinance,missing,screener,screener,missing,screener,screener,missing,yfinance,screener,yfinance,screener,screener,yfinance,screener,screener,screener,screener,yfinance,screener,screener,missing,screener,yfinance,screener,screener,screener,screener,screener,screener,missing,screener,screener,yfinance,yfinance,screener,yfinance,screener,screener,missing,screener,screener,screener,screener,missing,missing
VEDL,yfinance,screener,yfinance,missing,screener,screener,missing,screener,screener,missing,yfinance,screener,yfinance,screener,screener,yfinance,screener,screener,screener,screener,yfinance,screener,screener,missing,screener,yfinance,screener,screener,screener,screener,screener,screener,missing,screener,screener,yfinance,yfinance,screener,yfinance,screener,screener,missing,screener,screener,screener,screener,missing,missing
VIJAYA,yfinance,screener,yfinance,missing,screener,screener,missing,screener,screener,missing,yfinance,screener,yfinance,screener,screener,yfinance,screener,screener,screener,screener,yfinance,screener,screener,missing,screener,yfinance,screener,screener,screener,screener,screener,screener,missing,screener,screener,yfinance,yfinance,screener,yfinance,screener,screener,missing,screener,screener,screener,screener,missing,missing
VMM,yfinance,screener,yfinance,missing,screener,screener,missing,screener,screener,missing,yfinance,screener,yfinance,screener,screener,yfinance,screener,screener,screener,screener,yfinance,screener,screener,missing,screener,yfinance,screener,screener,screener,screener,screener,screener,missing,screener,screener,yfinance,yfinance,screener,yfinance,screener,screener,missing,screener,screener,screener,screener,missing,missing
VOLTAS,yfinance,screener,yfinance,missing,screener,screener,missing,screener,screener,missing,yfinance,screener,yfinance,screener,screener,yfinance,screener,screener,screener,screener,yfinance,screener,screener,missing,screener,yfinance,screener,screener,screener,screener,screener,screener,missing,screener,screener,yfinance,yfinance,screener,yfinance,screener,screener,missing,screener,screener,screener,screener,missing,missing
VTL,yfinance,screener,yfinance,missing,screener,screener,missing,screener,screener,missing,yfinance,screener,yfinance,screener,screener,yfinance,screener,screener,screener,screener,yfinance,screener,screener,missing,screener,yfinance,screener,screener,screener,screener,screener,screener,missing,screener,screener,yfinance,yfinance,screener,yfinance,screener,screener,missing,screener,screener,screener,screener,missing,missing
WAAREEENER,yfinance,screener,yfinance,missing,screener,screener,missing,screener,screener,missing,yfinance,screener,yfinance,screener,screener,yfinance,screener,screener,screener,screener,yfinance,screener,screener,missing,screener,yfinance,screener,screener,screener,screener,screener,screener,missing,screener,screener,yfinance,yfinance,screener,yfinance,screener,screener,missing,screener,screener,screener,screener,missing,missing
WELCORP,yfinance,screener,yfinance,missing,screener,screener,missing,screener,screener,missing,yfinance,screener,yfinance,screener,screener,yfinance,screener,screener,screener,screener,yfinance,screener,screener,missing,screener,yfinance,screener,screener,screener,screener,screener,screener,missing,screener,screener,yfinance,yfinance,screener,yfinance,screener,screener,missing,screener,screener,screener,screener,missing,missing
WELSPUNLIV,yfinance,screener,yfinance,missing,screener,screener,missing,screener,screener,missing,yfinance,screener,yfinance,screener,screener,yfinance,screener,screener,screener,screener,yfinance,screener,screener,missing,screener,yfinance,screener,screener,screener,screener,screener,screener,missing,screener,screener,yfinance,yfinance,screener,yfinance,screener,screener,missing,screener,screener,screener,screener,missing,missing
WHIRLPOOL,yfinance,screener,yfinance,missing,screener,screener,missing,screener,screener,missing,yfinance,screener,yfinance,screener,screener,yfinance,screener,screener,screener,screener,yfinance,screener,screener,missing,screener,yfinance,screener,screener,screener,screener,screener,screener,missing,screener,screener,yfinance,yfinance,screener,yfinance,screener,screener,missing,screener,screener,screener,screener,missing,missing
WIPRO,yfinance,screener,yfinance,missing,screener,screener,missing,screener,screener,missing,yfinance,screener,yfinance,screener,screener,yfinance,screener,screener,screener,screener,yfinance,screener,screener,missing,screener,yfinance,screener,screener,screener,screener,screener,screener,missing,screener,screener,yfinance,yfinance,screener,yfinance,screener,screener,missing,screener,screener,screener,screener,missing,missing
WOCKPHARMA,missing,screener,yfinance,missing,screener,screener,missing,screener,screener,missing,yfinance,screener,yfinance,screener,screener,missing,screener,screener,screener,screener,missing,screener,screener,missing,screener,yfinance,screener,screener,screener,screener,screener,screener,missing,screener,screener,yfinance,yfinance,screener,missing,screener,screener,missing,screener,screener,screener,screener,missing,missing
YESBANK,yfinance,screener,yfinance,missing,screener,missing,missing,screener,screener,missing,yfinance,screener,missing,screener,screener,yfinance,screener,screener,missing,screener,yfinance,screener,screener,missing,screener,yfinance,screener,screener,screener,screener,missing,screener,missing,missing,screener,yfinance,yfinance,screener,yfinance,screener,screener,missing,screener,screener,screener,missing,missing,missing
ZEEL,yfinance,screener,yfinance,missing,screener,screener,missing,screener,screener,missing,yfinance,screener,missing,screener,screener,yfinance,screener,screener,screener,screener,yfinance,screener,screener,missing,screener,yfinance,screener,screener,screener,screener,screener,screener,missing,screener,screener,yfinance,yfinance,screener,yfinance,screener,screener,missing,screener,screener,screener,screener,missing,missing
ZENSARTECH,yfinance,screener,yfinance,missing,screener,screener,missing,screener,screener,missing,yfinance,screener,yfinance,screener,screener,yfinance,screener,screener,screener,screener,yfinance,screener,screener,missing,screener,yfinance,screener,screener,screener,screener,screener,screener,missing,screener,screener,yfinance,yfinance,screener,yfinance,screener,screener,missing,screener,screener,screener,screener,missing,missing
ZENTEC,yfinance,screener,yfinance,missing,screener,screener,missing,screener,screener,missing,yfinance,screener,yfinance,screener,screener,yfinance,screener,screener,screener,screener,yfinance,screener,screener,missing,screener,yfinance,screener,screener,screener,screener,screener,screener,missing,screener,screener,yfinance,yfinance,screener,yfinance,screener,screener,missing,screener,screener,screener,screener,missing,missing
ZFCVINDIA,yfinance,screener,yfinance,missing,screener,screener,missing,screener,screener,missing,yfinance,screener,missing,screener,screener,yfinance,screener,screener,screener,screener,yfinance,screener,screener,missing,screener,yfinance,screener,screener,screener,screener,screener,screener,missing,screener,screener,yfinance,yfinance,screener,yfinance,screener,screener,missing,screener,screener,screener,screener,missing,missing
ZYDUSLIFE,yfinance,screener,yfinance,missing,screener,screener,missing,screener,screener,missing,yfinance,screener,yfinance,screener,screener,yfinance,screener,screener,screener,screener,yfinance,screener,screener,missing,screener,yfinance,screener,screener,screener,screener,screener,screener,missing,screener,screener,yfinance,yfinance,screener,yfinance,screener,screener,missing,screener,screener,screener,screener,missing,missing
ZYDUSWELL,yfinance,screener,yfinance,missing,screener,screener,missing,screener,screener,missing,yfinance,screener,yfinance,screener,screener,yfinance,screener,screener,screener,screener,yfinance,screener,screener,missing,screener,yfinance,screener,screener,screener,screener,screener,screener,missing,screener,screener,yfinance,yfinance,screener,yfinance,screener,screener,missing,screener,screener,screener,screener,missing,missing
